-- phpMyAdmin SQL Dump
-- version 4.9.7
-- https://www.phpmyadmin.net/
--
-- Host: localhost:3306
-- Generation Time: Feb 21, 2023 at 09:30 AM
-- Server version: 5.7.23-23
-- PHP Version: 7.4.33

SET SQL_MODE = "NO_AUTO_VALUE_ON_ZERO";
SET AUTOCOMMIT = 0;
START TRANSACTION;
SET time_zone = "+00:00";


/*!40101 SET @OLD_CHARACTER_SET_CLIENT=@@CHARACTER_SET_CLIENT */;
/*!40101 SET @OLD_CHARACTER_SET_RESULTS=@@CHARACTER_SET_RESULTS */;
/*!40101 SET @OLD_COLLATION_CONNECTION=@@COLLATION_CONNECTION */;
/*!40101 SET NAMES utf8mb4 */;

--
-- Database: `demo49zl_laravel_pioneersoftwareanalysis`
--

-- --------------------------------------------------------

--
-- Table structure for table `up_analyses`
--

CREATE TABLE `up_analyses` (
  `id` int(10) UNSIGNED NOT NULL,
  `analysis_season_id` int(11) DEFAULT NULL COMMENT 'Id from analysis_seasons table',
  `distribution_area_id` int(11) DEFAULT NULL COMMENT 'Id from distribution_areas table',
  `distributor_id` int(11) DEFAULT NULL COMMENT 'Id from users table',
  `store_id` int(11) DEFAULT NULL COMMENT 'Id from stores table',
  `beat_id` int(11) DEFAULT NULL COMMENT 'beat_id foreign key from stores table',
  `analysis_date` timestamp NULL DEFAULT NULL,
  `status` enum('0','1','2') COLLATE utf8mb4_unicode_ci NOT NULL DEFAULT '1' COMMENT '0=>Inactive, 1=>Active, 2=>Blocked',
  `created_at` timestamp NOT NULL DEFAULT CURRENT_TIMESTAMP,
  `updated_at` timestamp NULL DEFAULT NULL ON UPDATE CURRENT_TIMESTAMP,
  `deleted_at` timestamp NULL DEFAULT NULL
) ENGINE=InnoDB DEFAULT CHARSET=utf8mb4 COLLATE=utf8mb4_unicode_ci;

--
-- Dumping data for table `up_analyses`
--

INSERT INTO `up_analyses` (`id`, `analysis_season_id`, `distribution_area_id`, `distributor_id`, `store_id`, `beat_id`, `analysis_date`, `status`, `created_at`, `updated_at`, `deleted_at`) VALUES
(1, 1, 7, 15, 33, 27, '2022-10-13 00:00:00', '1', '2022-10-12 06:03:08', '2022-10-12 06:03:08', NULL),
(2, 1, 1, 13, 34, 18, '2022-10-13 00:00:00', '1', '2022-10-12 10:25:30', '2022-10-12 10:25:47', NULL),
(3, 1, 6, 8, 19, 12, '2022-10-12 00:00:00', '1', '2022-10-12 11:18:28', '2022-10-12 11:19:36', NULL),
(4, 1, 1, 13, 35, 24, '2022-10-13 00:00:00', '1', '2022-10-12 12:33:33', '2022-10-12 12:33:33', NULL),
(5, 1, 1, 13, 24, 3, '2022-10-13 00:00:00', '1', '2022-10-13 06:44:39', '2022-10-13 11:37:34', NULL),
(6, 1, 1, 13, 43, 8, '2022-10-13 00:00:00', '1', '2022-10-13 12:19:34', '2022-10-13 12:19:39', NULL),
(7, 1, 1, 13, 6, 6, '2022-10-14 00:00:00', '1', '2022-10-14 07:06:20', '2022-10-14 07:07:19', NULL),
(8, 1, 1, 13, 48, 39, '2022-10-14 00:00:00', '1', '2022-10-14 07:55:32', '2022-10-14 07:55:36', NULL),
(9, 1, 1, 13, 22, 3, '2022-10-14 00:00:00', '1', '2022-10-14 09:17:32', '2022-10-14 09:17:38', NULL),
(10, 1, 1, 13, 69, 2, '2022-12-24 00:00:00', '1', '2022-10-14 09:26:57', '2022-12-24 12:32:42', NULL),
(11, 1, 1, 13, 14, 3, '2022-10-14 00:00:00', '1', '2022-10-14 09:47:46', '2022-11-26 06:39:47', NULL),
(12, 1, 1, 13, 72, 42, '2022-12-24 00:00:00', '1', '2022-10-14 10:56:50', '2022-12-24 11:59:58', NULL),
(13, 1, 1, 13, 60, 18, '2022-10-14 00:00:00', '1', '2022-10-14 11:25:44', '2022-10-14 11:25:49', NULL),
(14, 1, 1, 13, 5, 6, '2022-10-14 00:00:00', '1', '2022-10-14 11:50:02', '2022-10-14 11:50:12', NULL),
(15, 2, 1, 13, 61, 39, '2022-10-14 00:00:00', '1', '2022-10-14 11:59:24', '2022-10-14 11:59:34', NULL),
(16, 1, 1, 13, 49, 18, '2022-10-14 00:00:00', '1', '2022-10-14 12:19:08', '2022-10-14 12:19:13', NULL),
(17, 2, 1, 13, 23, 3, '2022-10-14 00:00:00', '1', '2022-10-14 12:22:00', '2022-10-14 12:22:00', NULL),
(18, 1, 1, 13, 7, 6, '2022-10-14 00:00:00', '1', '2022-10-14 12:40:04', '2022-10-14 12:40:11', NULL),
(19, 1, 1, 13, 23, 3, '2022-10-15 00:00:00', '1', '2022-10-15 05:19:49', '2022-10-15 06:10:20', NULL),
(20, 1, 11, 11, 44, 23, '2022-10-15 00:00:00', '1', '2022-10-15 06:12:54', '2022-10-15 06:43:33', NULL),
(21, 1, 1, 13, 62, 39, '2022-10-15 00:00:00', '1', '2022-10-15 06:32:03', '2022-10-15 06:41:30', NULL),
(22, 1, 11, 11, 40, 29, '2022-12-01 00:00:00', '1', '2022-10-15 06:46:41', '2022-12-01 12:23:18', NULL),
(23, 1, 1, 13, 63, 2, '2022-10-15 00:00:00', '1', '2022-10-15 06:56:58', '2022-10-15 06:57:21', NULL),
(24, 1, 1, 13, 8, 6, '2022-10-15 00:00:00', '1', '2022-10-15 07:15:02', '2022-10-15 07:15:19', NULL),
(25, 1, 1, 13, 1, 6, '2022-10-15 00:00:00', '1', '2022-10-15 07:16:45', '2022-12-01 09:57:29', NULL),
(26, 1, 1, 13, 64, 39, '2022-10-15 00:00:00', '1', '2022-10-15 07:30:13', '2022-10-15 07:38:05', NULL),
(27, 1, 11, 11, 84, 23, '2022-11-24 00:00:00', '1', '2022-11-24 10:27:09', '2022-11-26 06:23:51', NULL),
(28, 1, 11, 11, 100, 49, '2022-11-26 00:00:00', '1', '2022-11-26 05:41:08', '2022-11-26 05:41:08', NULL),
(29, 1, 11, 11, 76, 23, '2022-11-26 00:00:00', '1', '2022-11-26 06:09:42', '2022-11-26 06:14:57', NULL),
(30, 1, 11, 11, 77, 37, '2022-11-26 00:00:00', '1', '2022-11-26 06:21:23', '2022-11-26 06:22:14', NULL),
(31, 1, 1, 13, 20, 3, '2022-11-26 00:00:00', '1', '2022-11-26 06:37:04', '2022-11-26 06:37:04', NULL),
(32, 1, 1, 13, 66, 8, '2022-11-26 00:00:00', '1', '2022-11-26 06:47:00', '2022-11-26 06:47:00', NULL),
(33, 1, 11, 11, 88, 23, '2022-11-28 00:00:00', '1', '2022-11-28 07:20:11', '2022-12-03 11:39:00', NULL),
(34, 1, 11, 11, 91, 23, '2022-11-28 00:00:00', '1', '2022-11-28 09:04:24', '2022-12-03 11:28:15', NULL),
(35, 1, 1, 13, 2, 6, '2022-12-01 00:00:00', '1', '2022-12-01 10:15:59', '2022-12-01 10:18:57', NULL),
(36, 1, 11, 11, 36, 29, '2022-12-01 00:00:00', '1', '2022-12-01 10:29:31', '2022-12-01 10:36:25', NULL),
(37, 1, 11, 11, 37, 29, '2022-12-01 00:00:00', '1', '2022-12-01 10:37:12', '2022-12-01 10:42:55', NULL),
(38, 1, 11, 11, 38, 29, '2022-12-01 00:00:00', '1', '2022-12-01 11:59:27', '2022-12-01 12:04:44', NULL),
(39, 1, 11, 11, 39, 29, '2022-12-01 00:00:00', '1', '2022-12-01 12:05:36', '2022-12-01 12:09:36', NULL),
(40, 1, 11, 11, 41, 29, '2022-12-01 00:00:00', '1', '2022-12-01 12:24:06', '2022-12-01 12:33:57', NULL),
(41, 1, 11, 11, 42, 29, '2022-12-01 00:00:00', '1', '2022-12-01 12:36:41', '2022-12-01 12:42:19', NULL),
(42, 1, 11, 11, 54, 31, '2022-12-01 00:00:00', '1', '2022-12-01 12:47:30', '2022-12-01 13:01:35', NULL),
(43, 1, 11, 11, 117, 29, '2022-12-03 00:00:00', '1', '2022-12-03 05:58:09', '2022-12-03 06:03:51', NULL),
(44, 1, 11, 11, 112, 23, '2022-12-03 00:00:00', '1', '2022-12-03 06:04:55', '2022-12-03 06:16:50', NULL),
(45, 1, 11, 11, 111, 23, '2022-12-03 00:00:00', '1', '2022-12-03 06:22:27', '2022-12-03 06:22:36', NULL),
(46, 1, 11, 11, 110, 23, '2022-12-03 00:00:00', '1', '2022-12-03 06:29:38', '2022-12-03 06:29:49', NULL),
(47, 1, 11, 11, 109, 23, '2022-12-03 00:00:00', '1', '2022-12-03 06:40:42', '2022-12-03 06:40:42', NULL),
(48, 1, 11, 11, 99, 31, '2022-12-03 00:00:00', '1', '2022-12-03 06:58:17', '2022-12-03 06:59:11', NULL),
(49, 1, 11, 11, 98, 31, '2022-12-03 00:00:00', '1', '2022-12-03 07:09:20', '2022-12-03 07:12:03', NULL),
(50, 1, 11, 11, 97, 49, '2022-12-03 00:00:00', '1', '2022-12-03 07:13:01', '2022-12-03 07:19:18', NULL),
(51, 1, 11, 11, 96, 49, '2022-12-03 00:00:00', '1', '2022-12-03 07:20:41', '2022-12-03 07:26:17', NULL),
(52, 1, 11, 11, 95, 23, '2022-12-03 00:00:00', '1', '2022-12-03 07:27:57', '2022-12-03 07:33:52', NULL),
(53, 1, 11, 11, 94, 46, '2022-12-03 00:00:00', '1', '2022-12-03 07:40:46', '2022-12-03 07:50:34', NULL),
(54, 1, 11, 11, 93, 23, '2022-12-03 00:00:00', '1', '2022-12-03 07:51:37', '2022-12-03 07:56:07', NULL),
(55, 1, 11, 11, 92, 45, '2022-12-03 00:00:00', '1', '2022-12-03 11:23:58', '2022-12-03 11:27:51', NULL),
(56, 1, 11, 11, 90, 23, '2022-12-03 00:00:00', '1', '2022-12-03 11:33:29', '2022-12-03 11:33:33', NULL),
(57, 1, 11, 11, 89, 23, '2022-12-03 00:00:00', '1', '2022-12-03 11:33:53', '2022-12-03 11:38:27', NULL),
(58, 1, 11, 11, 87, 36, '2022-12-03 00:00:00', '1', '2022-12-03 11:39:30', '2022-12-03 11:44:34', NULL),
(59, 1, 11, 11, 86, 28, '2022-12-03 00:00:00', '1', '2022-12-03 11:46:00', '2022-12-03 11:53:09', NULL),
(60, 1, 11, 11, 85, 28, '2022-12-08 00:00:00', '1', '2022-12-08 08:12:28', '2022-12-08 08:12:28', NULL),
(61, 1, 11, 11, 83, 23, '2022-12-08 00:00:00', '1', '2022-12-08 08:21:24', '2022-12-08 08:21:24', NULL),
(62, 1, 11, 11, 82, 38, '2022-12-08 00:00:00', '1', '2022-12-08 08:28:12', '2022-12-08 08:28:25', NULL),
(63, 1, 11, 11, 81, 48, '2022-12-08 00:00:00', '1', '2022-12-08 08:29:11', '2022-12-08 08:29:11', NULL),
(64, 1, 11, 11, 80, 47, '2022-12-08 00:00:00', '1', '2022-12-08 08:41:19', '2022-12-08 08:41:19', NULL),
(65, 1, 11, 11, 79, 44, '2022-12-08 00:00:00', '1', '2022-12-08 08:47:08', '2022-12-08 08:47:08', NULL),
(66, 1, 11, 11, 78, 34, '2022-12-08 00:00:00', '1', '2022-12-08 08:54:31', '2022-12-08 08:54:31', NULL),
(67, 1, 11, 11, 45, 32, '2022-12-08 00:00:00', '1', '2022-12-08 09:01:47', '2022-12-08 09:02:28', NULL),
(68, 1, 11, 11, 75, 28, '2022-12-08 00:00:00', '1', '2022-12-08 09:49:58', '2022-12-08 09:49:58', NULL),
(69, 1, 11, 11, 74, 43, '2022-12-08 00:00:00', '1', '2022-12-08 10:02:25', '2022-12-08 10:02:30', NULL),
(70, 1, 11, 11, 70, 30, '2022-12-08 00:00:00', '1', '2022-12-08 10:06:36', '2022-12-08 10:34:29', NULL),
(71, 1, 11, 11, 59, 35, '2022-12-08 00:00:00', '1', '2022-12-08 10:36:49', '2022-12-08 10:48:04', NULL),
(72, 1, 1, 13, 73, 3, '2022-12-24 00:00:00', '1', '2022-12-24 11:26:45', '2022-12-24 11:40:40', NULL),
(73, 1, 1, 13, 71, 42, '2022-12-24 00:00:00', '1', '2022-12-24 12:00:23', '2022-12-24 12:25:39', NULL),
(74, 1, 1, 13, 68, 39, '2022-12-24 00:00:00', '1', '2022-12-24 12:46:27', '2022-12-24 12:46:27', NULL),
(75, 1, 1, 13, 30, 20, '2023-01-17 00:00:00', '1', '2023-01-17 06:38:42', '2023-01-17 06:38:42', NULL);

-- --------------------------------------------------------

--
-- Table structure for table `up_analyses_details`
--

CREATE TABLE `up_analyses_details` (
  `id` int(10) UNSIGNED NOT NULL,
  `analyses_id` int(11) DEFAULT NULL COMMENT 'Id from analyses table',
  `category_id` int(11) DEFAULT NULL COMMENT 'Id from categories table',
  `product_id` int(11) DEFAULT NULL COMMENT 'Id from products table',
  `target_monthly_sales` varchar(255) COLLATE utf8mb4_unicode_ci DEFAULT NULL,
  `type_of_analysis` text COLLATE utf8mb4_unicode_ci,
  `action` text COLLATE utf8mb4_unicode_ci,
  `created_at` timestamp NOT NULL DEFAULT CURRENT_TIMESTAMP,
  `updated_at` timestamp NULL DEFAULT NULL ON UPDATE CURRENT_TIMESTAMP
) ENGINE=InnoDB DEFAULT CHARSET=utf8mb4 COLLATE=utf8mb4_unicode_ci;

--
-- Dumping data for table `up_analyses_details`
--

INSERT INTO `up_analyses_details` (`id`, `analyses_id`, `category_id`, `product_id`, `target_monthly_sales`, `type_of_analysis`, `action`, `created_at`, `updated_at`) VALUES
(1, 1, 1, 1, '12', NULL, NULL, '2022-10-12 06:03:08', NULL),
(2, 1, 1, 2, '12', NULL, NULL, '2022-10-12 06:03:08', NULL),
(3, 1, 1, 3, '24', NULL, NULL, '2022-10-12 06:03:08', NULL),
(4, 1, 2, 4, '12', NULL, NULL, '2022-10-12 06:03:08', NULL),
(5, 1, 2, 5, '24', NULL, NULL, '2022-10-12 06:03:08', NULL),
(6, 1, 3, 6, '12', NULL, NULL, '2022-10-12 06:03:08', NULL),
(7, 1, 3, 7, '12', NULL, NULL, '2022-10-12 06:03:08', NULL),
(8, 2, 1, 1, '1', NULL, NULL, '2022-10-12 10:25:30', '2022-10-12 10:25:47'),
(9, 2, 1, 2, '4', NULL, NULL, '2022-10-12 10:25:30', '2022-10-12 10:25:47'),
(10, 2, 1, 3, '1', NULL, NULL, '2022-10-12 10:25:30', '2022-10-12 10:25:47'),
(11, 2, 2, 4, '2', NULL, NULL, '2022-10-12 10:25:30', '2022-10-12 10:25:47'),
(12, 2, 2, 5, '1', NULL, NULL, '2022-10-12 10:25:30', '2022-10-12 10:25:47'),
(13, 2, 3, 6, '1', NULL, NULL, '2022-10-12 10:25:30', '2022-10-12 10:25:47'),
(14, 2, 3, 7, '1', NULL, NULL, '2022-10-12 10:25:30', '2022-10-12 10:25:47'),
(15, 2, 3, 8, '1', NULL, NULL, '2022-10-12 10:25:30', '2022-10-12 10:25:47'),
(16, 2, 3, 9, '1', NULL, NULL, '2022-10-12 10:25:30', '2022-10-12 10:25:47'),
(17, 2, 3, 10, '2', NULL, NULL, '2022-10-12 10:25:30', '2022-10-12 10:25:47'),
(18, 2, 3, 11, '1', NULL, NULL, '2022-10-12 10:25:30', '2022-10-12 10:25:47'),
(19, 2, 3, 12, '1', NULL, NULL, '2022-10-12 10:25:30', '2022-10-12 10:25:47'),
(20, 2, 3, 13, '1', NULL, NULL, '2022-10-12 10:25:30', '2022-10-12 10:25:47'),
(21, 2, 3, 14, '1', NULL, NULL, '2022-10-12 10:25:30', '2022-10-12 10:25:47'),
(22, 2, 4, 15, '6', NULL, NULL, '2022-10-12 10:25:30', '2022-10-12 10:25:47'),
(23, 2, 4, 16, '56', NULL, NULL, '2022-10-12 10:25:30', '2022-10-12 10:25:47'),
(24, 2, 5, 17, '1', NULL, NULL, '2022-10-12 10:25:30', '2022-10-12 10:25:47'),
(25, 2, 5, 18, '1', NULL, NULL, '2022-10-12 10:25:30', '2022-10-12 10:25:47'),
(26, 2, 5, 19, '1', NULL, NULL, '2022-10-12 10:25:30', '2022-10-12 10:25:47'),
(27, 2, 5, 20, '1', NULL, NULL, '2022-10-12 10:25:30', '2022-10-12 10:25:47'),
(28, 2, 5, 21, '1', NULL, NULL, '2022-10-12 10:25:30', '2022-10-12 10:25:47'),
(29, 2, 5, 22, '1', NULL, NULL, '2022-10-12 10:25:30', '2022-10-12 10:25:47'),
(30, 2, 5, 23, '1', NULL, NULL, '2022-10-12 10:25:30', '2022-10-12 10:25:47'),
(31, 2, 6, 24, '1', NULL, NULL, '2022-10-12 10:25:30', '2022-10-12 10:25:47'),
(32, 2, 6, 25, '1', NULL, NULL, '2022-10-12 10:25:30', '2022-10-12 10:25:47'),
(33, 2, 7, 26, '1', NULL, NULL, '2022-10-12 10:25:30', '2022-10-12 10:25:47'),
(34, 2, 7, 27, '20', NULL, NULL, '2022-10-12 10:25:30', '2022-10-12 10:25:47'),
(35, 2, 7, 28, '1', NULL, NULL, '2022-10-12 10:25:30', '2022-10-12 10:25:47'),
(36, 2, 7, 29, '20', NULL, NULL, '2022-10-12 10:25:30', '2022-10-12 10:25:47'),
(37, 2, 7, 30, '1', NULL, NULL, '2022-10-12 10:25:30', '2022-10-12 10:25:47'),
(38, 2, 7, 31, '1', NULL, NULL, '2022-10-12 10:25:30', '2022-10-12 10:25:47'),
(39, 2, 7, 32, '1', NULL, NULL, '2022-10-12 10:25:30', '2022-10-12 10:25:47'),
(40, 2, 7, 33, '1', NULL, NULL, '2022-10-12 10:25:30', '2022-10-12 10:25:47'),
(41, 2, 7, 34, '1', NULL, NULL, '2022-10-12 10:25:30', '2022-10-12 10:25:47'),
(42, 2, 7, 35, '1', NULL, NULL, '2022-10-12 10:25:30', '2022-10-12 10:25:47'),
(43, 2, 7, 36, '12', NULL, NULL, '2022-10-12 10:25:30', '2022-10-12 10:25:47'),
(44, 2, 7, 37, '1', NULL, NULL, '2022-10-12 10:25:30', '2022-10-12 10:25:47'),
(45, 2, 8, 38, '1', NULL, NULL, '2022-10-12 10:25:30', '2022-10-12 10:25:47'),
(46, 2, 8, 39, '1', NULL, NULL, '2022-10-12 10:25:30', '2022-10-12 10:25:47'),
(47, 2, 8, 40, '1', NULL, NULL, '2022-10-12 10:25:30', '2022-10-12 10:25:47'),
(48, 2, 8, 41, '1', NULL, NULL, '2022-10-12 10:25:30', '2022-10-12 10:25:47'),
(49, 2, 8, 42, '1', NULL, NULL, '2022-10-12 10:25:30', '2022-10-12 10:25:47'),
(50, 2, 9, 43, '1', NULL, NULL, '2022-10-12 10:25:30', '2022-10-12 10:25:47'),
(51, 2, 9, 44, '1', NULL, NULL, '2022-10-12 10:25:30', '2022-10-12 10:25:47'),
(52, 2, 9, 45, '1', NULL, NULL, '2022-10-12 10:25:30', '2022-10-12 10:25:47'),
(53, 2, 9, 46, '1', NULL, NULL, '2022-10-12 10:25:30', '2022-10-12 10:25:47'),
(54, 2, 9, 47, '1', NULL, NULL, '2022-10-12 10:25:30', '2022-10-12 10:25:47'),
(55, 2, 10, 48, '1', NULL, NULL, '2022-10-12 10:25:30', '2022-10-12 10:25:47'),
(56, 2, 10, 49, '1', NULL, NULL, '2022-10-12 10:25:30', '2022-10-12 10:25:47'),
(57, 2, 11, 50, '1', NULL, NULL, '2022-10-12 10:25:30', '2022-10-12 10:25:47'),
(58, 2, 11, 51, '2', NULL, NULL, '2022-10-12 10:25:30', '2022-10-12 10:25:47'),
(59, 2, 11, 52, '1', NULL, NULL, '2022-10-12 10:25:30', '2022-10-12 10:25:47'),
(60, 2, 11, 53, '1', NULL, NULL, '2022-10-12 10:25:30', '2022-10-12 10:25:47'),
(61, 2, 11, 54, '1', NULL, NULL, '2022-10-12 10:25:30', '2022-10-12 10:25:47'),
(62, 2, 11, 55, '1', NULL, NULL, '2022-10-12 10:25:30', '2022-10-12 10:25:47'),
(63, 2, 12, 56, '4', NULL, NULL, '2022-10-12 10:25:30', '2022-10-12 10:25:47'),
(64, 2, 12, 57, '1', NULL, NULL, '2022-10-12 10:25:30', '2022-10-12 10:25:47'),
(65, 2, 12, 58, '6', NULL, NULL, '2022-10-12 10:25:30', '2022-10-12 10:25:47'),
(66, 2, 12, 59, '4', NULL, NULL, '2022-10-12 10:25:30', '2022-10-12 10:25:47'),
(67, 2, 12, 60, '1', NULL, NULL, '2022-10-12 10:25:30', '2022-10-12 10:25:47'),
(68, 2, 12, 61, '6', NULL, NULL, '2022-10-12 10:25:30', '2022-10-12 10:25:47'),
(69, 2, 13, 62, '1', NULL, NULL, '2022-10-12 10:25:30', '2022-10-12 10:25:47'),
(70, 2, 13, 63, '1', NULL, NULL, '2022-10-12 10:25:30', '2022-10-12 10:25:47'),
(71, 2, 13, 64, '1', NULL, NULL, '2022-10-12 10:25:30', '2022-10-12 10:25:47'),
(72, 2, 13, 65, '1', NULL, NULL, '2022-10-12 10:25:30', '2022-10-12 10:25:47'),
(73, 2, 13, 66, '7', NULL, NULL, '2022-10-12 10:25:30', '2022-10-12 10:25:47'),
(74, 2, 14, 67, '1', NULL, NULL, '2022-10-12 10:25:30', '2022-10-12 10:25:47'),
(75, 2, 14, 68, '1', NULL, NULL, '2022-10-12 10:25:30', '2022-10-12 10:25:47'),
(76, 2, 14, 69, '1', NULL, NULL, '2022-10-12 10:25:30', '2022-10-12 10:25:47'),
(77, 2, 14, 70, '100', NULL, NULL, '2022-10-12 10:25:30', '2022-10-12 10:25:47'),
(78, 2, 15, 71, '3', NULL, NULL, '2022-10-12 10:25:30', '2022-10-12 10:25:47'),
(79, 2, 15, 72, '12', NULL, NULL, '2022-10-12 10:25:30', '2022-10-12 10:25:47'),
(80, 2, 16, 73, '58', NULL, NULL, '2022-10-12 10:25:30', '2022-10-12 10:25:47'),
(81, 2, 16, 74, '1', NULL, NULL, '2022-10-12 10:25:30', '2022-10-12 10:25:47'),
(82, 2, 16, 75, '1', NULL, NULL, '2022-10-12 10:25:30', '2022-10-12 10:25:47'),
(83, 2, 16, 76, '1', NULL, NULL, '2022-10-12 10:25:30', '2022-10-12 10:25:47'),
(84, 2, 17, 77, '3', NULL, NULL, '2022-10-12 10:25:30', '2022-10-12 10:25:47'),
(85, 2, 17, 78, '2', NULL, NULL, '2022-10-12 10:25:30', '2022-10-12 10:25:47'),
(86, 2, 17, 79, '2', NULL, NULL, '2022-10-12 10:25:30', '2022-10-12 10:25:47'),
(87, 3, 1, 2, '1000', 'Test 1', 'Test 2', '2022-10-12 11:18:28', '2022-10-12 11:19:36'),
(88, 3, 1, 3, '2000', 'Test 3', 'Test 4', '2022-10-12 11:19:29', NULL),
(89, 4, 1, 1, '1', NULL, NULL, '2022-10-12 12:33:33', NULL),
(90, 4, 1, 2, '6', NULL, NULL, '2022-10-12 12:33:33', NULL),
(91, 4, 1, 3, '1', NULL, NULL, '2022-10-12 12:33:33', NULL),
(92, 4, 2, 4, '4', NULL, NULL, '2022-10-12 12:33:33', NULL),
(93, 4, 2, 5, '1', NULL, NULL, '2022-10-12 12:33:33', NULL),
(94, 4, 3, 6, '1', NULL, NULL, '2022-10-12 12:33:33', NULL),
(95, 4, 3, 7, '1', NULL, NULL, '2022-10-12 12:33:33', NULL),
(96, 4, 3, 8, '1', NULL, NULL, '2022-10-12 12:33:33', NULL),
(97, 4, 3, 9, '1', NULL, NULL, '2022-10-12 12:33:33', NULL),
(98, 4, 3, 10, '1', NULL, NULL, '2022-10-12 12:33:33', NULL),
(99, 4, 3, 11, '1', NULL, NULL, '2022-10-12 12:33:33', NULL),
(100, 4, 3, 12, '4', NULL, NULL, '2022-10-12 12:33:33', NULL),
(101, 4, 3, 13, '1', NULL, NULL, '2022-10-12 12:33:33', NULL),
(102, 4, 3, 14, '2', NULL, NULL, '2022-10-12 12:33:33', NULL),
(103, 4, 4, 15, '1', NULL, NULL, '2022-10-12 12:33:33', NULL),
(104, 4, 4, 16, '1', NULL, NULL, '2022-10-12 12:33:33', NULL),
(105, 4, 5, 17, '1', NULL, NULL, '2022-10-12 12:33:33', NULL),
(106, 4, 5, 18, '1', NULL, NULL, '2022-10-12 12:33:33', NULL),
(107, 4, 5, 19, '1', NULL, NULL, '2022-10-12 12:33:33', NULL),
(108, 4, 5, 20, '1', NULL, NULL, '2022-10-12 12:33:33', NULL),
(109, 4, 5, 21, '1', NULL, NULL, '2022-10-12 12:33:33', NULL),
(110, 4, 5, 22, '1', NULL, NULL, '2022-10-12 12:33:33', NULL),
(111, 4, 5, 23, '1', NULL, NULL, '2022-10-12 12:33:33', NULL),
(112, 4, 6, 24, '2', NULL, NULL, '2022-10-12 12:33:33', NULL),
(113, 4, 6, 25, '1', NULL, NULL, '2022-10-12 12:33:33', NULL),
(114, 4, 7, 26, '1', NULL, NULL, '2022-10-12 12:33:33', NULL),
(115, 4, 7, 27, '1', NULL, NULL, '2022-10-12 12:33:33', NULL),
(116, 4, 7, 28, '1', NULL, NULL, '2022-10-12 12:33:33', NULL),
(117, 4, 7, 29, '8', NULL, NULL, '2022-10-12 12:33:33', NULL),
(118, 4, 7, 30, '1', NULL, NULL, '2022-10-12 12:33:33', NULL),
(119, 4, 7, 31, '1', NULL, NULL, '2022-10-12 12:33:33', NULL),
(120, 4, 7, 32, '1', NULL, NULL, '2022-10-12 12:33:33', NULL),
(121, 4, 7, 33, '4', NULL, NULL, '2022-10-12 12:33:33', NULL),
(122, 4, 7, 34, '6', NULL, NULL, '2022-10-12 12:33:33', NULL),
(123, 4, 7, 35, '6', NULL, NULL, '2022-10-12 12:33:33', NULL),
(124, 4, 7, 36, '12', NULL, NULL, '2022-10-12 12:33:33', NULL),
(125, 4, 7, 37, '6', NULL, NULL, '2022-10-12 12:33:33', NULL),
(126, 4, 8, 38, '1', NULL, NULL, '2022-10-12 12:33:33', NULL),
(127, 4, 8, 39, '1', NULL, NULL, '2022-10-12 12:33:33', NULL),
(128, 4, 8, 40, '1', NULL, NULL, '2022-10-12 12:33:33', NULL),
(129, 4, 8, 41, '1', NULL, NULL, '2022-10-12 12:33:33', NULL),
(130, 4, 8, 42, '1', NULL, NULL, '2022-10-12 12:33:33', NULL),
(131, 4, 9, 43, '2', NULL, NULL, '2022-10-12 12:33:33', NULL),
(132, 4, 9, 44, '1', NULL, NULL, '2022-10-12 12:33:33', NULL),
(133, 4, 9, 45, '1', NULL, NULL, '2022-10-12 12:33:33', NULL),
(134, 4, 9, 46, '1', NULL, NULL, '2022-10-12 12:33:33', NULL),
(135, 4, 9, 47, '4', NULL, NULL, '2022-10-12 12:33:33', NULL),
(136, 4, 10, 48, '1', NULL, NULL, '2022-10-12 12:33:33', NULL),
(137, 4, 10, 49, '1', NULL, NULL, '2022-10-12 12:33:33', NULL),
(138, 4, 11, 50, '1', NULL, NULL, '2022-10-12 12:33:33', NULL),
(139, 4, 11, 51, '1', NULL, NULL, '2022-10-12 12:33:33', NULL),
(140, 4, 11, 52, '1', NULL, NULL, '2022-10-12 12:33:33', NULL),
(141, 4, 11, 53, '1', NULL, NULL, '2022-10-12 12:33:33', NULL),
(142, 4, 11, 54, '1', NULL, NULL, '2022-10-12 12:33:33', NULL),
(143, 4, 11, 55, '1', NULL, NULL, '2022-10-12 12:33:33', NULL),
(144, 4, 12, 56, '1', NULL, NULL, '2022-10-12 12:33:33', NULL),
(145, 4, 12, 57, '1', NULL, NULL, '2022-10-12 12:33:33', NULL),
(146, 4, 12, 58, '1', NULL, NULL, '2022-10-12 12:33:33', NULL),
(147, 4, 12, 59, '1', NULL, NULL, '2022-10-12 12:33:33', NULL),
(148, 4, 12, 60, '1', NULL, NULL, '2022-10-12 12:33:33', NULL),
(149, 4, 12, 61, '1', NULL, NULL, '2022-10-12 12:33:33', NULL),
(150, 4, 13, 62, '1', NULL, NULL, '2022-10-12 12:33:33', NULL),
(151, 4, 13, 63, '1', NULL, NULL, '2022-10-12 12:33:33', NULL),
(152, 4, 13, 64, '1', NULL, NULL, '2022-10-12 12:33:33', NULL),
(153, 4, 13, 65, '1', NULL, NULL, '2022-10-12 12:33:33', NULL),
(154, 4, 13, 66, '1', NULL, NULL, '2022-10-12 12:33:33', NULL),
(155, 4, 14, 67, '12', NULL, NULL, '2022-10-12 12:33:33', NULL),
(156, 4, 14, 68, '6', NULL, NULL, '2022-10-12 12:33:33', NULL),
(157, 4, 14, 69, '45', NULL, NULL, '2022-10-12 12:33:33', NULL),
(158, 4, 14, 70, '6', NULL, NULL, '2022-10-12 12:33:33', NULL),
(159, 4, 15, 71, '1', NULL, NULL, '2022-10-12 12:33:33', NULL),
(160, 4, 15, 72, '1', NULL, NULL, '2022-10-12 12:33:33', NULL),
(161, 4, 16, 73, '36', NULL, NULL, '2022-10-12 12:33:33', NULL),
(162, 4, 16, 74, '1', NULL, NULL, '2022-10-12 12:33:33', NULL),
(163, 4, 16, 75, '1', NULL, NULL, '2022-10-12 12:33:33', NULL),
(164, 4, 16, 76, '1', NULL, NULL, '2022-10-12 12:33:33', NULL),
(165, 4, 17, 77, '4', NULL, NULL, '2022-10-12 12:33:33', NULL),
(166, 4, 17, 78, '4', NULL, NULL, '2022-10-12 12:33:33', NULL),
(167, 4, 17, 79, '1', NULL, NULL, '2022-10-12 12:33:33', NULL),
(168, 5, 1, 1, '14', NULL, NULL, '2022-10-13 06:44:39', '2022-10-13 11:37:34'),
(169, 5, 1, 2, '2', NULL, NULL, '2022-10-13 06:44:39', '2022-10-13 11:37:34'),
(170, 5, 1, 3, '2', NULL, NULL, '2022-10-13 06:44:39', '2022-10-13 11:37:34'),
(171, 5, 2, 4, '6', NULL, NULL, '2022-10-13 06:44:39', '2022-10-13 11:37:34'),
(172, 5, 2, 5, '1', NULL, NULL, '2022-10-13 06:44:39', '2022-10-13 11:37:34'),
(173, 5, 3, 6, '1', NULL, NULL, '2022-10-13 06:44:39', '2022-10-13 11:37:34'),
(174, 5, 3, 7, '2', NULL, NULL, '2022-10-13 06:44:39', '2022-10-13 11:37:34'),
(175, 5, 3, 8, '1', NULL, NULL, '2022-10-13 06:44:39', '2022-10-13 11:37:34'),
(176, 5, 3, 9, '1', NULL, NULL, '2022-10-13 06:44:39', '2022-10-13 11:37:34'),
(177, 5, 3, 10, '4', NULL, NULL, '2022-10-13 06:44:39', '2022-10-13 11:37:34'),
(178, 5, 3, 13, '2', NULL, NULL, '2022-10-13 06:44:39', '2022-10-13 11:37:34'),
(179, 5, 3, 14, '4', NULL, NULL, '2022-10-13 06:44:39', '2022-10-13 11:37:34'),
(180, 5, 3, 11, '1', NULL, NULL, '2022-10-13 11:37:26', '2022-10-13 11:37:34'),
(181, 5, 3, 12, '1', NULL, NULL, '2022-10-13 11:37:26', '2022-10-13 11:37:34'),
(182, 5, 4, 15, '1', NULL, NULL, '2022-10-13 11:37:26', '2022-10-13 11:37:34'),
(183, 5, 4, 16, '1', NULL, NULL, '2022-10-13 11:37:26', '2022-10-13 11:37:34'),
(184, 5, 5, 17, '1', NULL, NULL, '2022-10-13 11:37:26', '2022-10-13 11:37:34'),
(185, 5, 5, 18, '1', NULL, NULL, '2022-10-13 11:37:26', '2022-10-13 11:37:34'),
(186, 5, 5, 19, '1', NULL, NULL, '2022-10-13 11:37:26', '2022-10-13 11:37:34'),
(187, 5, 5, 20, '1', NULL, NULL, '2022-10-13 11:37:26', '2022-10-13 11:37:34'),
(188, 5, 5, 21, '1', NULL, NULL, '2022-10-13 11:37:26', '2022-10-13 11:37:34'),
(189, 5, 5, 22, '1', NULL, NULL, '2022-10-13 11:37:26', '2022-10-13 11:37:34'),
(190, 5, 5, 23, '1', NULL, NULL, '2022-10-13 11:37:26', '2022-10-13 11:37:34'),
(191, 5, 6, 24, '1', NULL, NULL, '2022-10-13 11:37:26', '2022-10-13 11:37:34'),
(192, 5, 6, 25, '3', NULL, NULL, '2022-10-13 11:37:26', '2022-10-13 11:37:34'),
(193, 5, 7, 26, '8', NULL, NULL, '2022-10-13 11:37:26', '2022-10-13 11:37:34'),
(194, 5, 7, 27, '1', NULL, NULL, '2022-10-13 11:37:26', '2022-10-13 11:37:34'),
(195, 5, 7, 28, '8', NULL, NULL, '2022-10-13 11:37:26', '2022-10-13 11:37:34'),
(196, 5, 7, 29, '18', NULL, NULL, '2022-10-13 11:37:26', '2022-10-13 11:37:34'),
(197, 5, 7, 30, '1', NULL, NULL, '2022-10-13 11:37:26', '2022-10-13 11:37:34'),
(198, 5, 7, 31, '3', NULL, NULL, '2022-10-13 11:37:26', '2022-10-13 11:37:34'),
(199, 5, 7, 32, '6', NULL, NULL, '2022-10-13 11:37:26', '2022-10-13 11:37:34'),
(200, 5, 7, 33, '40', NULL, NULL, '2022-10-13 11:37:26', '2022-10-13 11:37:34'),
(201, 5, 7, 34, '1', NULL, NULL, '2022-10-13 11:37:26', '2022-10-13 11:37:34'),
(202, 5, 7, 35, '1', NULL, NULL, '2022-10-13 11:37:26', '2022-10-13 11:37:34'),
(203, 5, 7, 36, '20', NULL, NULL, '2022-10-13 11:37:26', '2022-10-13 11:37:34'),
(204, 5, 7, 37, '2', NULL, NULL, '2022-10-13 11:37:26', '2022-10-13 11:37:34'),
(205, 5, 8, 38, '1', NULL, NULL, '2022-10-13 11:37:26', '2022-10-13 11:37:34'),
(206, 5, 8, 39, '1', NULL, NULL, '2022-10-13 11:37:26', '2022-10-13 11:37:34'),
(207, 5, 8, 40, '6', NULL, NULL, '2022-10-13 11:37:26', '2022-10-13 11:37:34'),
(208, 5, 8, 41, '2', NULL, NULL, '2022-10-13 11:37:26', '2022-10-13 11:37:34'),
(209, 5, 8, 42, '1', NULL, NULL, '2022-10-13 11:37:26', '2022-10-13 11:37:34'),
(210, 5, 9, 43, '4', NULL, NULL, '2022-10-13 11:37:26', '2022-10-13 11:37:34'),
(211, 5, 9, 44, '1', NULL, NULL, '2022-10-13 11:37:26', '2022-10-13 11:37:34'),
(212, 5, 9, 45, '1', NULL, NULL, '2022-10-13 11:37:26', '2022-10-13 11:37:34'),
(213, 5, 9, 46, '1', NULL, NULL, '2022-10-13 11:37:26', '2022-10-13 11:37:34'),
(214, 5, 9, 47, '4', NULL, NULL, '2022-10-13 11:37:26', '2022-10-13 11:37:34'),
(215, 5, 10, 48, '1', NULL, NULL, '2022-10-13 11:37:26', '2022-10-13 11:37:34'),
(216, 5, 10, 49, '1', NULL, NULL, '2022-10-13 11:37:26', '2022-10-13 11:37:34'),
(217, 5, 11, 50, '1', NULL, NULL, '2022-10-13 11:37:26', '2022-10-13 11:37:34'),
(218, 5, 11, 51, '1', NULL, NULL, '2022-10-13 11:37:26', '2022-10-13 11:37:34'),
(219, 5, 11, 52, '1', NULL, NULL, '2022-10-13 11:37:26', '2022-10-13 11:37:34'),
(220, 5, 11, 53, '1', NULL, NULL, '2022-10-13 11:37:26', '2022-10-13 11:37:34'),
(221, 5, 11, 54, '1', NULL, NULL, '2022-10-13 11:37:26', '2022-10-13 11:37:34'),
(222, 5, 11, 55, '1', NULL, NULL, '2022-10-13 11:37:26', '2022-10-13 11:37:34'),
(223, 5, 12, 56, '8', NULL, NULL, '2022-10-13 11:37:26', '2022-10-13 11:37:34'),
(224, 5, 12, 57, '1', NULL, NULL, '2022-10-13 11:37:26', '2022-10-13 11:37:34'),
(225, 5, 12, 58, '12', NULL, NULL, '2022-10-13 11:37:26', '2022-10-13 11:37:34'),
(226, 5, 12, 59, '8', NULL, NULL, '2022-10-13 11:37:26', '2022-10-13 11:37:34'),
(227, 5, 12, 60, '1', NULL, NULL, '2022-10-13 11:37:26', '2022-10-13 11:37:34'),
(228, 5, 12, 61, '12', NULL, NULL, '2022-10-13 11:37:26', '2022-10-13 11:37:34'),
(229, 5, 13, 62, '1', NULL, NULL, '2022-10-13 11:37:26', '2022-10-13 11:37:34'),
(230, 5, 13, 63, '1', NULL, NULL, '2022-10-13 11:37:26', '2022-10-13 11:37:34'),
(231, 5, 13, 64, '1', NULL, NULL, '2022-10-13 11:37:26', '2022-10-13 11:37:34'),
(232, 5, 13, 65, '1', NULL, NULL, '2022-10-13 11:37:26', '2022-10-13 11:37:34'),
(233, 5, 13, 66, '1', NULL, NULL, '2022-10-13 11:37:26', '2022-10-13 11:37:34'),
(234, 5, 14, 67, '1', NULL, NULL, '2022-10-13 11:37:26', '2022-10-13 11:37:34'),
(235, 5, 14, 68, '2', NULL, NULL, '2022-10-13 11:37:26', '2022-10-13 11:37:34'),
(236, 5, 14, 69, '12', NULL, NULL, '2022-10-13 11:37:26', '2022-10-13 11:37:34'),
(237, 5, 14, 70, '6', NULL, NULL, '2022-10-13 11:37:26', '2022-10-13 11:37:34'),
(238, 5, 15, 71, '3', NULL, NULL, '2022-10-13 11:37:26', '2022-10-13 11:37:34'),
(239, 5, 15, 72, '78', NULL, NULL, '2022-10-13 11:37:26', '2022-10-13 11:37:34'),
(240, 5, 16, 73, '92', NULL, NULL, '2022-10-13 11:37:26', '2022-10-13 11:37:34'),
(241, 5, 16, 74, '1', NULL, NULL, '2022-10-13 11:37:26', '2022-10-13 11:37:34'),
(242, 5, 16, 75, '12', NULL, NULL, '2022-10-13 11:37:26', '2022-10-13 11:37:34'),
(243, 5, 16, 76, '1', NULL, NULL, '2022-10-13 11:37:26', '2022-10-13 11:37:34'),
(244, 5, 17, 77, '2', NULL, NULL, '2022-10-13 11:37:26', '2022-10-13 11:37:34'),
(245, 5, 17, 78, '2', NULL, NULL, '2022-10-13 11:37:26', '2022-10-13 11:37:34'),
(246, 5, 17, 79, '2', NULL, NULL, '2022-10-13 11:37:26', '2022-10-13 11:37:34'),
(247, 6, 1, 1, '38', NULL, NULL, '2022-10-13 12:19:34', '2022-10-13 12:19:39'),
(248, 6, 1, 2, '10', NULL, NULL, '2022-10-13 12:19:34', '2022-10-13 12:19:39'),
(249, 6, 1, 3, '2', NULL, NULL, '2022-10-13 12:19:34', '2022-10-13 12:19:39'),
(250, 6, 2, 4, '8', NULL, NULL, '2022-10-13 12:19:34', '2022-10-13 12:19:39'),
(251, 6, 2, 5, '22', NULL, NULL, '2022-10-13 12:19:34', '2022-10-13 12:19:39'),
(252, 6, 3, 6, '4', NULL, NULL, '2022-10-13 12:19:34', '2022-10-13 12:19:39'),
(253, 6, 3, 7, '12', NULL, NULL, '2022-10-13 12:19:34', '2022-10-13 12:19:39'),
(254, 6, 3, 8, '1', NULL, NULL, '2022-10-13 12:19:34', '2022-10-13 12:19:39'),
(255, 6, 3, 9, '1', NULL, NULL, '2022-10-13 12:19:34', '2022-10-13 12:19:39'),
(256, 6, 3, 10, '6', NULL, NULL, '2022-10-13 12:19:34', '2022-10-13 12:19:39'),
(257, 6, 3, 11, '3', NULL, NULL, '2022-10-13 12:19:34', '2022-10-13 12:19:39'),
(258, 6, 3, 12, '4', NULL, NULL, '2022-10-13 12:19:34', '2022-10-13 12:19:39'),
(259, 6, 3, 13, '1', NULL, NULL, '2022-10-13 12:19:34', '2022-10-13 12:19:39'),
(260, 6, 3, 14, '6', NULL, NULL, '2022-10-13 12:19:34', '2022-10-13 12:19:39'),
(261, 6, 4, 15, '6', NULL, NULL, '2022-10-13 12:19:34', '2022-10-13 12:19:39'),
(262, 6, 4, 16, '22', NULL, NULL, '2022-10-13 12:19:34', '2022-10-13 12:19:39'),
(263, 6, 5, 17, '1', NULL, NULL, '2022-10-13 12:19:34', '2022-10-13 12:19:39'),
(264, 6, 5, 18, '1', NULL, NULL, '2022-10-13 12:19:34', '2022-10-13 12:19:39'),
(265, 6, 5, 19, '1', NULL, NULL, '2022-10-13 12:19:34', '2022-10-13 12:19:39'),
(266, 6, 5, 20, '1', NULL, NULL, '2022-10-13 12:19:34', '2022-10-13 12:19:39'),
(267, 6, 5, 21, '1', NULL, NULL, '2022-10-13 12:19:34', '2022-10-13 12:19:39'),
(268, 6, 5, 22, '1', NULL, NULL, '2022-10-13 12:19:34', '2022-10-13 12:19:39'),
(269, 6, 5, 23, '1', NULL, NULL, '2022-10-13 12:19:34', '2022-10-13 12:19:39'),
(270, 6, 6, 24, '9', NULL, NULL, '2022-10-13 12:19:34', '2022-10-13 12:19:39'),
(271, 6, 6, 25, '11', NULL, NULL, '2022-10-13 12:19:34', '2022-10-13 12:19:39'),
(272, 6, 7, 26, '62', NULL, NULL, '2022-10-13 12:19:34', '2022-10-13 12:19:39'),
(273, 6, 7, 27, '1', NULL, NULL, '2022-10-13 12:19:34', '2022-10-13 12:19:39'),
(274, 6, 7, 28, '2', NULL, NULL, '2022-10-13 12:19:34', '2022-10-13 12:19:39'),
(275, 6, 7, 29, '12', NULL, NULL, '2022-10-13 12:19:34', '2022-10-13 12:19:39'),
(276, 6, 7, 30, '1', NULL, NULL, '2022-10-13 12:19:34', '2022-10-13 12:19:39'),
(277, 6, 7, 31, '3', NULL, NULL, '2022-10-13 12:19:34', '2022-10-13 12:19:39'),
(278, 6, 7, 32, '3', NULL, NULL, '2022-10-13 12:19:34', '2022-10-13 12:19:39'),
(279, 6, 7, 33, '34', NULL, NULL, '2022-10-13 12:19:34', '2022-10-13 12:19:39'),
(280, 6, 7, 34, '1', NULL, NULL, '2022-10-13 12:19:34', '2022-10-13 12:19:39'),
(281, 6, 7, 35, '20', NULL, NULL, '2022-10-13 12:19:34', '2022-10-13 12:19:39'),
(282, 6, 7, 36, '30', NULL, NULL, '2022-10-13 12:19:34', '2022-10-13 12:19:39'),
(283, 6, 7, 37, '1', NULL, NULL, '2022-10-13 12:19:34', '2022-10-13 12:19:39'),
(284, 6, 8, 38, '1', NULL, NULL, '2022-10-13 12:19:34', '2022-10-13 12:19:39'),
(285, 6, 8, 39, '1', NULL, NULL, '2022-10-13 12:19:34', '2022-10-13 12:19:39'),
(286, 6, 8, 40, '2', NULL, NULL, '2022-10-13 12:19:34', '2022-10-13 12:19:39'),
(287, 6, 8, 41, '2', NULL, NULL, '2022-10-13 12:19:34', '2022-10-13 12:19:39'),
(288, 6, 8, 42, '1', NULL, NULL, '2022-10-13 12:19:34', '2022-10-13 12:19:39'),
(289, 6, 9, 43, '6', NULL, NULL, '2022-10-13 12:19:34', '2022-10-13 12:19:39'),
(290, 6, 9, 44, '2', NULL, NULL, '2022-10-13 12:19:34', '2022-10-13 12:19:39'),
(291, 6, 9, 45, '1', NULL, NULL, '2022-10-13 12:19:34', '2022-10-13 12:19:39'),
(292, 6, 9, 46, '1', NULL, NULL, '2022-10-13 12:19:34', '2022-10-13 12:19:39'),
(293, 6, 9, 47, '9', NULL, NULL, '2022-10-13 12:19:34', '2022-10-13 12:19:39'),
(294, 6, 10, 48, '36', NULL, NULL, '2022-10-13 12:19:34', '2022-10-13 12:19:39'),
(295, 6, 10, 49, '12', NULL, NULL, '2022-10-13 12:19:34', '2022-10-13 12:19:39'),
(296, 6, 11, 50, '1', NULL, NULL, '2022-10-13 12:19:34', '2022-10-13 12:19:39'),
(297, 6, 11, 51, '2', NULL, NULL, '2022-10-13 12:19:34', '2022-10-13 12:19:39'),
(298, 6, 11, 52, '10', NULL, NULL, '2022-10-13 12:19:34', '2022-10-13 12:19:39'),
(299, 6, 11, 53, '1', NULL, NULL, '2022-10-13 12:19:34', '2022-10-13 12:19:39'),
(300, 6, 11, 54, '1', NULL, NULL, '2022-10-13 12:19:34', '2022-10-13 12:19:39'),
(301, 6, 11, 55, '5', NULL, NULL, '2022-10-13 12:19:34', '2022-10-13 12:19:39'),
(302, 6, 12, 56, '4', NULL, NULL, '2022-10-13 12:19:34', '2022-10-13 12:19:39'),
(303, 6, 12, 57, '1', NULL, NULL, '2022-10-13 12:19:34', '2022-10-13 12:19:39'),
(304, 6, 12, 58, '6', NULL, NULL, '2022-10-13 12:19:34', '2022-10-13 12:19:39'),
(305, 6, 12, 59, '6', NULL, NULL, '2022-10-13 12:19:34', '2022-10-13 12:19:39'),
(306, 6, 12, 60, '1', NULL, NULL, '2022-10-13 12:19:34', '2022-10-13 12:19:39'),
(307, 6, 12, 61, '6', NULL, NULL, '2022-10-13 12:19:34', '2022-10-13 12:19:39'),
(308, 6, 13, 62, '16', NULL, NULL, '2022-10-13 12:19:34', '2022-10-13 12:19:39'),
(309, 6, 13, 63, '1', NULL, NULL, '2022-10-13 12:19:34', '2022-10-13 12:19:39'),
(310, 6, 13, 64, '1', NULL, NULL, '2022-10-13 12:19:34', '2022-10-13 12:19:39'),
(311, 6, 13, 65, '1', NULL, NULL, '2022-10-13 12:19:34', '2022-10-13 12:19:39'),
(312, 6, 13, 66, '1', NULL, NULL, '2022-10-13 12:19:34', '2022-10-13 12:19:39'),
(313, 6, 14, 67, '8', NULL, NULL, '2022-10-13 12:19:34', '2022-10-13 12:19:39'),
(314, 6, 14, 68, '2', NULL, NULL, '2022-10-13 12:19:34', '2022-10-13 12:19:39'),
(315, 6, 14, 69, '68', NULL, NULL, '2022-10-13 12:19:34', '2022-10-13 12:19:39'),
(316, 6, 14, 70, '12', NULL, NULL, '2022-10-13 12:19:34', '2022-10-13 12:19:39'),
(317, 6, 15, 71, '3', NULL, NULL, '2022-10-13 12:19:34', '2022-10-13 12:19:39'),
(318, 6, 15, 72, '86', NULL, NULL, '2022-10-13 12:19:34', '2022-10-13 12:19:39'),
(319, 6, 16, 73, '96', NULL, NULL, '2022-10-13 12:19:34', '2022-10-13 12:19:39'),
(320, 6, 16, 74, '1', NULL, NULL, '2022-10-13 12:19:34', '2022-10-13 12:19:39'),
(321, 6, 16, 75, '28', NULL, NULL, '2022-10-13 12:19:34', '2022-10-13 12:19:39'),
(322, 6, 16, 76, '1', NULL, NULL, '2022-10-13 12:19:34', '2022-10-13 12:19:39'),
(323, 6, 17, 77, '12', NULL, NULL, '2022-10-13 12:19:34', '2022-10-13 12:19:39'),
(324, 6, 17, 78, '2', NULL, NULL, '2022-10-13 12:19:34', '2022-10-13 12:19:39'),
(325, 6, 17, 79, '4', NULL, NULL, '2022-10-13 12:19:34', '2022-10-13 12:19:39'),
(326, 7, 1, 1, '1', NULL, NULL, '2022-10-14 07:06:20', '2022-10-14 07:07:19'),
(327, 7, 1, 2, '54', NULL, NULL, '2022-10-14 07:06:20', '2022-10-14 07:07:19'),
(328, 7, 1, 3, '2', NULL, NULL, '2022-10-14 07:06:20', '2022-10-14 07:07:19'),
(329, 7, 2, 4, '3', NULL, NULL, '2022-10-14 07:06:20', '2022-10-14 07:07:19'),
(330, 7, 2, 5, '6', NULL, NULL, '2022-10-14 07:06:20', '2022-10-14 07:07:19'),
(331, 7, 3, 6, '22', NULL, NULL, '2022-10-14 07:06:20', '2022-10-14 07:07:19'),
(332, 7, 3, 7, '2', NULL, NULL, '2022-10-14 07:06:20', '2022-10-14 07:07:19'),
(333, 7, 3, 8, '1', NULL, NULL, '2022-10-14 07:06:20', '2022-10-14 07:07:19'),
(334, 7, 3, 9, '1', NULL, NULL, '2022-10-14 07:06:20', '2022-10-14 07:07:19'),
(335, 7, 3, 10, '4', NULL, NULL, '2022-10-14 07:06:20', '2022-10-14 07:07:19'),
(336, 7, 3, 11, '1', NULL, NULL, '2022-10-14 07:06:20', '2022-10-14 07:07:19'),
(337, 7, 3, 12, '6', NULL, NULL, '2022-10-14 07:06:20', '2022-10-14 07:07:19'),
(338, 7, 3, 13, '1', NULL, NULL, '2022-10-14 07:06:20', '2022-10-14 07:07:19'),
(339, 7, 3, 14, '2', NULL, NULL, '2022-10-14 07:06:20', '2022-10-14 07:07:19'),
(340, 7, 4, 15, '1', NULL, NULL, '2022-10-14 07:06:20', '2022-10-14 07:07:19'),
(341, 7, 4, 16, '6', NULL, NULL, '2022-10-14 07:06:20', '2022-10-14 07:07:19'),
(342, 7, 5, 17, '1', NULL, NULL, '2022-10-14 07:06:20', '2022-10-14 07:07:19'),
(343, 7, 5, 18, '1', NULL, NULL, '2022-10-14 07:06:20', '2022-10-14 07:07:19'),
(344, 7, 5, 19, '4', NULL, NULL, '2022-10-14 07:06:20', '2022-10-14 07:07:19'),
(345, 7, 5, 20, '1', NULL, NULL, '2022-10-14 07:06:20', '2022-10-14 07:07:19'),
(346, 7, 5, 21, '1', NULL, NULL, '2022-10-14 07:06:20', '2022-10-14 07:07:19'),
(347, 7, 5, 22, '6', NULL, NULL, '2022-10-14 07:06:20', '2022-10-14 07:07:19'),
(348, 7, 5, 23, '1', NULL, NULL, '2022-10-14 07:06:20', '2022-10-14 07:07:19'),
(349, 7, 6, 24, '28', NULL, NULL, '2022-10-14 07:06:20', '2022-10-14 07:07:19'),
(350, 7, 6, 25, '11', NULL, NULL, '2022-10-14 07:06:20', '2022-10-14 07:07:19'),
(351, 7, 7, 26, '62', NULL, NULL, '2022-10-14 07:06:20', '2022-10-14 07:07:19'),
(352, 7, 7, 27, '1', NULL, NULL, '2022-10-14 07:06:20', '2022-10-14 07:07:19'),
(353, 7, 7, 28, '10', NULL, NULL, '2022-10-14 07:06:20', '2022-10-14 07:07:19'),
(354, 7, 7, 29, '44', NULL, NULL, '2022-10-14 07:06:20', '2022-10-14 07:07:19'),
(355, 7, 7, 30, '1', NULL, NULL, '2022-10-14 07:06:20', '2022-10-14 07:07:19'),
(356, 7, 7, 31, '3', NULL, NULL, '2022-10-14 07:06:20', '2022-10-14 07:07:19'),
(357, 7, 7, 32, '3', NULL, NULL, '2022-10-14 07:06:20', '2022-10-14 07:07:19'),
(358, 7, 7, 33, '1', NULL, NULL, '2022-10-14 07:06:20', '2022-10-14 07:07:19'),
(359, 7, 7, 34, '1', NULL, NULL, '2022-10-14 07:06:20', '2022-10-14 07:07:19'),
(360, 7, 7, 35, '1', NULL, NULL, '2022-10-14 07:06:20', '2022-10-14 07:07:19'),
(361, 7, 7, 36, '66', NULL, NULL, '2022-10-14 07:06:20', '2022-10-14 07:07:19'),
(362, 7, 7, 37, '24', NULL, NULL, '2022-10-14 07:06:20', '2022-10-14 07:07:19'),
(363, 7, 8, 38, '1', NULL, NULL, '2022-10-14 07:06:20', '2022-10-14 07:07:19'),
(364, 7, 8, 39, '1', NULL, NULL, '2022-10-14 07:06:20', '2022-10-14 07:07:19'),
(365, 7, 8, 40, '1', NULL, NULL, '2022-10-14 07:06:20', '2022-10-14 07:07:19'),
(366, 7, 8, 41, '1', NULL, NULL, '2022-10-14 07:06:20', '2022-10-14 07:07:19'),
(367, 7, 8, 42, '1', NULL, NULL, '2022-10-14 07:06:20', '2022-10-14 07:07:19'),
(368, 7, 9, 43, '4', NULL, NULL, '2022-10-14 07:06:20', '2022-10-14 07:07:19'),
(369, 7, 9, 44, '2', NULL, NULL, '2022-10-14 07:06:20', '2022-10-14 07:07:19'),
(370, 7, 9, 45, '1', NULL, NULL, '2022-10-14 07:06:20', '2022-10-14 07:07:19'),
(371, 7, 9, 46, '1', NULL, NULL, '2022-10-14 07:06:20', '2022-10-14 07:07:19'),
(372, 7, 9, 47, '4', NULL, NULL, '2022-10-14 07:06:20', '2022-10-14 07:07:19'),
(373, 7, 10, 48, '1', NULL, NULL, '2022-10-14 07:06:20', '2022-10-14 07:07:19'),
(374, 7, 10, 49, '6', NULL, NULL, '2022-10-14 07:06:20', '2022-10-14 07:07:19'),
(375, 7, 11, 50, '1', NULL, NULL, '2022-10-14 07:06:20', '2022-10-14 07:07:19'),
(376, 7, 11, 51, '4', NULL, NULL, '2022-10-14 07:06:20', '2022-10-14 07:07:19'),
(377, 7, 11, 52, '6', NULL, NULL, '2022-10-14 07:06:20', '2022-10-14 07:07:19'),
(378, 7, 11, 53, '1', NULL, NULL, '2022-10-14 07:06:20', '2022-10-14 07:07:19'),
(379, 7, 11, 54, '6', NULL, NULL, '2022-10-14 07:06:20', '2022-10-14 07:07:19'),
(380, 7, 11, 55, '6', NULL, NULL, '2022-10-14 07:06:20', '2022-10-14 07:07:19'),
(381, 7, 12, 56, '4', NULL, NULL, '2022-10-14 07:06:20', '2022-10-14 07:07:19'),
(382, 7, 12, 57, '86', NULL, NULL, '2022-10-14 07:06:20', '2022-10-14 07:07:19'),
(383, 7, 12, 58, '6', NULL, NULL, '2022-10-14 07:06:20', '2022-10-14 07:07:19'),
(384, 7, 12, 59, '4', NULL, NULL, '2022-10-14 07:06:20', '2022-10-14 07:07:19'),
(385, 7, 12, 60, '1', NULL, NULL, '2022-10-14 07:06:20', '2022-10-14 07:07:19'),
(386, 7, 12, 61, '6', NULL, NULL, '2022-10-14 07:06:20', '2022-10-14 07:07:19'),
(387, 7, 13, 62, '24', NULL, NULL, '2022-10-14 07:06:20', '2022-10-14 07:07:19'),
(388, 7, 13, 63, '1', NULL, NULL, '2022-10-14 07:06:20', '2022-10-14 07:07:19'),
(389, 7, 13, 64, '1', NULL, NULL, '2022-10-14 07:06:20', '2022-10-14 07:07:19'),
(390, 7, 13, 65, '1', NULL, NULL, '2022-10-14 07:06:20', '2022-10-14 07:07:19'),
(391, 7, 13, 66, '700', NULL, NULL, '2022-10-14 07:06:20', '2022-10-14 07:07:19'),
(392, 7, 14, 67, '6', NULL, NULL, '2022-10-14 07:06:20', '2022-10-14 07:07:19'),
(393, 7, 14, 68, '1', NULL, NULL, '2022-10-14 07:06:20', '2022-10-14 07:07:19'),
(394, 7, 14, 69, '23', NULL, NULL, '2022-10-14 07:06:20', '2022-10-14 07:07:19'),
(395, 7, 14, 70, '1', NULL, NULL, '2022-10-14 07:06:20', '2022-10-14 07:07:19'),
(396, 7, 15, 71, '15', NULL, NULL, '2022-10-14 07:06:20', '2022-10-14 07:07:19'),
(397, 7, 15, 72, '24', NULL, NULL, '2022-10-14 07:06:20', '2022-10-14 07:07:19'),
(398, 7, 16, 73, '28', NULL, NULL, '2022-10-14 07:06:20', '2022-10-14 07:07:19'),
(399, 7, 16, 74, '1', NULL, NULL, '2022-10-14 07:06:20', '2022-10-14 07:07:19'),
(400, 7, 16, 75, '76', NULL, NULL, '2022-10-14 07:06:20', '2022-10-14 07:07:19'),
(401, 7, 16, 76, '1', NULL, NULL, '2022-10-14 07:06:20', '2022-10-14 07:07:19'),
(402, 7, 17, 77, '2', NULL, NULL, '2022-10-14 07:06:20', '2022-10-14 07:07:19'),
(403, 7, 17, 78, '2', NULL, NULL, '2022-10-14 07:06:20', '2022-10-14 07:07:19'),
(404, 7, 17, 79, '2', NULL, NULL, '2022-10-14 07:06:20', '2022-10-14 07:07:19'),
(405, 8, 1, 1, '1', NULL, NULL, '2022-10-14 07:55:32', '2022-10-14 07:55:36'),
(406, 8, 1, 2, '8', NULL, NULL, '2022-10-14 07:55:32', '2022-10-14 07:55:36'),
(407, 8, 1, 3, '1', NULL, NULL, '2022-10-14 07:55:32', '2022-10-14 07:55:36'),
(408, 8, 2, 4, '4', NULL, NULL, '2022-10-14 07:55:32', '2022-10-14 07:55:36'),
(409, 8, 2, 5, '1', NULL, NULL, '2022-10-14 07:55:32', '2022-10-14 07:55:36'),
(410, 8, 3, 6, '8', NULL, NULL, '2022-10-14 07:55:32', '2022-10-14 07:55:36'),
(411, 8, 3, 7, '24', NULL, NULL, '2022-10-14 07:55:32', '2022-10-14 07:55:36'),
(412, 8, 3, 8, '1', NULL, NULL, '2022-10-14 07:55:32', '2022-10-14 07:55:36'),
(413, 8, 3, 9, '1', NULL, NULL, '2022-10-14 07:55:32', '2022-10-14 07:55:36'),
(414, 8, 3, 10, '8', NULL, NULL, '2022-10-14 07:55:32', '2022-10-14 07:55:36'),
(415, 8, 3, 11, '4', NULL, NULL, '2022-10-14 07:55:32', '2022-10-14 07:55:36'),
(416, 8, 3, 12, '1', NULL, NULL, '2022-10-14 07:55:32', '2022-10-14 07:55:36'),
(417, 8, 3, 13, '1', NULL, NULL, '2022-10-14 07:55:32', '2022-10-14 07:55:36'),
(418, 8, 3, 14, '2', NULL, NULL, '2022-10-14 07:55:32', '2022-10-14 07:55:36'),
(419, 8, 4, 15, '4', NULL, NULL, '2022-10-14 07:55:32', '2022-10-14 07:55:36'),
(420, 8, 4, 16, '8', NULL, NULL, '2022-10-14 07:55:32', '2022-10-14 07:55:36'),
(421, 8, 5, 17, '1', NULL, NULL, '2022-10-14 07:55:32', '2022-10-14 07:55:36'),
(422, 8, 5, 18, '1', NULL, NULL, '2022-10-14 07:55:32', '2022-10-14 07:55:36'),
(423, 8, 5, 19, '1', NULL, NULL, '2022-10-14 07:55:32', '2022-10-14 07:55:36'),
(424, 8, 5, 20, '1', NULL, NULL, '2022-10-14 07:55:32', '2022-10-14 07:55:36'),
(425, 8, 5, 21, '1', NULL, NULL, '2022-10-14 07:55:32', '2022-10-14 07:55:36'),
(426, 8, 5, 22, '1', NULL, NULL, '2022-10-14 07:55:32', '2022-10-14 07:55:36'),
(427, 8, 5, 23, '1', NULL, NULL, '2022-10-14 07:55:32', '2022-10-14 07:55:36'),
(428, 8, 6, 24, '1', NULL, NULL, '2022-10-14 07:55:32', '2022-10-14 07:55:36'),
(429, 8, 6, 25, '3', NULL, NULL, '2022-10-14 07:55:32', '2022-10-14 07:55:36'),
(430, 8, 7, 26, '14', NULL, NULL, '2022-10-14 07:55:32', '2022-10-14 07:55:36'),
(431, 8, 7, 27, '1', NULL, NULL, '2022-10-14 07:55:32', '2022-10-14 07:55:36'),
(432, 8, 7, 28, '1', NULL, NULL, '2022-10-14 07:55:32', '2022-10-14 07:55:36'),
(433, 8, 7, 29, '44', NULL, NULL, '2022-10-14 07:55:32', '2022-10-14 07:55:36'),
(434, 8, 7, 30, '1', NULL, NULL, '2022-10-14 07:55:32', '2022-10-14 07:55:36'),
(435, 8, 7, 31, '3', NULL, NULL, '2022-10-14 07:55:32', '2022-10-14 07:55:36'),
(436, 8, 7, 32, '3', NULL, NULL, '2022-10-14 07:55:32', '2022-10-14 07:55:36'),
(437, 8, 7, 33, '14', NULL, NULL, '2022-10-14 07:55:32', '2022-10-14 07:55:36'),
(438, 8, 7, 34, '1', NULL, NULL, '2022-10-14 07:55:32', '2022-10-14 07:55:36'),
(439, 8, 7, 35, '1', NULL, NULL, '2022-10-14 07:55:32', '2022-10-14 07:55:36'),
(440, 8, 7, 36, '24', NULL, NULL, '2022-10-14 07:55:32', '2022-10-14 07:55:36'),
(441, 8, 7, 37, '1', NULL, NULL, '2022-10-14 07:55:32', '2022-10-14 07:55:36'),
(442, 8, 8, 38, '1', NULL, NULL, '2022-10-14 07:55:32', '2022-10-14 07:55:36'),
(443, 8, 8, 39, '1', NULL, NULL, '2022-10-14 07:55:32', '2022-10-14 07:55:36'),
(444, 8, 8, 40, '6', NULL, NULL, '2022-10-14 07:55:32', '2022-10-14 07:55:36'),
(445, 8, 8, 41, '1', NULL, NULL, '2022-10-14 07:55:32', '2022-10-14 07:55:36'),
(446, 8, 8, 42, '1', NULL, NULL, '2022-10-14 07:55:32', '2022-10-14 07:55:36'),
(447, 8, 9, 43, '2', NULL, NULL, '2022-10-14 07:55:32', '2022-10-14 07:55:36'),
(448, 8, 9, 44, '2', NULL, NULL, '2022-10-14 07:55:32', '2022-10-14 07:55:36'),
(449, 8, 9, 45, '1', NULL, NULL, '2022-10-14 07:55:32', '2022-10-14 07:55:36'),
(450, 8, 9, 46, '1', NULL, NULL, '2022-10-14 07:55:32', '2022-10-14 07:55:36'),
(451, 8, 9, 47, '1', NULL, NULL, '2022-10-14 07:55:32', '2022-10-14 07:55:36'),
(452, 8, 10, 48, '28', NULL, NULL, '2022-10-14 07:55:32', '2022-10-14 07:55:36'),
(453, 8, 10, 49, '16', NULL, NULL, '2022-10-14 07:55:32', '2022-10-14 07:55:36'),
(454, 8, 11, 50, '1', NULL, NULL, '2022-10-14 07:55:32', '2022-10-14 07:55:36'),
(455, 8, 11, 51, '1', NULL, NULL, '2022-10-14 07:55:32', '2022-10-14 07:55:36'),
(456, 8, 11, 52, '2', NULL, NULL, '2022-10-14 07:55:32', '2022-10-14 07:55:36'),
(457, 8, 11, 53, '1', NULL, NULL, '2022-10-14 07:55:32', '2022-10-14 07:55:36'),
(458, 8, 11, 54, '1', NULL, NULL, '2022-10-14 07:55:32', '2022-10-14 07:55:36'),
(459, 8, 11, 55, '2', NULL, NULL, '2022-10-14 07:55:32', '2022-10-14 07:55:36'),
(460, 8, 12, 56, '4', NULL, NULL, '2022-10-14 07:55:32', '2022-10-14 07:55:36'),
(461, 8, 12, 57, '36', NULL, NULL, '2022-10-14 07:55:32', '2022-10-14 07:55:36'),
(462, 8, 12, 58, '6', NULL, NULL, '2022-10-14 07:55:32', '2022-10-14 07:55:36'),
(463, 8, 12, 59, '4', NULL, NULL, '2022-10-14 07:55:32', '2022-10-14 07:55:36'),
(464, 8, 12, 60, '1', NULL, NULL, '2022-10-14 07:55:32', '2022-10-14 07:55:36'),
(465, 8, 12, 61, '6', NULL, NULL, '2022-10-14 07:55:32', '2022-10-14 07:55:36'),
(466, 8, 13, 62, '4', NULL, NULL, '2022-10-14 07:55:32', '2022-10-14 07:55:36'),
(467, 8, 13, 63, '1', NULL, NULL, '2022-10-14 07:55:32', '2022-10-14 07:55:36'),
(468, 8, 13, 64, '1', NULL, NULL, '2022-10-14 07:55:32', '2022-10-14 07:55:36'),
(469, 8, 13, 65, '1', NULL, NULL, '2022-10-14 07:55:32', '2022-10-14 07:55:36'),
(470, 8, 13, 66, '2', NULL, NULL, '2022-10-14 07:55:32', '2022-10-14 07:55:36'),
(471, 8, 14, 67, '1', NULL, NULL, '2022-10-14 07:55:32', '2022-10-14 07:55:36'),
(472, 8, 14, 68, '1', NULL, NULL, '2022-10-14 07:55:32', '2022-10-14 07:55:36'),
(473, 8, 14, 69, '22', NULL, NULL, '2022-10-14 07:55:32', '2022-10-14 07:55:36'),
(474, 8, 14, 70, '1', NULL, NULL, '2022-10-14 07:55:32', '2022-10-14 07:55:36'),
(475, 8, 15, 71, '3', NULL, NULL, '2022-10-14 07:55:32', '2022-10-14 07:55:36'),
(476, 8, 15, 72, '114', NULL, NULL, '2022-10-14 07:55:32', '2022-10-14 07:55:36'),
(477, 8, 16, 73, '104', NULL, NULL, '2022-10-14 07:55:32', '2022-10-14 07:55:36'),
(478, 8, 16, 74, '1', NULL, NULL, '2022-10-14 07:55:32', '2022-10-14 07:55:36'),
(479, 8, 16, 75, '12', NULL, NULL, '2022-10-14 07:55:32', '2022-10-14 07:55:36'),
(480, 8, 16, 76, '1', NULL, NULL, '2022-10-14 07:55:32', '2022-10-14 07:55:36'),
(481, 8, 17, 77, '8', NULL, NULL, '2022-10-14 07:55:32', '2022-10-14 07:55:36'),
(482, 8, 17, 78, '2', NULL, NULL, '2022-10-14 07:55:32', '2022-10-14 07:55:36'),
(483, 8, 17, 79, '4', NULL, NULL, '2022-10-14 07:55:32', '2022-10-14 07:55:36'),
(484, 9, 1, 1, '1', NULL, NULL, '2022-10-14 09:17:32', '2022-10-14 09:17:38'),
(485, 9, 1, 2, '10', NULL, NULL, '2022-10-14 09:17:32', '2022-10-14 09:17:38'),
(486, 9, 1, 3, '1', NULL, NULL, '2022-10-14 09:17:32', '2022-10-14 09:17:38'),
(487, 9, 2, 4, '4', NULL, NULL, '2022-10-14 09:17:32', '2022-10-14 09:17:38'),
(488, 9, 2, 5, '1', NULL, NULL, '2022-10-14 09:17:32', '2022-10-14 09:17:38'),
(489, 9, 3, 6, '1', NULL, NULL, '2022-10-14 09:17:32', '2022-10-14 09:17:38'),
(490, 9, 3, 7, '2', NULL, NULL, '2022-10-14 09:17:32', '2022-10-14 09:17:38'),
(491, 9, 3, 8, '1', NULL, NULL, '2022-10-14 09:17:32', '2022-10-14 09:17:38'),
(492, 9, 3, 9, '1', NULL, NULL, '2022-10-14 09:17:32', '2022-10-14 09:17:38'),
(493, 9, 3, 10, '1', NULL, NULL, '2022-10-14 09:17:32', '2022-10-14 09:17:38'),
(494, 9, 3, 11, '5', NULL, NULL, '2022-10-14 09:17:32', '2022-10-14 09:17:38'),
(495, 9, 3, 12, '1', NULL, NULL, '2022-10-14 09:17:32', '2022-10-14 09:17:38'),
(496, 9, 3, 13, '1', NULL, NULL, '2022-10-14 09:17:32', '2022-10-14 09:17:38'),
(497, 9, 3, 14, '2', NULL, NULL, '2022-10-14 09:17:32', '2022-10-14 09:17:38'),
(498, 9, 4, 15, '1', NULL, NULL, '2022-10-14 09:17:32', '2022-10-14 09:17:38'),
(499, 9, 4, 16, '1', NULL, NULL, '2022-10-14 09:17:32', '2022-10-14 09:17:38'),
(500, 9, 5, 17, '1', NULL, NULL, '2022-10-14 09:17:32', '2022-10-14 09:17:38'),
(501, 9, 5, 18, '1', NULL, NULL, '2022-10-14 09:17:32', '2022-10-14 09:17:38'),
(502, 9, 5, 19, '1', NULL, NULL, '2022-10-14 09:17:32', '2022-10-14 09:17:38'),
(503, 9, 5, 20, '1', NULL, NULL, '2022-10-14 09:17:32', '2022-10-14 09:17:38'),
(504, 9, 5, 21, '2', NULL, NULL, '2022-10-14 09:17:32', '2022-10-14 09:17:38'),
(505, 9, 5, 22, '3', NULL, NULL, '2022-10-14 09:17:32', '2022-10-14 09:17:38'),
(506, 9, 5, 23, '1', NULL, NULL, '2022-10-14 09:17:32', '2022-10-14 09:17:38'),
(507, 9, 6, 24, '1', NULL, NULL, '2022-10-14 09:17:32', '2022-10-14 09:17:38'),
(508, 9, 6, 25, '3', NULL, NULL, '2022-10-14 09:17:32', '2022-10-14 09:17:38'),
(509, 9, 7, 26, '1', NULL, NULL, '2022-10-14 09:17:32', '2022-10-14 09:17:38'),
(510, 9, 7, 27, '1', NULL, NULL, '2022-10-14 09:17:32', '2022-10-14 09:17:38'),
(511, 9, 7, 28, '1', NULL, NULL, '2022-10-14 09:17:32', '2022-10-14 09:17:38'),
(512, 9, 7, 29, '1', NULL, NULL, '2022-10-14 09:17:32', '2022-10-14 09:17:38'),
(513, 9, 7, 30, '1', NULL, NULL, '2022-10-14 09:17:32', '2022-10-14 09:17:38'),
(514, 9, 7, 31, '1', NULL, NULL, '2022-10-14 09:17:32', '2022-10-14 09:17:38'),
(515, 9, 7, 32, '1', NULL, NULL, '2022-10-14 09:17:32', '2022-10-14 09:17:38'),
(516, 9, 7, 33, '1', NULL, NULL, '2022-10-14 09:17:32', '2022-10-14 09:17:38'),
(517, 9, 7, 34, '1', NULL, NULL, '2022-10-14 09:17:32', '2022-10-14 09:17:38'),
(518, 9, 7, 35, '28', NULL, NULL, '2022-10-14 09:17:32', '2022-10-14 09:17:38'),
(519, 9, 7, 36, '22', NULL, NULL, '2022-10-14 09:17:32', '2022-10-14 09:17:38'),
(520, 9, 7, 37, '1', NULL, NULL, '2022-10-14 09:17:32', '2022-10-14 09:17:38'),
(521, 9, 8, 38, '1', NULL, NULL, '2022-10-14 09:17:32', '2022-10-14 09:17:38'),
(522, 9, 8, 39, '1', NULL, NULL, '2022-10-14 09:17:32', '2022-10-14 09:17:38'),
(523, 9, 8, 40, '6', NULL, NULL, '2022-10-14 09:17:32', '2022-10-14 09:17:38'),
(524, 9, 8, 41, '8', NULL, NULL, '2022-10-14 09:17:32', '2022-10-14 09:17:38'),
(525, 9, 8, 42, '2', NULL, NULL, '2022-10-14 09:17:32', '2022-10-14 09:17:38'),
(526, 9, 9, 43, '2', NULL, NULL, '2022-10-14 09:17:32', '2022-10-14 09:17:38'),
(527, 9, 9, 44, '1', NULL, NULL, '2022-10-14 09:17:32', '2022-10-14 09:17:38'),
(528, 9, 9, 45, '1', NULL, NULL, '2022-10-14 09:17:32', '2022-10-14 09:17:38'),
(529, 9, 9, 46, '1', NULL, NULL, '2022-10-14 09:17:32', '2022-10-14 09:17:38'),
(530, 9, 9, 47, '1', NULL, NULL, '2022-10-14 09:17:32', '2022-10-14 09:17:38'),
(531, 9, 10, 48, '1', NULL, NULL, '2022-10-14 09:17:32', '2022-10-14 09:17:38'),
(532, 9, 10, 49, '1', NULL, NULL, '2022-10-14 09:17:32', '2022-10-14 09:17:38'),
(533, 9, 11, 50, '1', NULL, NULL, '2022-10-14 09:17:32', '2022-10-14 09:17:38'),
(534, 9, 11, 51, '3', NULL, NULL, '2022-10-14 09:17:32', '2022-10-14 09:17:38'),
(535, 9, 11, 52, '15', NULL, NULL, '2022-10-14 09:17:32', '2022-10-14 09:17:38'),
(536, 9, 11, 53, '1', NULL, NULL, '2022-10-14 09:17:32', '2022-10-14 09:17:38'),
(537, 9, 11, 54, '6', NULL, NULL, '2022-10-14 09:17:32', '2022-10-14 09:17:38'),
(538, 9, 11, 55, '5', NULL, NULL, '2022-10-14 09:17:32', '2022-10-14 09:17:38'),
(539, 9, 12, 56, '106', NULL, NULL, '2022-10-14 09:17:32', '2022-10-14 09:17:38'),
(540, 9, 12, 57, '1', NULL, NULL, '2022-10-14 09:17:32', '2022-10-14 09:17:38'),
(541, 9, 12, 58, '6', NULL, NULL, '2022-10-14 09:17:32', '2022-10-14 09:17:38'),
(542, 9, 12, 59, '4', NULL, NULL, '2022-10-14 09:17:32', '2022-10-14 09:17:38'),
(543, 9, 12, 60, '1', NULL, NULL, '2022-10-14 09:17:32', '2022-10-14 09:17:38'),
(544, 9, 12, 61, '6', NULL, NULL, '2022-10-14 09:17:32', '2022-10-14 09:17:38'),
(545, 9, 13, 62, '2', NULL, NULL, '2022-10-14 09:17:32', '2022-10-14 09:17:38'),
(546, 9, 13, 63, '1', NULL, NULL, '2022-10-14 09:17:32', '2022-10-14 09:17:38'),
(547, 9, 13, 64, '1', NULL, NULL, '2022-10-14 09:17:32', '2022-10-14 09:17:38'),
(548, 9, 13, 65, '1', NULL, NULL, '2022-10-14 09:17:32', '2022-10-14 09:17:38'),
(549, 9, 13, 66, '1', NULL, NULL, '2022-10-14 09:17:32', '2022-10-14 09:17:38'),
(550, 9, 14, 67, '2', NULL, NULL, '2022-10-14 09:17:32', '2022-10-14 09:17:38'),
(551, 9, 14, 68, '1', NULL, NULL, '2022-10-14 09:17:32', '2022-10-14 09:17:38'),
(552, 9, 14, 69, '1', NULL, NULL, '2022-10-14 09:17:32', '2022-10-14 09:17:38'),
(553, 9, 14, 70, '1', NULL, NULL, '2022-10-14 09:17:32', '2022-10-14 09:17:38'),
(554, 9, 15, 71, '3', NULL, NULL, '2022-10-14 09:17:32', '2022-10-14 09:17:38'),
(555, 9, 15, 72, '652', NULL, NULL, '2022-10-14 09:17:32', '2022-10-14 09:17:38'),
(556, 9, 16, 73, '42', NULL, NULL, '2022-10-14 09:17:32', '2022-10-14 09:17:38'),
(557, 9, 16, 74, '22', NULL, NULL, '2022-10-14 09:17:32', '2022-10-14 09:17:38'),
(558, 9, 16, 75, '22', NULL, NULL, '2022-10-14 09:17:32', '2022-10-14 09:17:38'),
(559, 9, 16, 76, '1', NULL, NULL, '2022-10-14 09:17:32', '2022-10-14 09:17:38'),
(560, 9, 17, 77, '6', NULL, NULL, '2022-10-14 09:17:32', '2022-10-14 09:17:38'),
(561, 9, 17, 78, '2', NULL, NULL, '2022-10-14 09:17:32', '2022-10-14 09:17:38'),
(562, 9, 17, 79, '4', NULL, NULL, '2022-10-14 09:17:32', '2022-10-14 09:17:38'),
(563, 10, 1, 1, '48 DZ', NULL, NULL, '2022-10-14 09:26:57', '2022-12-24 12:32:42'),
(564, 11, 1, 1, '48', NULL, NULL, '2022-10-14 09:47:46', '2022-11-26 06:39:47'),
(565, 11, 1, 2, '48', NULL, NULL, '2022-10-14 09:47:46', '2022-11-26 06:39:47'),
(566, 11, 1, 3, '48', NULL, NULL, '2022-10-14 09:47:46', '2022-11-26 06:39:47'),
(567, 11, 2, 4, '48', NULL, NULL, '2022-10-14 09:47:46', '2022-11-26 06:39:47'),
(568, 11, 2, 5, '48', NULL, NULL, '2022-10-14 09:47:46', '2022-11-26 06:39:47'),
(569, 11, 3, 6, '48', NULL, NULL, '2022-10-14 09:47:46', '2022-11-26 06:39:47'),
(570, 11, 3, 7, '48', NULL, NULL, '2022-10-14 09:47:46', '2022-11-26 06:39:47'),
(571, 11, 3, 8, '48', NULL, NULL, '2022-10-14 09:47:46', '2022-11-26 06:39:47'),
(572, 11, 3, 9, '48', NULL, NULL, '2022-10-14 09:47:46', '2022-11-26 06:39:47'),
(573, 11, 3, 10, '48', NULL, NULL, '2022-10-14 09:47:46', '2022-11-26 06:39:47'),
(574, 11, 3, 11, '48', NULL, NULL, '2022-10-14 09:47:46', '2022-11-26 06:39:47'),
(575, 11, 3, 12, '48', NULL, NULL, '2022-10-14 09:47:46', '2022-11-26 06:39:47'),
(576, 11, 3, 13, '48', NULL, NULL, '2022-10-14 09:47:46', '2022-11-26 06:39:47'),
(577, 11, 3, 14, '48', NULL, NULL, '2022-10-14 09:47:46', '2022-11-26 06:39:47'),
(578, 11, 4, 15, '48', NULL, NULL, '2022-10-14 09:47:46', '2022-11-26 06:39:47'),
(579, 11, 4, 16, '6', NULL, NULL, '2022-10-14 09:47:46', '2022-11-26 06:39:47'),
(580, 11, 5, 17, '1', NULL, NULL, '2022-10-14 09:47:46', '2022-11-26 06:39:47'),
(581, 11, 5, 18, '1', NULL, NULL, '2022-10-14 09:47:46', '2022-11-26 06:39:47'),
(582, 11, 5, 19, '1', NULL, NULL, '2022-10-14 09:47:46', '2022-11-26 06:39:47'),
(583, 11, 5, 20, '1', NULL, NULL, '2022-10-14 09:47:46', '2022-11-26 06:39:47'),
(584, 11, 5, 21, '48', NULL, NULL, '2022-10-14 09:47:46', '2022-11-26 06:39:47'),
(585, 11, 5, 22, '4', NULL, NULL, '2022-10-14 09:47:46', '2022-11-26 06:39:47'),
(586, 11, 5, 23, '1', NULL, NULL, '2022-10-14 09:47:46', '2022-11-26 06:39:47'),
(587, 11, 6, 24, '66', NULL, NULL, '2022-10-14 09:47:46', '2022-11-26 06:39:47'),
(588, 11, 6, 25, '54', NULL, NULL, '2022-10-14 09:47:46', '2022-11-26 06:39:47'),
(589, 11, 7, 26, '1', NULL, NULL, '2022-10-14 09:47:46', '2022-11-26 06:39:47'),
(590, 11, 7, 27, '1', NULL, NULL, '2022-10-14 09:47:46', '2022-11-26 06:39:47'),
(591, 11, 7, 28, '44', NULL, NULL, '2022-10-14 09:47:46', '2022-11-26 06:39:47'),
(592, 11, 7, 29, '6', NULL, NULL, '2022-10-14 09:47:46', '2022-11-26 06:39:47'),
(593, 11, 7, 30, '1', NULL, NULL, '2022-10-14 09:47:46', '2022-11-26 06:39:47'),
(594, 11, 7, 31, '3', NULL, NULL, '2022-10-14 09:47:46', '2022-11-26 06:39:47'),
(595, 11, 7, 32, '15', NULL, NULL, '2022-10-14 09:47:46', '2022-11-26 06:39:47'),
(596, 11, 7, 33, '1', NULL, NULL, '2022-10-14 09:47:46', '2022-11-26 06:39:47'),
(597, 11, 7, 34, '1', NULL, NULL, '2022-10-14 09:47:46', '2022-11-26 06:39:47'),
(598, 11, 7, 35, '1', NULL, NULL, '2022-10-14 09:47:46', '2022-11-26 06:39:47'),
(599, 11, 7, 36, '294', NULL, NULL, '2022-10-14 09:47:46', '2022-11-26 06:39:47'),
(600, 11, 7, 37, '1', NULL, NULL, '2022-10-14 09:47:46', '2022-11-26 06:39:47'),
(601, 11, 8, 38, '1', NULL, NULL, '2022-10-14 09:47:46', '2022-11-26 06:39:47'),
(602, 11, 8, 39, '1', NULL, NULL, '2022-10-14 09:47:46', '2022-11-26 06:39:47'),
(603, 11, 8, 40, '48', NULL, NULL, '2022-10-14 09:47:46', '2022-11-26 06:39:47'),
(604, 11, 8, 41, '24', NULL, NULL, '2022-10-14 09:47:46', '2022-11-26 06:39:47'),
(605, 11, 8, 42, '1', NULL, NULL, '2022-10-14 09:47:46', '2022-11-26 06:39:47'),
(606, 11, 9, 43, '12', NULL, NULL, '2022-10-14 09:47:46', '2022-11-26 06:39:47'),
(607, 11, 9, 44, '12', NULL, NULL, '2022-10-14 09:47:46', '2022-11-26 06:39:47'),
(608, 11, 9, 45, '2', NULL, NULL, '2022-10-14 09:47:46', '2022-11-26 06:39:47'),
(609, 11, 9, 46, '1', NULL, NULL, '2022-10-14 09:47:46', '2022-11-26 06:39:47'),
(610, 11, 9, 47, '12', NULL, NULL, '2022-10-14 09:47:46', '2022-11-26 06:39:47'),
(611, 11, 10, 48, '1', NULL, NULL, '2022-10-14 09:47:46', '2022-11-26 06:39:47'),
(612, 11, 10, 49, '1', NULL, NULL, '2022-10-14 09:47:46', '2022-11-26 06:39:47'),
(613, 11, 11, 50, '12', NULL, NULL, '2022-10-14 09:47:46', '2022-11-26 06:39:47'),
(614, 11, 11, 51, '10', NULL, NULL, '2022-10-14 09:47:46', '2022-11-26 06:39:47'),
(615, 11, 11, 52, '54', NULL, NULL, '2022-10-14 09:47:46', '2022-11-26 06:39:47'),
(616, 11, 11, 53, '1', NULL, NULL, '2022-10-14 09:47:46', '2022-11-26 06:39:47'),
(617, 11, 11, 54, '30', NULL, NULL, '2022-10-14 09:47:46', '2022-11-26 06:39:47'),
(618, 11, 11, 55, '18', NULL, NULL, '2022-10-14 09:47:46', '2022-11-26 06:39:47'),
(619, 11, 12, 56, '1', NULL, NULL, '2022-10-14 09:47:46', '2022-11-26 06:39:47'),
(620, 11, 12, 57, '1', NULL, NULL, '2022-10-14 09:47:46', '2022-11-26 06:39:47'),
(621, 11, 12, 58, '1', NULL, NULL, '2022-10-14 09:47:46', '2022-11-26 06:39:47'),
(622, 11, 12, 59, '792', NULL, NULL, '2022-10-14 09:47:46', '2022-11-26 06:39:47'),
(623, 11, 12, 60, '1', NULL, NULL, '2022-10-14 09:47:46', '2022-11-26 06:39:47'),
(624, 11, 12, 61, '1', NULL, NULL, '2022-10-14 09:47:46', '2022-11-26 06:39:47'),
(625, 11, 13, 62, '1', NULL, NULL, '2022-10-14 09:47:46', '2022-11-26 06:39:47'),
(626, 11, 13, 63, '1', NULL, NULL, '2022-10-14 09:47:46', '2022-11-26 06:39:47'),
(627, 11, 13, 64, '1', NULL, NULL, '2022-10-14 09:47:46', '2022-11-26 06:39:47'),
(628, 11, 13, 65, '1', NULL, NULL, '2022-10-14 09:47:46', '2022-11-26 06:39:47'),
(629, 11, 13, 66, '4', NULL, NULL, '2022-10-14 09:47:46', '2022-11-26 06:39:47'),
(630, 11, 14, 67, '32', NULL, NULL, '2022-10-14 09:47:46', '2022-11-26 06:39:47'),
(631, 11, 14, 68, '2', NULL, NULL, '2022-10-14 09:47:46', '2022-11-26 06:39:47'),
(632, 11, 14, 69, '132', NULL, NULL, '2022-10-14 09:47:46', '2022-11-26 06:39:47'),
(633, 11, 14, 70, '1', NULL, NULL, '2022-10-14 09:47:46', '2022-11-26 06:39:47'),
(634, 11, 15, 71, '3', NULL, NULL, '2022-10-14 09:47:46', '2022-11-26 06:39:47'),
(635, 11, 15, 72, '552', NULL, NULL, '2022-10-14 09:47:46', '2022-11-26 06:39:47'),
(636, 11, 16, 73, '54', NULL, NULL, '2022-10-14 09:47:46', '2022-11-26 06:39:47'),
(637, 11, 16, 74, '1', NULL, NULL, '2022-10-14 09:47:46', '2022-11-26 06:39:47'),
(638, 11, 16, 75, '144', NULL, NULL, '2022-10-14 09:47:46', '2022-11-26 06:39:47'),
(639, 11, 16, 76, '1', NULL, NULL, '2022-10-14 09:47:46', '2022-11-26 06:39:47'),
(640, 11, 17, 77, '2', NULL, NULL, '2022-10-14 09:47:46', '2022-11-26 06:39:47'),
(641, 11, 17, 78, '2', NULL, NULL, '2022-10-14 09:47:46', '2022-11-26 06:39:47'),
(642, 11, 17, 79, '2', NULL, NULL, '2022-10-14 09:47:46', '2022-11-26 06:39:47'),
(643, 10, 1, 2, '48 DZ', NULL, NULL, '2022-10-14 10:00:19', '2022-12-24 12:32:42'),
(644, 10, 1, 3, '48 DZ', NULL, NULL, '2022-10-14 10:00:19', '2022-12-24 12:32:42'),
(645, 10, 2, 4, '48 DZ', NULL, NULL, '2022-10-14 10:00:19', '2022-12-24 12:32:42'),
(646, 10, 2, 5, '48 DZ', NULL, NULL, '2022-10-14 10:00:19', '2022-12-24 12:32:42'),
(647, 10, 3, 6, '48 DZ', NULL, NULL, '2022-10-14 10:00:19', '2022-12-24 12:32:43'),
(648, 10, 3, 7, '48 DZ', NULL, NULL, '2022-10-14 10:00:19', '2022-12-24 12:32:43'),
(649, 10, 3, 8, '48 DZ', NULL, NULL, '2022-10-14 10:00:19', '2022-12-24 12:32:43'),
(650, 10, 3, 9, '48 DZ', NULL, NULL, '2022-10-14 10:00:19', '2022-12-24 12:32:43'),
(651, 10, 3, 10, '48 DZ', NULL, NULL, '2022-10-14 10:00:19', '2022-12-24 12:32:43'),
(652, 10, 3, 11, '48 DZ', NULL, NULL, '2022-10-14 10:00:19', '2022-12-24 12:32:43'),
(653, 10, 3, 12, '48 DZ', NULL, NULL, '2022-10-14 10:00:19', '2022-12-24 12:32:43');
INSERT INTO `up_analyses_details` (`id`, `analyses_id`, `category_id`, `product_id`, `target_monthly_sales`, `type_of_analysis`, `action`, `created_at`, `updated_at`) VALUES
(654, 10, 3, 13, '48 DZ', NULL, NULL, '2022-10-14 10:00:19', '2022-12-24 12:32:43'),
(655, 10, 3, 14, '48 DZ', NULL, NULL, '2022-10-14 10:00:19', '2022-12-24 12:32:43'),
(656, 10, 4, 15, '48 DZ', NULL, NULL, '2022-10-14 10:00:19', '2022-12-24 12:32:43'),
(657, 10, 4, 16, '48 DZ', NULL, NULL, '2022-10-14 10:00:19', '2022-12-24 12:32:43'),
(658, 10, 5, 17, '48 DZ', NULL, NULL, '2022-10-14 10:00:19', '2022-12-24 12:32:43'),
(659, 10, 5, 18, '48 DZ', NULL, NULL, '2022-10-14 10:00:19', '2022-12-24 12:32:43'),
(660, 10, 5, 19, '48 DZ', NULL, NULL, '2022-10-14 10:00:19', '2022-12-24 12:32:43'),
(661, 10, 5, 20, '48 DZ', NULL, NULL, '2022-10-14 10:00:19', '2022-12-24 12:32:43'),
(662, 10, 5, 21, '48 DZ', NULL, NULL, '2022-10-14 10:00:19', '2022-12-24 12:32:43'),
(663, 10, 5, 22, '48 DZ', NULL, NULL, '2022-10-14 10:00:19', '2022-12-24 12:32:43'),
(664, 10, 5, 23, '48 DZ', NULL, NULL, '2022-10-14 10:00:19', '2022-12-24 12:32:43'),
(665, 10, 6, 24, '48 DZ', NULL, NULL, '2022-10-14 10:00:19', '2022-12-24 12:32:43'),
(666, 10, 6, 25, '48 DZ', NULL, NULL, '2022-10-14 10:00:19', '2022-12-24 12:32:43'),
(667, 10, 7, 26, '48 DZ', NULL, NULL, '2022-10-14 10:00:19', '2022-12-24 12:32:43'),
(668, 10, 7, 27, '48 DZ', NULL, NULL, '2022-10-14 10:00:19', '2022-12-24 12:32:43'),
(669, 10, 7, 28, '48 DZ', NULL, NULL, '2022-10-14 10:00:19', '2022-12-24 12:32:43'),
(670, 10, 7, 29, '48 DZ', NULL, NULL, '2022-10-14 10:00:19', '2022-12-24 12:32:43'),
(671, 10, 7, 30, '48 DZ', NULL, NULL, '2022-10-14 10:00:19', '2022-12-24 12:32:43'),
(672, 10, 7, 31, '48 DZ', NULL, NULL, '2022-10-14 10:00:19', '2022-12-24 12:32:43'),
(673, 10, 7, 32, '48 DZ', NULL, NULL, '2022-10-14 10:00:19', '2022-12-24 12:32:43'),
(674, 10, 7, 33, '48 DZ', NULL, NULL, '2022-10-14 10:00:19', '2022-12-24 12:32:43'),
(675, 10, 7, 34, '48 DZ', NULL, NULL, '2022-10-14 10:00:19', '2022-12-24 12:32:43'),
(676, 10, 7, 35, '48 DZ', NULL, NULL, '2022-10-14 10:00:19', '2022-12-24 12:32:43'),
(677, 10, 7, 36, '48 DZ', NULL, NULL, '2022-10-14 10:00:19', '2022-12-24 12:32:43'),
(678, 10, 7, 37, '48 DZ', NULL, NULL, '2022-10-14 10:00:19', '2022-12-24 12:32:43'),
(679, 10, 8, 38, '48 DZ', NULL, NULL, '2022-10-14 10:00:19', '2022-12-24 12:32:43'),
(680, 10, 8, 39, '48 DZ', NULL, NULL, '2022-10-14 10:00:19', '2022-12-24 12:32:43'),
(681, 10, 8, 40, '48 DZ', NULL, NULL, '2022-10-14 10:00:19', '2022-12-24 12:32:43'),
(682, 10, 8, 41, '48 DZ', NULL, NULL, '2022-10-14 10:00:19', '2022-12-24 12:32:43'),
(683, 10, 8, 42, '48 DZ', NULL, NULL, '2022-10-14 10:00:19', '2022-12-24 12:32:43'),
(684, 10, 9, 43, '48 DZ', NULL, NULL, '2022-10-14 10:00:19', '2022-12-24 12:32:43'),
(685, 10, 9, 44, '48 DZ', NULL, NULL, '2022-10-14 10:00:19', '2022-12-24 12:32:43'),
(686, 10, 9, 45, '48 DZ', NULL, NULL, '2022-10-14 10:00:19', '2022-12-24 12:32:43'),
(687, 10, 9, 46, '48 DZ', NULL, NULL, '2022-10-14 10:00:19', '2022-12-24 12:32:43'),
(688, 10, 9, 47, '48 DZ', NULL, NULL, '2022-10-14 10:00:19', '2022-12-24 12:32:43'),
(689, 10, 10, 48, '48 DZ', NULL, NULL, '2022-10-14 10:00:19', '2022-12-24 12:32:43'),
(690, 10, 10, 49, '48 DZ', NULL, NULL, '2022-10-14 10:00:19', '2022-12-24 12:32:43'),
(691, 10, 11, 50, '48 DZ', NULL, NULL, '2022-10-14 10:00:19', '2022-12-24 12:32:43'),
(692, 10, 11, 51, '48 DZ', NULL, NULL, '2022-10-14 10:00:19', '2022-12-24 12:32:43'),
(693, 10, 11, 52, '48 DZ', NULL, NULL, '2022-10-14 10:00:19', '2022-12-24 12:32:43'),
(694, 10, 11, 53, '48 DZ', NULL, NULL, '2022-10-14 10:00:19', '2022-12-24 12:32:43'),
(695, 10, 11, 54, '48 DZ', NULL, NULL, '2022-10-14 10:00:19', '2022-12-24 12:32:43'),
(696, 10, 11, 55, '48 DZ', NULL, NULL, '2022-10-14 10:00:19', '2022-12-24 12:32:43'),
(697, 10, 12, 56, '48 DZ', NULL, NULL, '2022-10-14 10:00:19', '2022-12-24 12:32:43'),
(698, 10, 12, 57, '48 DZ', NULL, NULL, '2022-10-14 10:00:19', '2022-12-24 12:32:43'),
(699, 10, 12, 58, '48 DZ', NULL, NULL, '2022-10-14 10:00:19', '2022-12-24 12:32:43'),
(700, 10, 12, 59, '48 DZ', NULL, NULL, '2022-10-14 10:00:19', '2022-12-24 12:32:43'),
(701, 10, 12, 60, '48 DZ', NULL, NULL, '2022-10-14 10:00:19', '2022-12-24 12:32:43'),
(702, 10, 12, 61, '48 DZ', NULL, NULL, '2022-10-14 10:00:19', '2022-12-24 12:32:43'),
(703, 10, 13, 62, '48 DZ', NULL, NULL, '2022-10-14 10:00:19', '2022-12-24 12:32:43'),
(704, 10, 13, 63, '48 DZ', NULL, NULL, '2022-10-14 10:00:19', '2022-12-24 12:32:43'),
(705, 10, 13, 64, '48 DZ', NULL, NULL, '2022-10-14 10:00:19', '2022-12-24 12:32:43'),
(706, 10, 13, 65, '48 DZ', NULL, NULL, '2022-10-14 10:00:19', '2022-12-24 12:32:43'),
(707, 10, 13, 66, '48 DZ', NULL, NULL, '2022-10-14 10:00:19', '2022-12-24 12:32:43'),
(708, 10, 14, 67, '48 DZ', NULL, NULL, '2022-10-14 10:00:19', '2022-12-24 12:32:43'),
(709, 10, 14, 68, '48 DZ', NULL, NULL, '2022-10-14 10:00:19', '2022-12-24 12:32:43'),
(710, 10, 14, 69, '48 DZ', NULL, NULL, '2022-10-14 10:00:19', '2022-12-24 12:32:43'),
(711, 10, 14, 70, '48 DZ', NULL, NULL, '2022-10-14 10:00:19', '2022-12-24 12:32:43'),
(712, 10, 15, 71, '48 DZ', NULL, NULL, '2022-10-14 10:00:19', '2022-12-24 12:32:43'),
(713, 10, 15, 72, '48 DZ', NULL, NULL, '2022-10-14 10:00:19', '2022-12-24 12:32:43'),
(714, 10, 16, 73, '48 DZ', NULL, NULL, '2022-10-14 10:00:19', '2022-12-24 12:32:43'),
(715, 10, 16, 74, '48 DZ', NULL, NULL, '2022-10-14 10:00:19', '2022-12-24 12:32:43'),
(716, 10, 16, 75, '48 DZ', NULL, NULL, '2022-10-14 10:00:19', '2022-12-24 12:32:43'),
(717, 10, 16, 76, '48 DZ', NULL, NULL, '2022-10-14 10:00:19', '2022-12-24 12:32:43'),
(718, 10, 17, 77, '48 DZ', NULL, NULL, '2022-10-14 10:00:19', '2022-12-24 12:32:43'),
(719, 10, 17, 78, '48 DZ', NULL, NULL, '2022-10-14 10:00:19', '2022-12-24 12:32:43'),
(720, 10, 17, 79, '48 DZ', NULL, NULL, '2022-10-14 10:00:19', '2022-12-24 12:32:43'),
(721, 12, 1, 1, '48 DZ', NULL, NULL, '2022-10-14 10:56:50', '2022-12-24 11:59:58'),
(722, 12, 1, 2, '48 DZ', NULL, NULL, '2022-10-14 10:56:50', '2022-12-24 11:59:58'),
(723, 12, 1, 3, '48 DZ', NULL, NULL, '2022-10-14 10:56:50', '2022-12-24 11:59:58'),
(724, 12, 2, 4, '48 DZ', NULL, NULL, '2022-10-14 10:56:50', '2022-12-24 11:59:58'),
(725, 12, 2, 5, '48 DZ', NULL, NULL, '2022-10-14 10:56:50', '2022-12-24 11:59:58'),
(726, 12, 3, 6, '48 DZ', NULL, NULL, '2022-10-14 10:56:50', '2022-12-24 11:59:58'),
(727, 12, 3, 7, '48 DZ', NULL, NULL, '2022-10-14 10:56:50', '2022-12-24 11:59:58'),
(728, 12, 3, 8, '48 DZ', NULL, NULL, '2022-10-14 10:56:50', '2022-12-24 11:59:58'),
(729, 12, 3, 9, '48 DZ', NULL, NULL, '2022-10-14 10:56:50', '2022-12-24 11:59:58'),
(730, 12, 3, 10, '48 DZ', NULL, NULL, '2022-10-14 10:56:50', '2022-12-24 11:59:58'),
(731, 12, 3, 11, '48 DZ', NULL, NULL, '2022-10-14 10:56:50', '2022-12-24 11:59:58'),
(732, 12, 3, 12, '48 DZ', NULL, NULL, '2022-10-14 10:56:50', '2022-12-24 11:59:58'),
(733, 12, 3, 13, '48 DZ', NULL, NULL, '2022-10-14 10:56:50', '2022-12-24 11:59:58'),
(734, 12, 3, 14, '48 DZ', NULL, NULL, '2022-10-14 10:56:50', '2022-12-24 11:59:58'),
(735, 12, 4, 15, '48 DZ', NULL, NULL, '2022-10-14 10:56:50', '2022-12-24 11:59:58'),
(736, 12, 4, 16, '48 DZ', NULL, NULL, '2022-10-14 10:56:50', '2022-12-24 11:59:58'),
(737, 12, 5, 17, '48 DZ', NULL, NULL, '2022-10-14 10:56:50', '2022-12-24 11:59:58'),
(738, 12, 5, 18, '48 DZ', NULL, NULL, '2022-10-14 10:56:50', '2022-12-24 11:59:58'),
(739, 12, 5, 19, '48 DZ', NULL, NULL, '2022-10-14 10:56:50', '2022-12-24 11:59:58'),
(740, 12, 5, 20, '48 DZ', NULL, NULL, '2022-10-14 10:56:50', '2022-12-24 11:59:58'),
(741, 12, 5, 21, '48 DZ', NULL, NULL, '2022-10-14 10:56:50', '2022-12-24 11:59:58'),
(742, 12, 5, 22, '48 DZ', NULL, NULL, '2022-10-14 10:56:50', '2022-12-24 11:59:58'),
(743, 12, 5, 23, '48 DZ', NULL, NULL, '2022-10-14 10:56:50', '2022-12-24 11:59:58'),
(744, 12, 6, 24, '48 DZ', NULL, NULL, '2022-10-14 10:56:50', '2022-12-24 11:59:58'),
(745, 12, 6, 25, '48 DZ', NULL, NULL, '2022-10-14 10:56:50', '2022-12-24 11:59:58'),
(746, 12, 7, 26, '48 DZ', NULL, NULL, '2022-10-14 10:56:50', '2022-12-24 11:59:58'),
(747, 12, 7, 27, '48 DZ', NULL, NULL, '2022-10-14 10:56:50', '2022-12-24 11:59:58'),
(748, 12, 7, 28, '48 DZ', NULL, NULL, '2022-10-14 10:56:50', '2022-12-24 11:59:58'),
(749, 12, 7, 29, '48 DZ', NULL, NULL, '2022-10-14 10:56:50', '2022-12-24 11:59:58'),
(750, 12, 7, 30, '48 DZ', NULL, NULL, '2022-10-14 10:56:50', '2022-12-24 11:59:58'),
(751, 12, 7, 31, '48 DZ', NULL, NULL, '2022-10-14 10:56:50', '2022-12-24 11:59:58'),
(752, 12, 7, 32, '48 DZ', NULL, NULL, '2022-10-14 10:56:50', '2022-12-24 11:59:58'),
(753, 12, 7, 33, '48 DZ', NULL, NULL, '2022-10-14 10:56:50', '2022-12-24 11:59:58'),
(754, 12, 7, 34, '48 DZ', NULL, NULL, '2022-10-14 10:56:50', '2022-12-24 11:59:58'),
(755, 12, 7, 35, '48 DZ', NULL, NULL, '2022-10-14 10:56:50', '2022-12-24 11:59:58'),
(756, 12, 7, 36, '48 DZ', NULL, NULL, '2022-10-14 10:56:50', '2022-12-24 11:59:58'),
(757, 12, 7, 37, '48 DZ', NULL, NULL, '2022-10-14 10:56:50', '2022-12-24 11:59:58'),
(758, 12, 8, 38, '48 DZ', NULL, NULL, '2022-10-14 10:56:50', '2022-12-24 11:59:58'),
(759, 12, 8, 39, '48 DZ', NULL, NULL, '2022-10-14 10:56:50', '2022-12-24 11:59:58'),
(760, 12, 8, 40, '48 DZ', NULL, NULL, '2022-10-14 10:56:50', '2022-12-24 11:59:58'),
(761, 12, 8, 41, '48 DZ', NULL, NULL, '2022-10-14 10:56:50', '2022-12-24 11:59:58'),
(762, 12, 8, 42, '48 DZ', NULL, NULL, '2022-10-14 10:56:50', '2022-12-24 11:59:58'),
(763, 12, 9, 43, '48 DZ', NULL, NULL, '2022-10-14 10:56:50', '2022-12-24 11:59:58'),
(764, 12, 9, 44, '48 DZ', NULL, NULL, '2022-10-14 10:56:50', '2022-12-24 11:59:58'),
(765, 12, 9, 45, '48 DZ', NULL, NULL, '2022-10-14 10:56:50', '2022-12-24 11:59:58'),
(766, 12, 9, 46, '48 DZ', NULL, NULL, '2022-10-14 10:56:50', '2022-12-24 11:59:58'),
(767, 12, 9, 47, '48 DZ', NULL, NULL, '2022-10-14 10:56:50', '2022-12-24 11:59:58'),
(768, 12, 10, 48, '48 DZ', NULL, NULL, '2022-10-14 10:56:50', '2022-12-24 11:59:58'),
(769, 12, 10, 49, '48 DZ', NULL, NULL, '2022-10-14 10:56:50', '2022-12-24 11:59:58'),
(770, 12, 11, 50, '48 DZ', NULL, NULL, '2022-10-14 10:56:50', '2022-12-24 11:59:58'),
(771, 12, 11, 51, '48 DZ', NULL, NULL, '2022-10-14 10:56:50', '2022-12-24 11:59:58'),
(772, 12, 11, 52, '48 DZ', NULL, NULL, '2022-10-14 10:56:50', '2022-12-24 11:59:58'),
(773, 12, 11, 54, '48 DZ', NULL, NULL, '2022-10-14 10:56:50', '2022-12-24 11:59:58'),
(774, 12, 11, 55, '48 DZ', NULL, NULL, '2022-10-14 10:56:50', '2022-12-24 11:59:58'),
(775, 12, 12, 56, '48 DZ', NULL, NULL, '2022-10-14 10:56:50', '2022-12-24 11:59:58'),
(776, 12, 12, 57, '48 DZ', NULL, NULL, '2022-10-14 10:56:50', '2022-12-24 11:59:58'),
(777, 12, 12, 58, '48 DZ', NULL, NULL, '2022-10-14 10:56:50', '2022-12-24 11:59:58'),
(778, 12, 12, 59, '48 DZ', NULL, NULL, '2022-10-14 10:56:50', '2022-12-24 11:59:58'),
(779, 12, 12, 60, '48 DZ', NULL, NULL, '2022-10-14 10:56:50', '2022-12-24 11:59:58'),
(780, 12, 12, 61, '48 DZ', NULL, NULL, '2022-10-14 10:56:50', '2022-12-24 11:59:58'),
(781, 12, 13, 62, '48 DZ', NULL, NULL, '2022-10-14 10:56:50', '2022-12-24 11:59:58'),
(782, 12, 13, 63, '48 DZ', NULL, NULL, '2022-10-14 10:56:50', '2022-12-24 11:59:58'),
(783, 12, 13, 64, '48 DZ', NULL, NULL, '2022-10-14 10:56:50', '2022-12-24 11:59:58'),
(784, 12, 13, 65, '48 DZ', NULL, NULL, '2022-10-14 10:56:50', '2022-12-24 11:59:58'),
(785, 12, 13, 66, '48 DZ', NULL, NULL, '2022-10-14 10:56:50', '2022-12-24 11:59:58'),
(786, 12, 14, 67, '48 DZ', NULL, NULL, '2022-10-14 10:56:50', '2022-12-24 11:59:58'),
(787, 12, 14, 68, '48 DZ', NULL, NULL, '2022-10-14 10:56:50', '2022-12-24 11:59:58'),
(788, 12, 14, 69, '48 DZ', NULL, NULL, '2022-10-14 10:56:50', '2022-12-24 11:59:58'),
(789, 12, 14, 70, '48 DZ', NULL, NULL, '2022-10-14 10:56:50', '2022-12-24 11:59:58'),
(790, 12, 15, 71, '48 DZ', NULL, NULL, '2022-10-14 10:56:50', '2022-12-24 11:59:58'),
(791, 12, 15, 72, '48 DZ', NULL, NULL, '2022-10-14 10:56:50', '2022-12-24 11:59:58'),
(792, 12, 16, 73, '48 DZ', NULL, NULL, '2022-10-14 10:56:50', '2022-12-24 11:59:58'),
(793, 12, 16, 74, '48 DZ', NULL, NULL, '2022-10-14 10:56:50', '2022-12-24 11:59:58'),
(794, 12, 16, 75, '48 DZ', NULL, NULL, '2022-10-14 10:56:50', '2022-12-24 11:59:58'),
(795, 12, 16, 76, '48 DZ', NULL, NULL, '2022-10-14 10:56:50', '2022-12-24 11:59:58'),
(796, 12, 17, 77, '48 DZ', NULL, NULL, '2022-10-14 10:56:50', '2022-12-24 11:59:58'),
(797, 12, 17, 78, '48 DZ', NULL, NULL, '2022-10-14 10:56:50', '2022-12-24 11:59:58'),
(798, 12, 17, 79, '48 DZ', NULL, NULL, '2022-10-14 10:56:50', '2022-12-24 11:59:58'),
(799, 13, 1, 1, '2', NULL, NULL, '2022-10-14 11:25:44', '2022-10-14 11:25:49'),
(800, 13, 1, 2, '1', NULL, NULL, '2022-10-14 11:25:44', '2022-10-14 11:25:49'),
(801, 13, 1, 3, '1', NULL, NULL, '2022-10-14 11:25:44', '2022-10-14 11:25:49'),
(802, 13, 2, 4, '3', NULL, NULL, '2022-10-14 11:25:44', '2022-10-14 11:25:49'),
(803, 13, 2, 5, '1', NULL, NULL, '2022-10-14 11:25:44', '2022-10-14 11:25:49'),
(804, 13, 3, 6, '4', NULL, NULL, '2022-10-14 11:25:44', '2022-10-14 11:25:49'),
(805, 13, 3, 7, '1', NULL, NULL, '2022-10-14 11:25:44', '2022-10-14 11:25:49'),
(806, 13, 3, 8, '1', NULL, NULL, '2022-10-14 11:25:44', '2022-10-14 11:25:49'),
(807, 13, 3, 9, '1', NULL, NULL, '2022-10-14 11:25:44', '2022-10-14 11:25:49'),
(808, 13, 3, 10, '8', NULL, NULL, '2022-10-14 11:25:44', '2022-10-14 11:25:49'),
(809, 13, 3, 11, '2', NULL, NULL, '2022-10-14 11:25:44', '2022-10-14 11:25:49'),
(810, 13, 3, 12, '4', NULL, NULL, '2022-10-14 11:25:44', '2022-10-14 11:25:49'),
(811, 13, 3, 13, '1', NULL, NULL, '2022-10-14 11:25:44', '2022-10-14 11:25:49'),
(812, 13, 3, 14, '1', NULL, NULL, '2022-10-14 11:25:44', '2022-10-14 11:25:49'),
(813, 13, 4, 15, '10', NULL, NULL, '2022-10-14 11:25:44', '2022-10-14 11:25:49'),
(814, 13, 4, 16, '1', NULL, NULL, '2022-10-14 11:25:44', '2022-10-14 11:25:49'),
(815, 13, 5, 17, '1', NULL, NULL, '2022-10-14 11:25:44', '2022-10-14 11:25:49'),
(816, 13, 5, 18, '1', NULL, NULL, '2022-10-14 11:25:44', '2022-10-14 11:25:49'),
(817, 13, 5, 19, '1', NULL, NULL, '2022-10-14 11:25:44', '2022-10-14 11:25:49'),
(818, 13, 5, 20, '1', NULL, NULL, '2022-10-14 11:25:44', '2022-10-14 11:25:49'),
(819, 13, 5, 21, '1', NULL, NULL, '2022-10-14 11:25:44', '2022-10-14 11:25:49'),
(820, 13, 5, 22, '1', NULL, NULL, '2022-10-14 11:25:44', '2022-10-14 11:25:49'),
(821, 13, 5, 23, '1', NULL, NULL, '2022-10-14 11:25:44', '2022-10-14 11:25:49'),
(822, 13, 6, 24, '2', NULL, NULL, '2022-10-14 11:25:44', '2022-10-14 11:25:49'),
(823, 13, 6, 25, '3', NULL, NULL, '2022-10-14 11:25:44', '2022-10-14 11:25:49'),
(824, 13, 7, 26, '1', NULL, NULL, '2022-10-14 11:25:44', '2022-10-14 11:25:49'),
(825, 13, 7, 27, '1', NULL, NULL, '2022-10-14 11:25:44', '2022-10-14 11:25:49'),
(826, 13, 7, 28, '1', NULL, NULL, '2022-10-14 11:25:44', '2022-10-14 11:25:49'),
(827, 13, 7, 29, '28', NULL, NULL, '2022-10-14 11:25:44', '2022-10-14 11:25:49'),
(828, 13, 7, 30, '1', NULL, NULL, '2022-10-14 11:25:44', '2022-10-14 11:25:49'),
(829, 13, 7, 31, '1', NULL, NULL, '2022-10-14 11:25:44', '2022-10-14 11:25:49'),
(830, 13, 7, 32, '6', NULL, NULL, '2022-10-14 11:25:44', '2022-10-14 11:25:49'),
(831, 13, 7, 33, '1', NULL, NULL, '2022-10-14 11:25:44', '2022-10-14 11:25:49'),
(832, 13, 7, 34, '1', NULL, NULL, '2022-10-14 11:25:44', '2022-10-14 11:25:49'),
(833, 13, 7, 35, '2', NULL, NULL, '2022-10-14 11:25:44', '2022-10-14 11:25:49'),
(834, 13, 7, 36, '26', NULL, NULL, '2022-10-14 11:25:44', '2022-10-14 11:25:49'),
(835, 13, 7, 37, '12', NULL, NULL, '2022-10-14 11:25:44', '2022-10-14 11:25:49'),
(836, 13, 8, 38, '1', NULL, NULL, '2022-10-14 11:25:44', '2022-10-14 11:25:49'),
(837, 13, 8, 39, '1', NULL, NULL, '2022-10-14 11:25:44', '2022-10-14 11:25:49'),
(838, 13, 8, 40, '6', NULL, NULL, '2022-10-14 11:25:44', '2022-10-14 11:25:49'),
(839, 13, 8, 41, '6', NULL, NULL, '2022-10-14 11:25:44', '2022-10-14 11:25:49'),
(840, 13, 8, 42, '1', NULL, NULL, '2022-10-14 11:25:44', '2022-10-14 11:25:49'),
(841, 13, 9, 43, '3', NULL, NULL, '2022-10-14 11:25:44', '2022-10-14 11:25:49'),
(842, 13, 9, 44, '1', NULL, NULL, '2022-10-14 11:25:44', '2022-10-14 11:25:49'),
(843, 13, 9, 45, '1', NULL, NULL, '2022-10-14 11:25:44', '2022-10-14 11:25:49'),
(844, 13, 9, 46, '1', NULL, NULL, '2022-10-14 11:25:44', '2022-10-14 11:25:49'),
(845, 13, 9, 47, '1', NULL, NULL, '2022-10-14 11:25:44', '2022-10-14 11:25:49'),
(846, 13, 10, 48, '34', NULL, NULL, '2022-10-14 11:25:44', '2022-10-14 11:25:49'),
(847, 13, 10, 49, '8', NULL, NULL, '2022-10-14 11:25:44', '2022-10-14 11:25:49'),
(848, 13, 11, 50, '1', NULL, NULL, '2022-10-14 11:25:44', '2022-10-14 11:25:49'),
(849, 13, 11, 51, '1', NULL, NULL, '2022-10-14 11:25:44', '2022-10-14 11:25:49'),
(850, 13, 11, 52, '1', NULL, NULL, '2022-10-14 11:25:44', '2022-10-14 11:25:49'),
(851, 13, 11, 53, '1', NULL, NULL, '2022-10-14 11:25:44', '2022-10-14 11:25:49'),
(852, 13, 11, 54, '1', NULL, NULL, '2022-10-14 11:25:44', '2022-10-14 11:25:49'),
(853, 13, 11, 55, '1', NULL, NULL, '2022-10-14 11:25:44', '2022-10-14 11:25:49'),
(854, 13, 12, 56, '4', NULL, NULL, '2022-10-14 11:25:44', '2022-10-14 11:25:49'),
(855, 13, 12, 57, '1', NULL, NULL, '2022-10-14 11:25:44', '2022-10-14 11:25:49'),
(856, 13, 12, 58, '28', NULL, NULL, '2022-10-14 11:25:44', '2022-10-14 11:25:49'),
(857, 13, 12, 59, '4', NULL, NULL, '2022-10-14 11:25:44', '2022-10-14 11:25:49'),
(858, 13, 12, 60, '1', NULL, NULL, '2022-10-14 11:25:44', '2022-10-14 11:25:49'),
(859, 13, 12, 61, '12', NULL, NULL, '2022-10-14 11:25:44', '2022-10-14 11:25:49'),
(860, 13, 13, 62, '10', NULL, NULL, '2022-10-14 11:25:44', '2022-10-14 11:25:49'),
(861, 13, 13, 63, '1', NULL, NULL, '2022-10-14 11:25:44', '2022-10-14 11:25:49'),
(862, 13, 13, 64, '10', NULL, NULL, '2022-10-14 11:25:44', '2022-10-14 11:25:49'),
(863, 13, 13, 65, '1', NULL, NULL, '2022-10-14 11:25:44', '2022-10-14 11:25:49'),
(864, 13, 13, 66, '30', NULL, NULL, '2022-10-14 11:25:44', '2022-10-14 11:25:49'),
(865, 13, 14, 67, '4', NULL, NULL, '2022-10-14 11:25:44', '2022-10-14 11:25:49'),
(866, 13, 14, 68, '2', NULL, NULL, '2022-10-14 11:25:44', '2022-10-14 11:25:49'),
(867, 13, 14, 69, '44', NULL, NULL, '2022-10-14 11:25:44', '2022-10-14 11:25:49'),
(868, 13, 14, 70, '14', NULL, NULL, '2022-10-14 11:25:44', '2022-10-14 11:25:49'),
(869, 13, 15, 71, '3', NULL, NULL, '2022-10-14 11:25:44', '2022-10-14 11:25:49'),
(870, 13, 15, 72, '6', NULL, NULL, '2022-10-14 11:25:44', '2022-10-14 11:25:49'),
(871, 13, 16, 73, '370', NULL, NULL, '2022-10-14 11:25:44', '2022-10-14 11:25:49'),
(872, 13, 16, 74, '12', NULL, NULL, '2022-10-14 11:25:44', '2022-10-14 11:25:49'),
(873, 13, 16, 75, '14', NULL, NULL, '2022-10-14 11:25:44', '2022-10-14 11:25:49'),
(874, 13, 16, 76, '1', NULL, NULL, '2022-10-14 11:25:44', '2022-10-14 11:25:49'),
(875, 13, 17, 77, '3', NULL, NULL, '2022-10-14 11:25:44', '2022-10-14 11:25:49'),
(876, 13, 17, 78, '2', NULL, NULL, '2022-10-14 11:25:44', '2022-10-14 11:25:49'),
(877, 13, 17, 79, '2', NULL, NULL, '2022-10-14 11:25:44', '2022-10-14 11:25:49'),
(878, 14, 1, 1, '1', NULL, NULL, '2022-10-14 11:50:02', '2022-10-14 11:50:12'),
(879, 14, 1, 2, '24', NULL, NULL, '2022-10-14 11:50:02', '2022-10-14 11:50:12'),
(880, 14, 1, 3, '1', NULL, NULL, '2022-10-14 11:50:02', '2022-10-14 11:50:12'),
(881, 14, 2, 4, '4', NULL, NULL, '2022-10-14 11:50:02', '2022-10-14 11:50:12'),
(882, 14, 2, 5, '1', NULL, NULL, '2022-10-14 11:50:02', '2022-10-14 11:50:12'),
(883, 14, 3, 6, '16', NULL, NULL, '2022-10-14 11:50:02', '2022-10-14 11:50:12'),
(884, 14, 3, 7, '1', NULL, NULL, '2022-10-14 11:50:02', '2022-10-14 11:50:12'),
(885, 14, 3, 8, '1', NULL, NULL, '2022-10-14 11:50:02', '2022-10-14 11:50:12'),
(886, 14, 3, 9, '1', NULL, NULL, '2022-10-14 11:50:02', '2022-10-14 11:50:12'),
(887, 14, 3, 10, '6', NULL, NULL, '2022-10-14 11:50:02', '2022-10-14 11:50:12'),
(888, 14, 3, 11, '1', NULL, NULL, '2022-10-14 11:50:02', '2022-10-14 11:50:12'),
(889, 14, 3, 12, '4', NULL, NULL, '2022-10-14 11:50:02', '2022-10-14 11:50:12'),
(890, 14, 3, 13, '6', NULL, NULL, '2022-10-14 11:50:02', '2022-10-14 11:50:12'),
(891, 14, 3, 14, '6', NULL, NULL, '2022-10-14 11:50:02', '2022-10-14 11:50:12'),
(892, 14, 4, 15, '1', NULL, NULL, '2022-10-14 11:50:02', '2022-10-14 11:50:12'),
(893, 14, 4, 16, '1', NULL, NULL, '2022-10-14 11:50:02', '2022-10-14 11:50:12'),
(894, 14, 5, 17, '1', NULL, NULL, '2022-10-14 11:50:02', '2022-10-14 11:50:12'),
(895, 14, 5, 18, '1', NULL, NULL, '2022-10-14 11:50:02', '2022-10-14 11:50:12'),
(896, 14, 5, 19, '1', NULL, NULL, '2022-10-14 11:50:02', '2022-10-14 11:50:12'),
(897, 14, 5, 20, '1', NULL, NULL, '2022-10-14 11:50:02', '2022-10-14 11:50:12'),
(898, 14, 5, 21, '1', NULL, NULL, '2022-10-14 11:50:02', '2022-10-14 11:50:12'),
(899, 14, 5, 22, '1', NULL, NULL, '2022-10-14 11:50:02', '2022-10-14 11:50:12'),
(900, 14, 5, 23, '1', NULL, NULL, '2022-10-14 11:50:02', '2022-10-14 11:50:12'),
(901, 14, 6, 24, '20', NULL, NULL, '2022-10-14 11:50:02', '2022-10-14 11:50:12'),
(902, 14, 6, 25, '5', NULL, NULL, '2022-10-14 11:50:02', '2022-10-14 11:50:12'),
(903, 14, 7, 26, '80', NULL, NULL, '2022-10-14 11:50:02', '2022-10-14 11:50:12'),
(904, 14, 7, 27, '1', NULL, NULL, '2022-10-14 11:50:02', '2022-10-14 11:50:12'),
(905, 14, 7, 28, '1', NULL, NULL, '2022-10-14 11:50:02', '2022-10-14 11:50:12'),
(906, 14, 7, 29, '1', NULL, NULL, '2022-10-14 11:50:02', '2022-10-14 11:50:12'),
(907, 14, 7, 30, '1', NULL, NULL, '2022-10-14 11:50:02', '2022-10-14 11:50:12'),
(908, 14, 7, 31, '3', NULL, NULL, '2022-10-14 11:50:02', '2022-10-14 11:50:12'),
(909, 14, 7, 32, '3', NULL, NULL, '2022-10-14 11:50:02', '2022-10-14 11:50:12'),
(910, 14, 7, 33, '1', NULL, NULL, '2022-10-14 11:50:02', '2022-10-14 11:50:12'),
(911, 14, 7, 34, '1', NULL, NULL, '2022-10-14 11:50:02', '2022-10-14 11:50:12'),
(912, 14, 7, 35, '1', NULL, NULL, '2022-10-14 11:50:02', '2022-10-14 11:50:12'),
(913, 14, 7, 36, '40', NULL, NULL, '2022-10-14 11:50:02', '2022-10-14 11:50:12'),
(914, 14, 7, 37, '1', NULL, NULL, '2022-10-14 11:50:02', '2022-10-14 11:50:12'),
(915, 14, 8, 38, '1', NULL, NULL, '2022-10-14 11:50:02', '2022-10-14 11:50:12'),
(916, 14, 8, 39, '1', NULL, NULL, '2022-10-14 11:50:02', '2022-10-14 11:50:12'),
(917, 14, 8, 40, '26', NULL, NULL, '2022-10-14 11:50:02', '2022-10-14 11:50:12'),
(918, 14, 8, 41, '4', NULL, NULL, '2022-10-14 11:50:02', '2022-10-14 11:50:12'),
(919, 14, 8, 42, '1', NULL, NULL, '2022-10-14 11:50:02', '2022-10-14 11:50:12'),
(920, 14, 9, 43, '1', NULL, NULL, '2022-10-14 11:50:02', '2022-10-14 11:50:12'),
(921, 14, 9, 44, '1', NULL, NULL, '2022-10-14 11:50:02', '2022-10-14 11:50:12'),
(922, 14, 9, 45, '1', NULL, NULL, '2022-10-14 11:50:02', '2022-10-14 11:50:12'),
(923, 14, 9, 46, '1', NULL, NULL, '2022-10-14 11:50:02', '2022-10-14 11:50:12'),
(924, 14, 9, 47, '1', NULL, NULL, '2022-10-14 11:50:02', '2022-10-14 11:50:12'),
(925, 14, 10, 48, '1', NULL, NULL, '2022-10-14 11:50:02', '2022-10-14 11:50:12'),
(926, 14, 10, 49, '1', NULL, NULL, '2022-10-14 11:50:02', '2022-10-14 11:50:12'),
(927, 14, 11, 50, '1', NULL, NULL, '2022-10-14 11:50:02', '2022-10-14 11:50:12'),
(928, 14, 11, 51, '1', NULL, NULL, '2022-10-14 11:50:02', '2022-10-14 11:50:12'),
(929, 14, 11, 52, '1', NULL, NULL, '2022-10-14 11:50:02', '2022-10-14 11:50:12'),
(930, 14, 11, 53, '1', NULL, NULL, '2022-10-14 11:50:02', '2022-10-14 11:50:12'),
(931, 14, 11, 54, '2', NULL, NULL, '2022-10-14 11:50:02', '2022-10-14 11:50:12'),
(932, 14, 11, 55, '1', NULL, NULL, '2022-10-14 11:50:02', '2022-10-14 11:50:12'),
(933, 14, 12, 56, '1', NULL, NULL, '2022-10-14 11:50:02', '2022-10-14 11:50:12'),
(934, 14, 12, 57, '1', NULL, NULL, '2022-10-14 11:50:02', '2022-10-14 11:50:12'),
(935, 14, 12, 58, '6', NULL, NULL, '2022-10-14 11:50:02', '2022-10-14 11:50:12'),
(936, 14, 12, 59, '4', NULL, NULL, '2022-10-14 11:50:02', '2022-10-14 11:50:12'),
(937, 14, 12, 60, '1', NULL, NULL, '2022-10-14 11:50:02', '2022-10-14 11:50:12'),
(938, 14, 12, 61, '36', NULL, NULL, '2022-10-14 11:50:02', '2022-10-14 11:50:12'),
(939, 14, 13, 62, '10', NULL, NULL, '2022-10-14 11:50:02', '2022-10-14 11:50:12'),
(940, 14, 13, 63, '1', NULL, NULL, '2022-10-14 11:50:02', '2022-10-14 11:50:12'),
(941, 14, 13, 64, '1', NULL, NULL, '2022-10-14 11:50:02', '2022-10-14 11:50:12'),
(942, 14, 13, 65, '1', NULL, NULL, '2022-10-14 11:50:02', '2022-10-14 11:50:12'),
(943, 14, 13, 66, '1', NULL, NULL, '2022-10-14 11:50:02', '2022-10-14 11:50:12'),
(944, 14, 14, 67, '1', NULL, NULL, '2022-10-14 11:50:02', '2022-10-14 11:50:12'),
(945, 14, 14, 68, '1', NULL, NULL, '2022-10-14 11:50:02', '2022-10-14 11:50:12'),
(946, 14, 14, 69, '1', NULL, NULL, '2022-10-14 11:50:02', '2022-10-14 11:50:12'),
(947, 14, 14, 70, '1', NULL, NULL, '2022-10-14 11:50:02', '2022-10-14 11:50:12'),
(948, 14, 15, 71, '3', NULL, NULL, '2022-10-14 11:50:02', '2022-10-14 11:50:12'),
(949, 14, 15, 72, '6', NULL, NULL, '2022-10-14 11:50:02', '2022-10-14 11:50:12'),
(950, 14, 16, 73, '1', NULL, NULL, '2022-10-14 11:50:02', '2022-10-14 11:50:12'),
(951, 14, 16, 74, '1', NULL, NULL, '2022-10-14 11:50:02', '2022-10-14 11:50:12'),
(952, 14, 16, 75, '1', NULL, NULL, '2022-10-14 11:50:02', '2022-10-14 11:50:12'),
(953, 14, 16, 76, '1', NULL, NULL, '2022-10-14 11:50:02', '2022-10-14 11:50:12'),
(954, 14, 17, 77, '2', NULL, NULL, '2022-10-14 11:50:02', '2022-10-14 11:50:12'),
(955, 14, 17, 78, '2', NULL, NULL, '2022-10-14 11:50:02', '2022-10-14 11:50:12'),
(956, 14, 17, 79, '6', NULL, NULL, '2022-10-14 11:50:02', '2022-10-14 11:50:12'),
(957, 15, 1, 1, '10', NULL, NULL, '2022-10-14 11:59:24', '2022-10-14 11:59:34'),
(958, 15, 1, 2, '10', NULL, NULL, '2022-10-14 11:59:24', '2022-10-14 11:59:34'),
(959, 15, 1, 3, '1', NULL, NULL, '2022-10-14 11:59:24', '2022-10-14 11:59:34'),
(960, 15, 2, 4, '3', NULL, NULL, '2022-10-14 11:59:24', '2022-10-14 11:59:34'),
(961, 15, 2, 5, '1', NULL, NULL, '2022-10-14 11:59:24', '2022-10-14 11:59:34'),
(962, 15, 3, 6, '16', NULL, NULL, '2022-10-14 11:59:24', '2022-10-14 11:59:34'),
(963, 15, 3, 7, '10', NULL, NULL, '2022-10-14 11:59:24', '2022-10-14 11:59:34'),
(964, 15, 3, 8, '1', NULL, NULL, '2022-10-14 11:59:24', '2022-10-14 11:59:34'),
(965, 15, 3, 9, '1', NULL, NULL, '2022-10-14 11:59:24', '2022-10-14 11:59:34'),
(966, 15, 3, 10, '10', NULL, NULL, '2022-10-14 11:59:24', '2022-10-14 11:59:34'),
(967, 15, 3, 11, '1', NULL, NULL, '2022-10-14 11:59:24', '2022-10-14 11:59:34'),
(968, 15, 3, 12, '6', NULL, NULL, '2022-10-14 11:59:24', '2022-10-14 11:59:34'),
(969, 15, 3, 13, '1', NULL, NULL, '2022-10-14 11:59:24', '2022-10-14 11:59:34'),
(970, 15, 3, 14, '2', NULL, NULL, '2022-10-14 11:59:24', '2022-10-14 11:59:34'),
(971, 15, 4, 15, '26', NULL, NULL, '2022-10-14 11:59:24', '2022-10-14 11:59:34'),
(972, 15, 4, 16, '2', NULL, NULL, '2022-10-14 11:59:24', '2022-10-14 11:59:34'),
(973, 15, 5, 17, '1', NULL, NULL, '2022-10-14 11:59:24', '2022-10-14 11:59:34'),
(974, 15, 5, 18, '1', NULL, NULL, '2022-10-14 11:59:24', '2022-10-14 11:59:34'),
(975, 15, 5, 19, '1', NULL, NULL, '2022-10-14 11:59:24', '2022-10-14 11:59:34'),
(976, 15, 5, 20, '1', NULL, NULL, '2022-10-14 11:59:24', '2022-10-14 11:59:34'),
(977, 15, 5, 21, '1', NULL, NULL, '2022-10-14 11:59:24', '2022-10-14 11:59:34'),
(978, 15, 5, 22, '1', NULL, NULL, '2022-10-14 11:59:24', '2022-10-14 11:59:34'),
(979, 15, 5, 23, '1', NULL, NULL, '2022-10-14 11:59:24', '2022-10-14 11:59:34'),
(980, 15, 6, 24, '8', NULL, NULL, '2022-10-14 11:59:24', '2022-10-14 11:59:34'),
(981, 15, 6, 25, '2', NULL, NULL, '2022-10-14 11:59:24', '2022-10-14 11:59:34'),
(982, 15, 7, 26, '18', NULL, NULL, '2022-10-14 11:59:24', '2022-10-14 11:59:34'),
(983, 15, 7, 27, '4', NULL, NULL, '2022-10-14 11:59:24', '2022-10-14 11:59:34'),
(984, 15, 7, 28, '12', NULL, NULL, '2022-10-14 11:59:24', '2022-10-14 11:59:34'),
(985, 15, 7, 29, '24', NULL, NULL, '2022-10-14 11:59:24', '2022-10-14 11:59:34'),
(986, 15, 7, 30, '1', NULL, NULL, '2022-10-14 11:59:24', '2022-10-14 11:59:34'),
(987, 15, 7, 31, '3', NULL, NULL, '2022-10-14 11:59:24', '2022-10-14 11:59:34'),
(988, 15, 7, 32, '3', NULL, NULL, '2022-10-14 11:59:24', '2022-10-14 11:59:34'),
(989, 15, 7, 33, '14', NULL, NULL, '2022-10-14 11:59:24', '2022-10-14 11:59:34'),
(990, 15, 7, 34, '1', NULL, NULL, '2022-10-14 11:59:24', '2022-10-14 11:59:34'),
(991, 15, 7, 35, '1', NULL, NULL, '2022-10-14 11:59:24', '2022-10-14 11:59:34'),
(992, 15, 7, 36, '56', NULL, NULL, '2022-10-14 11:59:24', '2022-10-14 11:59:34'),
(993, 15, 7, 37, '2', NULL, NULL, '2022-10-14 11:59:24', '2022-10-14 11:59:34'),
(994, 15, 8, 38, '1', NULL, NULL, '2022-10-14 11:59:24', '2022-10-14 11:59:34'),
(995, 15, 8, 39, '1', NULL, NULL, '2022-10-14 11:59:24', '2022-10-14 11:59:34'),
(996, 15, 8, 40, '14', NULL, NULL, '2022-10-14 11:59:24', '2022-10-14 11:59:34'),
(997, 15, 8, 41, '4', NULL, NULL, '2022-10-14 11:59:24', '2022-10-14 11:59:34'),
(998, 15, 8, 42, '1', NULL, NULL, '2022-10-14 11:59:24', '2022-10-14 11:59:34'),
(999, 15, 9, 43, '2', NULL, NULL, '2022-10-14 11:59:24', '2022-10-14 11:59:34'),
(1000, 15, 9, 44, '1', NULL, NULL, '2022-10-14 11:59:24', '2022-10-14 11:59:34'),
(1001, 15, 9, 45, '1', NULL, NULL, '2022-10-14 11:59:24', '2022-10-14 11:59:34'),
(1002, 15, 9, 46, '1', NULL, NULL, '2022-10-14 11:59:24', '2022-10-14 11:59:34'),
(1003, 15, 9, 47, '5', NULL, NULL, '2022-10-14 11:59:24', '2022-10-14 11:59:34'),
(1004, 15, 10, 48, '34', NULL, NULL, '2022-10-14 11:59:24', '2022-10-14 11:59:35'),
(1005, 15, 10, 49, '8', NULL, NULL, '2022-10-14 11:59:24', '2022-10-14 11:59:35'),
(1006, 15, 11, 50, '1', NULL, NULL, '2022-10-14 11:59:24', '2022-10-14 11:59:35'),
(1007, 15, 11, 51, '1', NULL, NULL, '2022-10-14 11:59:24', '2022-10-14 11:59:35'),
(1008, 15, 11, 52, '1', NULL, NULL, '2022-10-14 11:59:24', '2022-10-14 11:59:35'),
(1009, 15, 11, 53, '1', NULL, NULL, '2022-10-14 11:59:24', '2022-10-14 11:59:35'),
(1010, 15, 11, 54, '1', NULL, NULL, '2022-10-14 11:59:24', '2022-10-14 11:59:35'),
(1011, 15, 11, 55, '1', NULL, NULL, '2022-10-14 11:59:24', '2022-10-14 11:59:35'),
(1012, 15, 12, 56, '4', NULL, NULL, '2022-10-14 11:59:24', '2022-10-14 11:59:35'),
(1013, 15, 12, 57, '1', NULL, NULL, '2022-10-14 11:59:24', '2022-10-14 11:59:35'),
(1014, 15, 12, 58, '28', NULL, NULL, '2022-10-14 11:59:24', '2022-10-14 11:59:35'),
(1015, 15, 12, 59, '4', NULL, NULL, '2022-10-14 11:59:24', '2022-10-14 11:59:35'),
(1016, 15, 12, 60, '1', NULL, NULL, '2022-10-14 11:59:24', '2022-10-14 11:59:35'),
(1017, 15, 12, 61, '12', NULL, NULL, '2022-10-14 11:59:24', '2022-10-14 11:59:35'),
(1018, 15, 13, 62, '10', NULL, NULL, '2022-10-14 11:59:24', '2022-10-14 11:59:35'),
(1019, 15, 13, 63, '1', NULL, NULL, '2022-10-14 11:59:24', '2022-10-14 11:59:35'),
(1020, 15, 13, 64, '10', NULL, NULL, '2022-10-14 11:59:24', '2022-10-14 11:59:35'),
(1021, 15, 13, 65, '1', NULL, NULL, '2022-10-14 11:59:24', '2022-10-14 11:59:35'),
(1022, 15, 13, 66, '30', NULL, NULL, '2022-10-14 11:59:24', '2022-10-14 11:59:35'),
(1023, 15, 14, 67, '4', NULL, NULL, '2022-10-14 11:59:24', '2022-10-14 11:59:35'),
(1024, 15, 14, 68, '2', NULL, NULL, '2022-10-14 11:59:24', '2022-10-14 11:59:35'),
(1025, 15, 14, 69, '44', NULL, NULL, '2022-10-14 11:59:24', '2022-10-14 11:59:35'),
(1026, 15, 14, 70, '14', NULL, NULL, '2022-10-14 11:59:24', '2022-10-14 11:59:35'),
(1027, 15, 15, 71, '3', NULL, NULL, '2022-10-14 11:59:24', '2022-10-14 11:59:35'),
(1028, 15, 15, 72, '6', NULL, NULL, '2022-10-14 11:59:24', '2022-10-14 11:59:35'),
(1029, 15, 16, 73, '370', NULL, NULL, '2022-10-14 11:59:24', '2022-10-14 11:59:35'),
(1030, 15, 16, 74, '12', NULL, NULL, '2022-10-14 11:59:24', '2022-10-14 11:59:35'),
(1031, 15, 16, 75, '14', NULL, NULL, '2022-10-14 11:59:24', '2022-10-14 11:59:35'),
(1032, 15, 16, 76, '1', NULL, NULL, '2022-10-14 11:59:24', '2022-10-14 11:59:35'),
(1033, 15, 17, 77, '3', NULL, NULL, '2022-10-14 11:59:24', '2022-10-14 11:59:35'),
(1034, 15, 17, 78, '2', NULL, NULL, '2022-10-14 11:59:24', '2022-10-14 11:59:35'),
(1035, 15, 17, 79, '2', NULL, NULL, '2022-10-14 11:59:24', '2022-10-14 11:59:35'),
(1036, 16, 1, 1, '1', NULL, NULL, '2022-10-14 12:19:08', '2022-10-14 12:19:13'),
(1037, 16, 1, 2, '4', NULL, NULL, '2022-10-14 12:19:08', '2022-10-14 12:19:13'),
(1038, 16, 1, 3, '1', NULL, NULL, '2022-10-14 12:19:08', '2022-10-14 12:19:13'),
(1039, 16, 2, 4, '1', NULL, NULL, '2022-10-14 12:19:08', '2022-10-14 12:19:13'),
(1040, 16, 2, 5, '1', NULL, NULL, '2022-10-14 12:19:08', '2022-10-14 12:19:13'),
(1041, 16, 3, 6, '1', NULL, NULL, '2022-10-14 12:19:08', '2022-10-14 12:19:13'),
(1042, 16, 3, 7, '2', NULL, NULL, '2022-10-14 12:19:08', '2022-10-14 12:19:13'),
(1043, 16, 3, 8, '1', NULL, NULL, '2022-10-14 12:19:08', '2022-10-14 12:19:13'),
(1044, 16, 3, 9, '1', NULL, NULL, '2022-10-14 12:19:08', '2022-10-14 12:19:13'),
(1045, 16, 3, 10, '12', NULL, NULL, '2022-10-14 12:19:08', '2022-10-14 12:19:13'),
(1046, 16, 3, 11, '6', NULL, NULL, '2022-10-14 12:19:08', '2022-10-14 12:19:13'),
(1047, 16, 3, 12, '1', NULL, NULL, '2022-10-14 12:19:08', '2022-10-14 12:19:13'),
(1048, 16, 3, 13, '1', NULL, NULL, '2022-10-14 12:19:08', '2022-10-14 12:19:13'),
(1049, 16, 3, 14, '10', NULL, NULL, '2022-10-14 12:19:08', '2022-10-14 12:19:13'),
(1050, 16, 4, 15, '1', NULL, NULL, '2022-10-14 12:19:08', '2022-10-14 12:19:13'),
(1051, 16, 4, 16, '1', NULL, NULL, '2022-10-14 12:19:08', '2022-10-14 12:19:13'),
(1052, 16, 5, 17, '1', NULL, NULL, '2022-10-14 12:19:08', '2022-10-14 12:19:13'),
(1053, 16, 5, 18, '1', NULL, NULL, '2022-10-14 12:19:08', '2022-10-14 12:19:13'),
(1054, 16, 5, 19, '1', NULL, NULL, '2022-10-14 12:19:08', '2022-10-14 12:19:13'),
(1055, 16, 5, 20, '1', NULL, NULL, '2022-10-14 12:19:08', '2022-10-14 12:19:13'),
(1056, 16, 5, 21, '1', NULL, NULL, '2022-10-14 12:19:08', '2022-10-14 12:19:13'),
(1057, 16, 5, 22, '1', NULL, NULL, '2022-10-14 12:19:08', '2022-10-14 12:19:13'),
(1058, 16, 5, 23, '1', NULL, NULL, '2022-10-14 12:19:08', '2022-10-14 12:19:13'),
(1059, 16, 6, 24, '8', NULL, NULL, '2022-10-14 12:19:08', '2022-10-14 12:19:13'),
(1060, 16, 6, 25, '4', NULL, NULL, '2022-10-14 12:19:08', '2022-10-14 12:19:13'),
(1061, 16, 7, 26, '1', NULL, NULL, '2022-10-14 12:19:08', '2022-10-14 12:19:13'),
(1062, 16, 7, 27, '1', NULL, NULL, '2022-10-14 12:19:08', '2022-10-14 12:19:13'),
(1063, 16, 7, 28, '1', NULL, NULL, '2022-10-14 12:19:08', '2022-10-14 12:19:13'),
(1064, 16, 7, 29, '14', NULL, NULL, '2022-10-14 12:19:08', '2022-10-14 12:19:13'),
(1065, 16, 7, 30, '1', NULL, NULL, '2022-10-14 12:19:08', '2022-10-14 12:19:13'),
(1066, 16, 7, 31, '3', NULL, NULL, '2022-10-14 12:19:08', '2022-10-14 12:19:13'),
(1067, 16, 7, 32, '3', NULL, NULL, '2022-10-14 12:19:08', '2022-10-14 12:19:13'),
(1068, 16, 7, 33, '1', NULL, NULL, '2022-10-14 12:19:08', '2022-10-14 12:19:13'),
(1069, 16, 7, 34, '1', NULL, NULL, '2022-10-14 12:19:08', '2022-10-14 12:19:13'),
(1070, 16, 7, 35, '1', NULL, NULL, '2022-10-14 12:19:08', '2022-10-14 12:19:13'),
(1071, 16, 7, 36, '22', NULL, NULL, '2022-10-14 12:19:08', '2022-10-14 12:19:13'),
(1072, 16, 7, 37, '2', NULL, NULL, '2022-10-14 12:19:08', '2022-10-14 12:19:13'),
(1073, 16, 8, 38, '1', NULL, NULL, '2022-10-14 12:19:08', '2022-10-14 12:19:13'),
(1074, 16, 8, 39, '1', NULL, NULL, '2022-10-14 12:19:08', '2022-10-14 12:19:13'),
(1075, 16, 8, 40, '1', NULL, NULL, '2022-10-14 12:19:08', '2022-10-14 12:19:13'),
(1076, 16, 8, 41, '1', NULL, NULL, '2022-10-14 12:19:08', '2022-10-14 12:19:13'),
(1077, 16, 8, 42, '1', NULL, NULL, '2022-10-14 12:19:08', '2022-10-14 12:19:13'),
(1078, 16, 9, 43, '2', NULL, NULL, '2022-10-14 12:19:08', '2022-10-14 12:19:13'),
(1079, 16, 9, 44, '1', NULL, NULL, '2022-10-14 12:19:08', '2022-10-14 12:19:13'),
(1080, 16, 9, 45, '1', NULL, NULL, '2022-10-14 12:19:08', '2022-10-14 12:19:13'),
(1081, 16, 9, 46, '1', NULL, NULL, '2022-10-14 12:19:08', '2022-10-14 12:19:13'),
(1082, 16, 9, 47, '4', NULL, NULL, '2022-10-14 12:19:08', '2022-10-14 12:19:13'),
(1083, 16, 10, 48, '2', NULL, NULL, '2022-10-14 12:19:08', '2022-10-14 12:19:13'),
(1084, 16, 10, 49, '2', NULL, NULL, '2022-10-14 12:19:08', '2022-10-14 12:19:13'),
(1085, 16, 11, 50, '1', NULL, NULL, '2022-10-14 12:19:08', '2022-10-14 12:19:13'),
(1086, 16, 11, 51, '2', NULL, NULL, '2022-10-14 12:19:08', '2022-10-14 12:19:13'),
(1087, 16, 11, 52, '6', NULL, NULL, '2022-10-14 12:19:08', '2022-10-14 12:19:13'),
(1088, 16, 11, 53, '1', NULL, NULL, '2022-10-14 12:19:08', '2022-10-14 12:19:13'),
(1089, 16, 11, 54, '2', NULL, NULL, '2022-10-14 12:19:08', '2022-10-14 12:19:13'),
(1090, 16, 11, 55, '1', NULL, NULL, '2022-10-14 12:19:08', '2022-10-14 12:19:13'),
(1091, 16, 12, 56, '4', NULL, NULL, '2022-10-14 12:19:08', '2022-10-14 12:19:13'),
(1092, 16, 12, 57, '1', NULL, NULL, '2022-10-14 12:19:08', '2022-10-14 12:19:13'),
(1093, 16, 12, 58, '6', NULL, NULL, '2022-10-14 12:19:08', '2022-10-14 12:19:13'),
(1094, 16, 12, 59, '4', NULL, NULL, '2022-10-14 12:19:08', '2022-10-14 12:19:13'),
(1095, 16, 12, 60, '1', NULL, NULL, '2022-10-14 12:19:08', '2022-10-14 12:19:13'),
(1096, 16, 12, 61, '6', NULL, NULL, '2022-10-14 12:19:08', '2022-10-14 12:19:13'),
(1097, 16, 13, 62, '30', NULL, NULL, '2022-10-14 12:19:08', '2022-10-14 12:19:13'),
(1098, 16, 13, 63, '1', NULL, NULL, '2022-10-14 12:19:08', '2022-10-14 12:19:13'),
(1099, 16, 13, 64, '1', NULL, NULL, '2022-10-14 12:19:08', '2022-10-14 12:19:13'),
(1100, 16, 13, 65, '1', NULL, NULL, '2022-10-14 12:19:08', '2022-10-14 12:19:13'),
(1101, 16, 13, 66, '4', NULL, NULL, '2022-10-14 12:19:08', '2022-10-14 12:19:13'),
(1102, 16, 14, 67, '1', NULL, NULL, '2022-10-14 12:19:08', '2022-10-14 12:19:13'),
(1103, 16, 14, 68, '2', NULL, NULL, '2022-10-14 12:19:08', '2022-10-14 12:19:13'),
(1104, 16, 14, 69, '30', NULL, NULL, '2022-10-14 12:19:08', '2022-10-14 12:19:13'),
(1105, 16, 14, 70, '30', NULL, NULL, '2022-10-14 12:19:08', '2022-10-14 12:19:13'),
(1106, 16, 15, 71, '3', NULL, NULL, '2022-10-14 12:19:08', '2022-10-14 12:19:13'),
(1107, 16, 15, 72, '132', NULL, NULL, '2022-10-14 12:19:08', '2022-10-14 12:19:13'),
(1108, 16, 16, 73, '4', NULL, NULL, '2022-10-14 12:19:08', '2022-10-14 12:19:13'),
(1109, 16, 16, 74, '1', NULL, NULL, '2022-10-14 12:19:08', '2022-10-14 12:19:13'),
(1110, 16, 16, 75, '1', NULL, NULL, '2022-10-14 12:19:08', '2022-10-14 12:19:13'),
(1111, 16, 16, 76, '1', NULL, NULL, '2022-10-14 12:19:08', '2022-10-14 12:19:13'),
(1112, 16, 17, 77, '2', NULL, NULL, '2022-10-14 12:19:08', '2022-10-14 12:19:13'),
(1113, 16, 17, 78, '2', NULL, NULL, '2022-10-14 12:19:08', '2022-10-14 12:19:13'),
(1114, 16, 17, 79, '2', NULL, NULL, '2022-10-14 12:19:08', '2022-10-14 12:19:13'),
(1115, 17, 1, 1, '1', NULL, NULL, '2022-10-14 12:22:00', NULL),
(1116, 17, 1, 2, '4', NULL, NULL, '2022-10-14 12:22:00', NULL),
(1117, 17, 1, 3, '1', NULL, NULL, '2022-10-14 12:22:00', NULL),
(1118, 17, 2, 4, '3', NULL, NULL, '2022-10-14 12:22:00', NULL),
(1119, 17, 2, 5, '1', NULL, NULL, '2022-10-14 12:22:00', NULL),
(1120, 17, 3, 6, '24', NULL, NULL, '2022-10-14 12:22:00', NULL),
(1121, 17, 3, 7, '1', NULL, NULL, '2022-10-14 12:22:00', NULL),
(1122, 17, 3, 8, '1', NULL, NULL, '2022-10-14 12:22:00', NULL),
(1123, 17, 3, 9, '1', NULL, NULL, '2022-10-14 12:22:00', NULL),
(1124, 17, 3, 10, '20', NULL, NULL, '2022-10-14 12:22:00', NULL),
(1125, 17, 3, 11, '7', NULL, NULL, '2022-10-14 12:22:00', NULL),
(1126, 17, 3, 12, '6', NULL, NULL, '2022-10-14 12:22:00', NULL),
(1127, 17, 3, 13, '1', NULL, NULL, '2022-10-14 12:22:00', NULL),
(1128, 17, 3, 14, '4', NULL, NULL, '2022-10-14 12:22:00', NULL),
(1129, 17, 4, 15, '1', NULL, NULL, '2022-10-14 12:22:00', NULL),
(1130, 17, 4, 16, '1', NULL, NULL, '2022-10-14 12:22:00', NULL),
(1131, 17, 5, 17, '1', NULL, NULL, '2022-10-14 12:22:00', NULL),
(1132, 17, 5, 18, '1', NULL, NULL, '2022-10-14 12:22:00', NULL),
(1133, 17, 5, 19, '1', NULL, NULL, '2022-10-14 12:22:00', NULL),
(1134, 17, 5, 20, '1', NULL, NULL, '2022-10-14 12:22:00', NULL),
(1135, 17, 5, 21, '1', NULL, NULL, '2022-10-14 12:22:00', NULL),
(1136, 17, 5, 22, '1', NULL, NULL, '2022-10-14 12:22:00', NULL),
(1137, 17, 5, 23, '1', NULL, NULL, '2022-10-14 12:22:00', NULL),
(1138, 17, 6, 24, '6', NULL, NULL, '2022-10-14 12:22:00', NULL),
(1139, 17, 6, 25, '6', NULL, NULL, '2022-10-14 12:22:00', NULL),
(1140, 17, 7, 26, '1', NULL, NULL, '2022-10-14 12:22:00', NULL),
(1141, 17, 7, 27, '1', NULL, NULL, '2022-10-14 12:22:00', NULL),
(1142, 17, 7, 28, '1', NULL, NULL, '2022-10-14 12:22:00', NULL),
(1143, 17, 7, 29, '20', NULL, NULL, '2022-10-14 12:22:00', NULL),
(1144, 17, 7, 30, '1', NULL, NULL, '2022-10-14 12:22:00', NULL),
(1145, 17, 7, 31, '6', NULL, NULL, '2022-10-14 12:22:00', NULL),
(1146, 17, 7, 32, '3', NULL, NULL, '2022-10-14 12:22:00', NULL),
(1147, 17, 7, 33, '1', NULL, NULL, '2022-10-14 12:22:00', NULL),
(1148, 17, 7, 34, '1', NULL, NULL, '2022-10-14 12:22:00', NULL),
(1149, 17, 7, 35, '1', NULL, NULL, '2022-10-14 12:22:00', NULL),
(1150, 17, 7, 36, '26', NULL, NULL, '2022-10-14 12:22:00', NULL),
(1151, 17, 7, 37, '2', NULL, NULL, '2022-10-14 12:22:00', NULL),
(1152, 17, 8, 38, '1', NULL, NULL, '2022-10-14 12:22:00', NULL),
(1153, 17, 8, 39, '1', NULL, NULL, '2022-10-14 12:22:00', NULL),
(1154, 17, 8, 40, '1', NULL, NULL, '2022-10-14 12:22:00', NULL),
(1155, 17, 8, 41, '1', NULL, NULL, '2022-10-14 12:22:00', NULL),
(1156, 17, 8, 42, '1', NULL, NULL, '2022-10-14 12:22:00', NULL),
(1157, 17, 9, 43, '2', NULL, NULL, '2022-10-14 12:22:00', NULL),
(1158, 17, 9, 44, '1', NULL, NULL, '2022-10-14 12:22:00', NULL),
(1159, 17, 9, 45, '1', NULL, NULL, '2022-10-14 12:22:00', NULL),
(1160, 17, 9, 46, '1', NULL, NULL, '2022-10-14 12:22:00', NULL),
(1161, 17, 9, 47, '4', NULL, NULL, '2022-10-14 12:22:00', NULL),
(1162, 17, 10, 48, '1', NULL, NULL, '2022-10-14 12:22:00', NULL),
(1163, 17, 10, 49, '1', NULL, NULL, '2022-10-14 12:22:00', NULL),
(1164, 17, 11, 50, '1', NULL, NULL, '2022-10-14 12:22:00', NULL),
(1165, 17, 11, 51, '1', NULL, NULL, '2022-10-14 12:22:00', NULL),
(1166, 17, 11, 52, '14', NULL, NULL, '2022-10-14 12:22:00', NULL),
(1167, 17, 11, 53, '1', NULL, NULL, '2022-10-14 12:22:00', NULL),
(1168, 17, 11, 54, '10', NULL, NULL, '2022-10-14 12:22:00', NULL),
(1169, 17, 11, 55, '3', NULL, NULL, '2022-10-14 12:22:00', NULL),
(1170, 17, 12, 56, '1', NULL, NULL, '2022-10-14 12:22:00', NULL),
(1171, 17, 12, 57, '1', NULL, NULL, '2022-10-14 12:22:00', NULL),
(1172, 17, 12, 58, '1', NULL, NULL, '2022-10-14 12:22:00', NULL),
(1173, 18, 1, 1, '1', NULL, NULL, '2022-10-14 12:40:04', '2022-10-14 12:40:11'),
(1174, 18, 1, 2, '1', NULL, NULL, '2022-10-14 12:40:04', '2022-10-14 12:40:11'),
(1175, 18, 1, 3, '1', NULL, NULL, '2022-10-14 12:40:04', '2022-10-14 12:40:11'),
(1176, 18, 2, 4, '4', NULL, NULL, '2022-10-14 12:40:04', '2022-10-14 12:40:11'),
(1177, 18, 2, 5, '1', NULL, NULL, '2022-10-14 12:40:04', '2022-10-14 12:40:11'),
(1178, 18, 3, 6, '8', NULL, NULL, '2022-10-14 12:40:04', '2022-10-14 12:40:11'),
(1179, 18, 3, 7, '1', NULL, NULL, '2022-10-14 12:40:04', '2022-10-14 12:40:11'),
(1180, 18, 3, 8, '1', NULL, NULL, '2022-10-14 12:40:04', '2022-10-14 12:40:11'),
(1181, 18, 3, 9, '1', NULL, NULL, '2022-10-14 12:40:04', '2022-10-14 12:40:11'),
(1182, 18, 3, 10, '1', NULL, NULL, '2022-10-14 12:40:04', '2022-10-14 12:40:11'),
(1183, 18, 3, 11, '1', NULL, NULL, '2022-10-14 12:40:04', '2022-10-14 12:40:11'),
(1184, 18, 3, 12, '1', NULL, NULL, '2022-10-14 12:40:04', '2022-10-14 12:40:11'),
(1185, 18, 3, 13, '1', NULL, NULL, '2022-10-14 12:40:04', '2022-10-14 12:40:11'),
(1186, 18, 3, 14, '8', NULL, NULL, '2022-10-14 12:40:04', '2022-10-14 12:40:11'),
(1187, 18, 4, 15, '1', NULL, NULL, '2022-10-14 12:40:04', '2022-10-14 12:40:11'),
(1188, 18, 4, 16, '1', NULL, NULL, '2022-10-14 12:40:04', '2022-10-14 12:40:11'),
(1189, 18, 5, 17, '1', NULL, NULL, '2022-10-14 12:40:04', '2022-10-14 12:40:11'),
(1190, 18, 5, 18, '1', NULL, NULL, '2022-10-14 12:40:04', '2022-10-14 12:40:11'),
(1191, 18, 5, 19, '1', NULL, NULL, '2022-10-14 12:40:04', '2022-10-14 12:40:11'),
(1192, 18, 5, 20, '1', NULL, NULL, '2022-10-14 12:40:04', '2022-10-14 12:40:11'),
(1193, 18, 5, 21, '1', NULL, NULL, '2022-10-14 12:40:04', '2022-10-14 12:40:11'),
(1194, 18, 5, 22, '1', NULL, NULL, '2022-10-14 12:40:04', '2022-10-14 12:40:11'),
(1195, 18, 5, 23, '11', NULL, NULL, '2022-10-14 12:40:04', '2022-10-14 12:40:11'),
(1196, 18, 6, 24, '1', NULL, NULL, '2022-10-14 12:40:04', '2022-10-14 12:40:11'),
(1197, 18, 6, 25, '1', NULL, NULL, '2022-10-14 12:40:04', '2022-10-14 12:40:11'),
(1198, 18, 7, 26, '1', NULL, NULL, '2022-10-14 12:40:04', '2022-10-14 12:40:11'),
(1199, 18, 7, 27, '1', NULL, NULL, '2022-10-14 12:40:04', '2022-10-14 12:40:11'),
(1200, 18, 7, 28, '1', NULL, NULL, '2022-10-14 12:40:04', '2022-10-14 12:40:11'),
(1201, 18, 7, 29, '194', NULL, NULL, '2022-10-14 12:40:04', '2022-10-14 12:40:11'),
(1202, 18, 7, 30, '1', NULL, NULL, '2022-10-14 12:40:04', '2022-10-14 12:40:11'),
(1203, 18, 7, 31, '3', NULL, NULL, '2022-10-14 12:40:04', '2022-10-14 12:40:11'),
(1204, 18, 7, 32, '3', NULL, NULL, '2022-10-14 12:40:04', '2022-10-14 12:40:11'),
(1205, 19, 1, 1, '1', NULL, NULL, '2022-10-15 05:19:49', '2022-10-15 06:10:20'),
(1206, 19, 1, 2, '4', NULL, NULL, '2022-10-15 05:19:49', '2022-10-15 06:10:20'),
(1207, 19, 1, 3, '1', NULL, NULL, '2022-10-15 05:19:49', '2022-10-15 06:10:20'),
(1208, 19, 2, 4, '3', NULL, NULL, '2022-10-15 05:19:49', '2022-10-15 06:10:20'),
(1209, 19, 2, 5, '1', NULL, NULL, '2022-10-15 05:19:49', '2022-10-15 06:10:20'),
(1210, 19, 3, 6, '24', NULL, NULL, '2022-10-15 05:19:49', '2022-10-15 06:10:20'),
(1211, 19, 3, 7, '1', NULL, NULL, '2022-10-15 05:19:49', '2022-10-15 06:10:20'),
(1212, 19, 3, 8, '1', NULL, NULL, '2022-10-15 05:19:49', '2022-10-15 06:10:20'),
(1213, 19, 3, 9, '1', NULL, NULL, '2022-10-15 05:19:49', '2022-10-15 06:10:20'),
(1214, 19, 3, 10, '20', NULL, NULL, '2022-10-15 05:19:49', '2022-10-15 06:10:20'),
(1215, 19, 3, 11, '7', NULL, NULL, '2022-10-15 05:19:49', '2022-10-15 06:10:20'),
(1216, 19, 3, 12, '6', NULL, NULL, '2022-10-15 05:19:49', '2022-10-15 06:10:20'),
(1217, 19, 3, 13, '1', NULL, NULL, '2022-10-15 05:19:49', '2022-10-15 06:10:20'),
(1218, 19, 3, 14, '4', NULL, NULL, '2022-10-15 05:19:49', '2022-10-15 06:10:20'),
(1219, 19, 4, 15, '1', NULL, NULL, '2022-10-15 05:19:49', '2022-10-15 06:10:20'),
(1220, 19, 4, 16, '1', NULL, NULL, '2022-10-15 05:19:49', '2022-10-15 06:10:20'),
(1221, 19, 5, 17, '1', NULL, NULL, '2022-10-15 06:10:20', NULL),
(1222, 19, 5, 18, '1', NULL, NULL, '2022-10-15 06:10:20', NULL),
(1223, 19, 5, 19, '1', NULL, NULL, '2022-10-15 06:10:20', NULL),
(1224, 19, 5, 20, '1', NULL, NULL, '2022-10-15 06:10:20', NULL),
(1225, 19, 5, 21, '1', NULL, NULL, '2022-10-15 06:10:20', NULL),
(1226, 19, 5, 22, '1', NULL, NULL, '2022-10-15 06:10:20', NULL),
(1227, 19, 5, 23, '1', NULL, NULL, '2022-10-15 06:10:20', NULL),
(1228, 19, 6, 24, '6', NULL, NULL, '2022-10-15 06:10:20', NULL),
(1229, 19, 6, 25, '6', NULL, NULL, '2022-10-15 06:10:20', NULL),
(1230, 19, 7, 26, '1', NULL, NULL, '2022-10-15 06:10:20', NULL),
(1231, 19, 7, 27, '1', NULL, NULL, '2022-10-15 06:10:20', NULL),
(1232, 19, 7, 28, '1', NULL, NULL, '2022-10-15 06:10:20', NULL),
(1233, 19, 7, 29, '1', NULL, NULL, '2022-10-15 06:10:20', NULL),
(1234, 19, 7, 30, '1', NULL, NULL, '2022-10-15 06:10:20', NULL),
(1235, 19, 7, 31, '3', NULL, NULL, '2022-10-15 06:10:20', NULL),
(1236, 19, 7, 32, '3', NULL, NULL, '2022-10-15 06:10:20', NULL),
(1237, 19, 7, 33, '1', NULL, NULL, '2022-10-15 06:10:20', NULL),
(1238, 19, 7, 34, '1', NULL, NULL, '2022-10-15 06:10:20', NULL),
(1239, 19, 7, 35, '1', NULL, NULL, '2022-10-15 06:10:20', NULL),
(1240, 19, 7, 36, '26', NULL, NULL, '2022-10-15 06:10:20', NULL),
(1241, 19, 7, 37, '2', NULL, NULL, '2022-10-15 06:10:20', NULL),
(1242, 19, 8, 38, '1', NULL, NULL, '2022-10-15 06:10:20', NULL),
(1243, 19, 8, 39, '1', NULL, NULL, '2022-10-15 06:10:20', NULL),
(1244, 19, 8, 40, '1', NULL, NULL, '2022-10-15 06:10:20', NULL),
(1245, 19, 8, 41, '1', NULL, NULL, '2022-10-15 06:10:20', NULL),
(1246, 19, 8, 42, '1', NULL, NULL, '2022-10-15 06:10:20', NULL),
(1247, 19, 9, 43, '1', NULL, NULL, '2022-10-15 06:10:20', NULL),
(1248, 19, 9, 44, '1', NULL, NULL, '2022-10-15 06:10:20', NULL),
(1249, 19, 9, 45, '1', NULL, NULL, '2022-10-15 06:10:20', NULL),
(1250, 19, 9, 46, '1', NULL, NULL, '2022-10-15 06:10:20', NULL),
(1251, 19, 9, 47, '4', NULL, NULL, '2022-10-15 06:10:20', NULL),
(1252, 19, 10, 48, '1', NULL, NULL, '2022-10-15 06:10:20', NULL),
(1253, 19, 10, 49, '1', NULL, NULL, '2022-10-15 06:10:20', NULL),
(1254, 19, 11, 50, '1', NULL, NULL, '2022-10-15 06:10:20', NULL),
(1255, 19, 11, 51, '1', NULL, NULL, '2022-10-15 06:10:20', NULL),
(1256, 19, 11, 52, '15', NULL, NULL, '2022-10-15 06:10:20', NULL),
(1257, 19, 11, 53, '1', NULL, NULL, '2022-10-15 06:10:20', NULL),
(1258, 19, 11, 54, '10', NULL, NULL, '2022-10-15 06:10:20', NULL),
(1259, 19, 11, 55, '3', NULL, NULL, '2022-10-15 06:10:20', NULL),
(1260, 19, 12, 56, '4', NULL, NULL, '2022-10-15 06:10:20', NULL),
(1261, 19, 12, 57, '1', NULL, NULL, '2022-10-15 06:10:20', NULL),
(1262, 19, 12, 58, '6', NULL, NULL, '2022-10-15 06:10:20', NULL),
(1263, 19, 12, 59, '36', NULL, NULL, '2022-10-15 06:10:20', NULL),
(1264, 19, 12, 60, '1', NULL, NULL, '2022-10-15 06:10:20', NULL),
(1265, 19, 12, 61, '6', NULL, NULL, '2022-10-15 06:10:20', NULL),
(1266, 19, 13, 62, '42', NULL, NULL, '2022-10-15 06:10:20', NULL),
(1267, 19, 13, 63, '1', NULL, NULL, '2022-10-15 06:10:20', NULL),
(1268, 19, 13, 64, '1', NULL, NULL, '2022-10-15 06:10:20', NULL),
(1269, 19, 13, 65, '1', NULL, NULL, '2022-10-15 06:10:20', NULL),
(1270, 19, 13, 66, '1', NULL, NULL, '2022-10-15 06:10:20', NULL),
(1271, 19, 14, 67, '1', NULL, NULL, '2022-10-15 06:10:20', NULL),
(1272, 19, 14, 68, '1', NULL, NULL, '2022-10-15 06:10:20', NULL),
(1273, 19, 14, 69, '8', NULL, NULL, '2022-10-15 06:10:20', NULL),
(1274, 19, 14, 70, '1', NULL, NULL, '2022-10-15 06:10:20', NULL),
(1275, 19, 15, 71, '3', NULL, NULL, '2022-10-15 06:10:20', NULL),
(1276, 19, 15, 72, '6', NULL, NULL, '2022-10-15 06:10:20', NULL),
(1277, 19, 16, 73, '1', NULL, NULL, '2022-10-15 06:10:20', NULL),
(1278, 19, 16, 74, '1', NULL, NULL, '2022-10-15 06:10:20', NULL),
(1279, 19, 16, 75, '1', NULL, NULL, '2022-10-15 06:10:20', NULL),
(1280, 19, 16, 76, '1', NULL, NULL, '2022-10-15 06:10:20', NULL),
(1281, 19, 17, 77, '3', NULL, NULL, '2022-10-15 06:10:20', NULL),
(1282, 19, 17, 78, '2', NULL, NULL, '2022-10-15 06:10:20', NULL),
(1283, 19, 17, 79, '2', NULL, NULL, '2022-10-15 06:10:20', NULL),
(1284, 20, 1, 1, '1', NULL, NULL, '2022-10-15 06:15:36', '2022-10-15 06:43:33'),
(1285, 20, 1, 2, '4', NULL, NULL, '2022-10-15 06:15:36', '2022-10-15 06:43:33'),
(1286, 20, 1, 3, '2', NULL, NULL, '2022-10-15 06:15:36', '2022-10-15 06:43:33'),
(1287, 20, 2, 4, '8', NULL, NULL, '2022-10-15 06:15:36', '2022-10-15 06:43:33'),
(1288, 20, 2, 5, '1', NULL, NULL, '2022-10-15 06:15:36', '2022-10-15 06:43:33'),
(1289, 20, 3, 6, '10', NULL, NULL, '2022-10-15 06:15:36', '2022-10-15 06:43:33'),
(1290, 20, 3, 7, '1', NULL, NULL, '2022-10-15 06:15:36', '2022-10-15 06:43:33'),
(1291, 21, 1, 1, '30', NULL, NULL, '2022-10-15 06:41:30', NULL),
(1292, 21, 1, 2, '1', NULL, NULL, '2022-10-15 06:41:30', NULL),
(1293, 21, 1, 3, '1', NULL, NULL, '2022-10-15 06:41:30', NULL),
(1294, 21, 2, 4, '4', NULL, NULL, '2022-10-15 06:41:30', NULL),
(1295, 21, 2, 5, '1', NULL, NULL, '2022-10-15 06:41:30', NULL),
(1296, 21, 3, 6, '14', NULL, NULL, '2022-10-15 06:41:30', NULL),
(1297, 21, 3, 7, '1', NULL, NULL, '2022-10-15 06:41:30', NULL);
INSERT INTO `up_analyses_details` (`id`, `analyses_id`, `category_id`, `product_id`, `target_monthly_sales`, `type_of_analysis`, `action`, `created_at`, `updated_at`) VALUES
(1298, 21, 3, 8, '1', NULL, NULL, '2022-10-15 06:41:30', NULL),
(1299, 21, 3, 9, '1', NULL, NULL, '2022-10-15 06:41:30', NULL),
(1300, 21, 3, 10, '1', NULL, NULL, '2022-10-15 06:41:30', NULL),
(1301, 21, 3, 11, '6', NULL, NULL, '2022-10-15 06:41:30', NULL),
(1302, 21, 3, 12, '1', NULL, NULL, '2022-10-15 06:41:30', NULL),
(1303, 21, 3, 13, '1', NULL, NULL, '2022-10-15 06:41:30', NULL),
(1304, 21, 3, 14, '1', NULL, NULL, '2022-10-15 06:41:30', NULL),
(1305, 21, 4, 15, '1', NULL, NULL, '2022-10-15 06:41:30', NULL),
(1306, 21, 4, 16, '1', NULL, NULL, '2022-10-15 06:41:30', NULL),
(1307, 21, 5, 17, '1', NULL, NULL, '2022-10-15 06:41:30', NULL),
(1308, 21, 5, 18, '1', NULL, NULL, '2022-10-15 06:41:30', NULL),
(1309, 21, 5, 19, '1', NULL, NULL, '2022-10-15 06:41:30', NULL),
(1310, 21, 5, 20, '1', NULL, NULL, '2022-10-15 06:41:30', NULL),
(1311, 21, 5, 21, '1', NULL, NULL, '2022-10-15 06:41:30', NULL),
(1312, 21, 5, 22, '1', NULL, NULL, '2022-10-15 06:41:30', NULL),
(1313, 21, 5, 23, '1', NULL, NULL, '2022-10-15 06:41:30', NULL),
(1314, 21, 6, 24, '10', NULL, NULL, '2022-10-15 06:41:30', NULL),
(1315, 21, 6, 25, '6', NULL, NULL, '2022-10-15 06:41:30', NULL),
(1316, 21, 7, 26, '1', NULL, NULL, '2022-10-15 06:41:30', NULL),
(1317, 21, 7, 27, '1', NULL, NULL, '2022-10-15 06:41:30', NULL),
(1318, 21, 7, 28, '1', NULL, NULL, '2022-10-15 06:41:30', NULL),
(1319, 21, 7, 29, '1', NULL, NULL, '2022-10-15 06:41:30', NULL),
(1320, 21, 7, 30, '1', NULL, NULL, '2022-10-15 06:41:30', NULL),
(1321, 21, 7, 31, '3', NULL, NULL, '2022-10-15 06:41:30', NULL),
(1322, 21, 7, 32, '3', NULL, NULL, '2022-10-15 06:41:30', NULL),
(1323, 21, 7, 33, '12', NULL, NULL, '2022-10-15 06:41:30', NULL),
(1324, 21, 7, 34, '1', NULL, NULL, '2022-10-15 06:41:30', NULL),
(1325, 21, 7, 35, '1', NULL, NULL, '2022-10-15 06:41:30', NULL),
(1326, 21, 7, 36, '34', NULL, NULL, '2022-10-15 06:41:30', NULL),
(1327, 21, 7, 37, '2', NULL, NULL, '2022-10-15 06:41:30', NULL),
(1328, 21, 8, 38, '1', NULL, NULL, '2022-10-15 06:41:30', NULL),
(1329, 21, 8, 39, '1', NULL, NULL, '2022-10-15 06:41:30', NULL),
(1330, 21, 8, 40, '12', NULL, NULL, '2022-10-15 06:41:30', NULL),
(1331, 21, 8, 41, '4', NULL, NULL, '2022-10-15 06:41:30', NULL),
(1332, 21, 8, 42, '4', NULL, NULL, '2022-10-15 06:41:30', NULL),
(1333, 21, 9, 43, '1', NULL, NULL, '2022-10-15 06:41:30', NULL),
(1334, 21, 9, 44, '1', NULL, NULL, '2022-10-15 06:41:30', NULL),
(1335, 21, 9, 45, '1', NULL, NULL, '2022-10-15 06:41:30', NULL),
(1336, 21, 9, 46, '1', NULL, NULL, '2022-10-15 06:41:30', NULL),
(1337, 21, 9, 47, '1', NULL, NULL, '2022-10-15 06:41:30', NULL),
(1338, 21, 10, 48, '1', NULL, NULL, '2022-10-15 06:41:30', NULL),
(1339, 21, 10, 49, '1', NULL, NULL, '2022-10-15 06:41:30', NULL),
(1340, 21, 11, 50, '1', NULL, NULL, '2022-10-15 06:41:30', NULL),
(1341, 21, 11, 51, '1', NULL, NULL, '2022-10-15 06:41:30', NULL),
(1342, 21, 11, 52, '8', NULL, NULL, '2022-10-15 06:41:30', NULL),
(1343, 21, 11, 53, '1', NULL, NULL, '2022-10-15 06:41:30', NULL),
(1344, 21, 11, 54, '2', NULL, NULL, '2022-10-15 06:41:30', NULL),
(1345, 21, 11, 55, '2', NULL, NULL, '2022-10-15 06:41:30', NULL),
(1346, 21, 12, 56, '4', NULL, NULL, '2022-10-15 06:41:30', NULL),
(1347, 21, 12, 57, '68', NULL, NULL, '2022-10-15 06:41:30', NULL),
(1348, 21, 12, 58, '3', NULL, NULL, '2022-10-15 06:41:30', NULL),
(1349, 21, 12, 59, '4', NULL, NULL, '2022-10-15 06:41:30', NULL),
(1350, 21, 12, 60, '1', NULL, NULL, '2022-10-15 06:41:30', NULL),
(1351, 21, 12, 61, '6', NULL, NULL, '2022-10-15 06:41:30', NULL),
(1352, 21, 13, 62, '1', NULL, NULL, '2022-10-15 06:41:30', NULL),
(1353, 21, 13, 63, '1', NULL, NULL, '2022-10-15 06:41:30', NULL),
(1354, 21, 13, 64, '1', NULL, NULL, '2022-10-15 06:41:30', NULL),
(1355, 21, 13, 65, '1', NULL, NULL, '2022-10-15 06:41:30', NULL),
(1356, 21, 13, 66, '1', NULL, NULL, '2022-10-15 06:41:30', NULL),
(1357, 21, 14, 67, '4', NULL, NULL, '2022-10-15 06:41:30', NULL),
(1358, 21, 14, 68, '1', NULL, NULL, '2022-10-15 06:41:30', NULL),
(1359, 21, 14, 69, '1', NULL, NULL, '2022-10-15 06:41:30', NULL),
(1360, 21, 14, 70, '1', NULL, NULL, '2022-10-15 06:41:30', NULL),
(1361, 21, 15, 71, '3', NULL, NULL, '2022-10-15 06:41:30', NULL),
(1362, 21, 15, 72, '3', NULL, NULL, '2022-10-15 06:41:30', NULL),
(1363, 21, 16, 73, '66', NULL, NULL, '2022-10-15 06:41:30', NULL),
(1364, 21, 16, 74, '1', NULL, NULL, '2022-10-15 06:41:30', NULL),
(1365, 21, 16, 75, '52', NULL, NULL, '2022-10-15 06:41:30', NULL),
(1366, 21, 16, 76, '1', NULL, NULL, '2022-10-15 06:41:30', NULL),
(1367, 21, 17, 77, '3', NULL, NULL, '2022-10-15 06:41:30', NULL),
(1368, 21, 17, 78, '2', NULL, NULL, '2022-10-15 06:41:30', NULL),
(1369, 21, 17, 79, '2', NULL, NULL, '2022-10-15 06:41:30', NULL),
(1370, 20, 3, 8, '2', NULL, NULL, '2022-10-15 06:41:57', '2022-10-15 06:43:33'),
(1371, 20, 3, 9, '2', NULL, NULL, '2022-10-15 06:41:57', '2022-10-15 06:43:33'),
(1372, 20, 3, 10, '10', NULL, NULL, '2022-10-15 06:41:57', '2022-10-15 06:43:33'),
(1373, 20, 3, 11, '9', NULL, NULL, '2022-10-15 06:41:57', '2022-10-15 06:43:33'),
(1374, 20, 3, 12, '6', NULL, NULL, '2022-10-15 06:41:57', '2022-10-15 06:43:33'),
(1375, 20, 3, 13, '1', NULL, NULL, '2022-10-15 06:41:57', '2022-10-15 06:43:33'),
(1376, 20, 3, 14, '2', NULL, NULL, '2022-10-15 06:41:57', '2022-10-15 06:43:33'),
(1377, 20, 4, 15, '1', NULL, NULL, '2022-10-15 06:41:57', '2022-10-15 06:43:33'),
(1378, 20, 4, 16, '1', NULL, NULL, '2022-10-15 06:41:57', '2022-10-15 06:43:33'),
(1379, 20, 5, 17, '1', NULL, NULL, '2022-10-15 06:41:57', '2022-10-15 06:43:33'),
(1380, 20, 5, 18, '1', NULL, NULL, '2022-10-15 06:41:57', '2022-10-15 06:43:33'),
(1381, 20, 5, 19, '1', NULL, NULL, '2022-10-15 06:41:57', '2022-10-15 06:43:33'),
(1382, 20, 5, 20, '1', NULL, NULL, '2022-10-15 06:41:57', '2022-10-15 06:43:33'),
(1383, 20, 5, 21, '1', NULL, NULL, '2022-10-15 06:41:57', '2022-10-15 06:43:33'),
(1384, 20, 5, 22, '1', NULL, NULL, '2022-10-15 06:41:57', '2022-10-15 06:43:33'),
(1385, 20, 5, 23, '1', NULL, NULL, '2022-10-15 06:41:57', '2022-10-15 06:43:33'),
(1386, 20, 6, 24, '8', NULL, NULL, '2022-10-15 06:41:57', '2022-10-15 06:43:33'),
(1387, 20, 6, 25, '5', NULL, NULL, '2022-10-15 06:41:57', '2022-10-15 06:43:33'),
(1388, 20, 7, 26, '1', NULL, NULL, '2022-10-15 06:41:57', '2022-10-15 06:43:33'),
(1389, 20, 7, 27, '1', NULL, NULL, '2022-10-15 06:41:57', '2022-10-15 06:43:33'),
(1390, 20, 7, 28, '1', NULL, NULL, '2022-10-15 06:41:57', '2022-10-15 06:43:33'),
(1391, 20, 7, 29, '8', NULL, NULL, '2022-10-15 06:41:57', '2022-10-15 06:43:33'),
(1392, 20, 7, 30, '1', NULL, NULL, '2022-10-15 06:41:57', '2022-10-15 06:43:33'),
(1393, 20, 7, 31, '3', NULL, NULL, '2022-10-15 06:41:57', '2022-10-15 06:43:33'),
(1394, 20, 7, 32, '3', NULL, NULL, '2022-10-15 06:41:57', '2022-10-15 06:43:33'),
(1395, 20, 7, 33, '1', NULL, NULL, '2022-10-15 06:41:57', '2022-10-15 06:43:33'),
(1396, 20, 7, 34, '1', NULL, NULL, '2022-10-15 06:41:57', '2022-10-15 06:43:33'),
(1397, 20, 7, 35, '1', NULL, NULL, '2022-10-15 06:41:57', '2022-10-15 06:43:33'),
(1398, 20, 7, 36, '30', NULL, NULL, '2022-10-15 06:41:57', '2022-10-15 06:43:33'),
(1399, 20, 7, 37, '4', NULL, NULL, '2022-10-15 06:41:57', '2022-10-15 06:43:33'),
(1400, 20, 8, 38, '1', NULL, NULL, '2022-10-15 06:41:57', '2022-10-15 06:43:33'),
(1401, 20, 8, 39, '1', NULL, NULL, '2022-10-15 06:41:57', '2022-10-15 06:43:33'),
(1402, 20, 8, 40, '1', NULL, NULL, '2022-10-15 06:41:57', '2022-10-15 06:43:33'),
(1403, 20, 8, 41, '1', NULL, NULL, '2022-10-15 06:41:57', '2022-10-15 06:43:33'),
(1404, 20, 8, 42, '1', NULL, NULL, '2022-10-15 06:41:57', '2022-10-15 06:43:33'),
(1405, 20, 9, 43, '2', NULL, NULL, '2022-10-15 06:41:57', '2022-10-15 06:43:33'),
(1406, 20, 9, 44, '2', NULL, NULL, '2022-10-15 06:41:57', '2022-10-15 06:43:33'),
(1407, 20, 9, 45, '1', NULL, NULL, '2022-10-15 06:41:57', '2022-10-15 06:43:33'),
(1408, 20, 9, 46, '1', NULL, NULL, '2022-10-15 06:41:57', '2022-10-15 06:43:33'),
(1409, 20, 9, 47, '1', NULL, NULL, '2022-10-15 06:41:57', '2022-10-15 06:43:33'),
(1410, 20, 10, 48, '36', NULL, NULL, '2022-10-15 06:41:57', '2022-10-15 06:43:33'),
(1411, 20, 10, 49, '14', NULL, NULL, '2022-10-15 06:41:57', '2022-10-15 06:43:33'),
(1412, 20, 11, 50, '1', NULL, NULL, '2022-10-15 06:41:57', '2022-10-15 06:43:33'),
(1413, 20, 11, 51, '1', NULL, NULL, '2022-10-15 06:41:57', '2022-10-15 06:43:33'),
(1414, 20, 11, 52, '1', NULL, NULL, '2022-10-15 06:41:57', '2022-10-15 06:43:33'),
(1415, 20, 11, 53, '1', NULL, NULL, '2022-10-15 06:41:57', '2022-10-15 06:43:33'),
(1416, 20, 11, 54, '1', NULL, NULL, '2022-10-15 06:41:57', '2022-10-15 06:43:33'),
(1417, 20, 11, 55, '1', NULL, NULL, '2022-10-15 06:41:57', '2022-10-15 06:43:33'),
(1418, 20, 12, 56, '4', NULL, NULL, '2022-10-15 06:41:57', '2022-10-15 06:43:33'),
(1419, 20, 12, 57, '1', NULL, NULL, '2022-10-15 06:41:57', '2022-10-15 06:43:33'),
(1420, 20, 12, 58, '6', NULL, NULL, '2022-10-15 06:41:57', '2022-10-15 06:43:33'),
(1421, 20, 12, 59, '24', NULL, NULL, '2022-10-15 06:41:57', '2022-10-15 06:43:33'),
(1422, 20, 12, 60, '1', NULL, NULL, '2022-10-15 06:41:57', '2022-10-15 06:43:33'),
(1423, 20, 12, 61, '6', NULL, NULL, '2022-10-15 06:41:57', '2022-10-15 06:43:33'),
(1424, 20, 13, 62, '10', NULL, NULL, '2022-10-15 06:41:57', '2022-10-15 06:43:33'),
(1425, 20, 13, 63, '1', NULL, NULL, '2022-10-15 06:41:57', '2022-10-15 06:43:33'),
(1426, 20, 13, 64, '1', NULL, NULL, '2022-10-15 06:41:57', '2022-10-15 06:43:33'),
(1427, 20, 13, 65, '1', NULL, NULL, '2022-10-15 06:41:57', '2022-10-15 06:43:33'),
(1428, 20, 13, 66, '1', NULL, NULL, '2022-10-15 06:41:57', '2022-10-15 06:43:33'),
(1429, 20, 14, 67, '1', NULL, NULL, '2022-10-15 06:41:57', '2022-10-15 06:43:33'),
(1430, 20, 14, 68, '1', NULL, NULL, '2022-10-15 06:41:57', '2022-10-15 06:43:33'),
(1431, 20, 14, 69, '14', NULL, NULL, '2022-10-15 06:41:57', '2022-10-15 06:43:33'),
(1432, 20, 14, 70, '12', NULL, NULL, '2022-10-15 06:41:57', '2022-10-15 06:43:33'),
(1433, 20, 15, 71, '3', NULL, NULL, '2022-10-15 06:41:57', '2022-10-15 06:43:33'),
(1434, 20, 15, 72, '6', NULL, NULL, '2022-10-15 06:41:57', '2022-10-15 06:43:33'),
(1435, 20, 16, 73, '54', NULL, NULL, '2022-10-15 06:41:57', '2022-10-15 06:43:33'),
(1436, 20, 16, 74, '1', NULL, NULL, '2022-10-15 06:41:57', '2022-10-15 06:43:33'),
(1437, 20, 16, 75, '6', NULL, NULL, '2022-10-15 06:41:57', '2022-10-15 06:43:33'),
(1438, 20, 16, 76, '1', NULL, NULL, '2022-10-15 06:41:57', '2022-10-15 06:43:33'),
(1439, 20, 17, 77, '3', NULL, NULL, '2022-10-15 06:41:57', '2022-10-15 06:43:33'),
(1440, 20, 17, 78, '2', NULL, NULL, '2022-10-15 06:41:57', '2022-10-15 06:43:33'),
(1441, 20, 17, 79, '2', NULL, NULL, '2022-10-15 06:41:57', '2022-10-15 06:43:33'),
(1442, 23, 1, 1, '1', NULL, NULL, '2022-10-15 06:56:58', '2022-10-15 06:57:21'),
(1443, 23, 1, 2, '16', NULL, NULL, '2022-10-15 06:56:58', '2022-10-15 06:57:21'),
(1444, 23, 1, 3, '1', NULL, NULL, '2022-10-15 06:56:58', '2022-10-15 06:57:21'),
(1445, 23, 2, 4, '4', NULL, NULL, '2022-10-15 06:56:58', '2022-10-15 06:57:21'),
(1446, 23, 2, 5, '1', NULL, NULL, '2022-10-15 06:56:58', '2022-10-15 06:57:21'),
(1447, 23, 3, 6, '44', NULL, NULL, '2022-10-15 06:56:58', '2022-10-15 06:57:21'),
(1448, 23, 3, 7, '1', NULL, NULL, '2022-10-15 06:56:58', '2022-10-15 06:57:21'),
(1449, 23, 3, 8, '1', NULL, NULL, '2022-10-15 06:56:58', '2022-10-15 06:57:21'),
(1450, 23, 3, 9, '1', NULL, NULL, '2022-10-15 06:56:58', '2022-10-15 06:57:21'),
(1451, 23, 3, 10, '6', NULL, NULL, '2022-10-15 06:56:58', '2022-10-15 06:57:21'),
(1452, 23, 3, 11, '4', NULL, NULL, '2022-10-15 06:56:58', '2022-10-15 06:57:21'),
(1453, 23, 3, 12, '6', NULL, NULL, '2022-10-15 06:56:58', '2022-10-15 06:57:21'),
(1454, 23, 3, 13, '4', NULL, NULL, '2022-10-15 06:56:58', '2022-10-15 06:57:21'),
(1455, 23, 3, 14, '2', NULL, NULL, '2022-10-15 06:56:58', '2022-10-15 06:57:21'),
(1456, 23, 4, 15, '6', NULL, NULL, '2022-10-15 06:56:58', '2022-10-15 06:57:21'),
(1457, 23, 4, 16, '1', NULL, NULL, '2022-10-15 06:56:58', '2022-10-15 06:57:21'),
(1458, 23, 5, 17, '1', NULL, NULL, '2022-10-15 06:56:58', '2022-10-15 06:57:21'),
(1459, 23, 5, 18, '1', NULL, NULL, '2022-10-15 06:56:58', '2022-10-15 06:57:21'),
(1460, 23, 5, 19, '1', NULL, NULL, '2022-10-15 06:56:58', '2022-10-15 06:57:21'),
(1461, 23, 5, 20, '1', NULL, NULL, '2022-10-15 06:56:58', '2022-10-15 06:57:21'),
(1462, 23, 5, 21, '1', NULL, NULL, '2022-10-15 06:56:58', '2022-10-15 06:57:21'),
(1463, 23, 5, 22, '1', NULL, NULL, '2022-10-15 06:56:58', '2022-10-15 06:57:21'),
(1464, 23, 5, 23, '1', NULL, NULL, '2022-10-15 06:56:58', '2022-10-15 06:57:21'),
(1465, 23, 6, 24, '18', NULL, NULL, '2022-10-15 06:56:58', '2022-10-15 06:57:21'),
(1466, 23, 6, 25, '12', NULL, NULL, '2022-10-15 06:56:58', '2022-10-15 06:57:21'),
(1467, 23, 7, 26, '62', NULL, NULL, '2022-10-15 06:56:58', '2022-10-15 06:57:21'),
(1468, 23, 7, 27, '1', NULL, NULL, '2022-10-15 06:56:58', '2022-10-15 06:57:21'),
(1469, 23, 7, 28, '14', NULL, NULL, '2022-10-15 06:56:58', '2022-10-15 06:57:21'),
(1470, 23, 7, 29, '36', NULL, NULL, '2022-10-15 06:56:58', '2022-10-15 06:57:21'),
(1471, 23, 7, 30, '1', NULL, NULL, '2022-10-15 06:56:58', '2022-10-15 06:57:21'),
(1472, 23, 7, 31, '18', NULL, NULL, '2022-10-15 06:56:58', '2022-10-15 06:57:21'),
(1473, 23, 7, 32, '3', NULL, NULL, '2022-10-15 06:56:58', '2022-10-15 06:57:21'),
(1474, 23, 7, 33, '8', NULL, NULL, '2022-10-15 06:56:58', '2022-10-15 06:57:21'),
(1475, 23, 7, 34, '1', NULL, NULL, '2022-10-15 06:56:58', '2022-10-15 06:57:21'),
(1476, 23, 7, 35, '1', NULL, NULL, '2022-10-15 06:56:58', '2022-10-15 06:57:21'),
(1477, 23, 7, 36, '64', NULL, NULL, '2022-10-15 06:56:58', '2022-10-15 06:57:21'),
(1478, 23, 7, 37, '12', NULL, NULL, '2022-10-15 06:56:58', '2022-10-15 06:57:21'),
(1479, 23, 8, 38, '1', NULL, NULL, '2022-10-15 06:56:58', '2022-10-15 06:57:21'),
(1480, 23, 8, 39, '1', NULL, NULL, '2022-10-15 06:56:58', '2022-10-15 06:57:21'),
(1481, 23, 8, 40, '22', NULL, NULL, '2022-10-15 06:56:58', '2022-10-15 06:57:21'),
(1482, 23, 8, 41, '14', NULL, NULL, '2022-10-15 06:56:58', '2022-10-15 06:57:21'),
(1483, 23, 8, 42, '1', NULL, NULL, '2022-10-15 06:56:58', '2022-10-15 06:57:21'),
(1484, 23, 9, 43, '1', NULL, NULL, '2022-10-15 06:56:58', '2022-10-15 06:57:21'),
(1485, 23, 9, 44, '1', NULL, NULL, '2022-10-15 06:56:58', '2022-10-15 06:57:21'),
(1486, 23, 9, 45, '1', NULL, NULL, '2022-10-15 06:56:58', '2022-10-15 06:57:21'),
(1487, 23, 9, 46, '1', NULL, NULL, '2022-10-15 06:56:58', '2022-10-15 06:57:21'),
(1488, 23, 9, 47, '2', NULL, NULL, '2022-10-15 06:56:58', '2022-10-15 06:57:21'),
(1489, 23, 10, 48, '22', NULL, NULL, '2022-10-15 06:56:58', '2022-10-15 06:57:21'),
(1490, 23, 10, 49, '12', NULL, NULL, '2022-10-15 06:56:58', '2022-10-15 06:57:21'),
(1491, 23, 11, 50, '1', NULL, NULL, '2022-10-15 06:56:58', '2022-10-15 06:57:21'),
(1492, 23, 11, 51, '3', NULL, NULL, '2022-10-15 06:56:58', '2022-10-15 06:57:21'),
(1493, 23, 11, 52, '10', NULL, NULL, '2022-10-15 06:56:58', '2022-10-15 06:57:21'),
(1494, 23, 11, 53, '1', NULL, NULL, '2022-10-15 06:56:58', '2022-10-15 06:57:21'),
(1495, 23, 11, 54, '6', NULL, NULL, '2022-10-15 06:56:58', '2022-10-15 06:57:21'),
(1496, 23, 11, 55, '2', NULL, NULL, '2022-10-15 06:56:58', '2022-10-15 06:57:21'),
(1497, 23, 12, 56, '4', NULL, NULL, '2022-10-15 06:56:58', '2022-10-15 06:57:21'),
(1498, 23, 12, 57, '1', NULL, NULL, '2022-10-15 06:56:58', '2022-10-15 06:57:21'),
(1499, 23, 12, 58, '6', NULL, NULL, '2022-10-15 06:56:58', '2022-10-15 06:57:21'),
(1500, 23, 12, 59, '4', NULL, NULL, '2022-10-15 06:56:58', '2022-10-15 06:57:21'),
(1501, 23, 12, 60, '1', NULL, NULL, '2022-10-15 06:56:58', '2022-10-15 06:57:21'),
(1502, 23, 12, 61, '42', NULL, NULL, '2022-10-15 06:56:58', '2022-10-15 06:57:21'),
(1503, 23, 13, 62, '1', NULL, NULL, '2022-10-15 06:56:58', '2022-10-15 06:57:21'),
(1504, 23, 13, 63, '1', NULL, NULL, '2022-10-15 06:56:58', '2022-10-15 06:57:21'),
(1505, 23, 13, 64, '1', NULL, NULL, '2022-10-15 06:56:58', '2022-10-15 06:57:21'),
(1506, 23, 13, 65, '1', NULL, NULL, '2022-10-15 06:56:58', '2022-10-15 06:57:21'),
(1507, 23, 13, 66, '1', NULL, NULL, '2022-10-15 06:56:58', '2022-10-15 06:57:21'),
(1508, 23, 14, 67, '6', NULL, NULL, '2022-10-15 06:56:58', '2022-10-15 06:57:21'),
(1509, 23, 14, 68, '4', NULL, NULL, '2022-10-15 06:56:58', '2022-10-15 06:57:21'),
(1510, 23, 14, 69, '12', NULL, NULL, '2022-10-15 06:56:58', '2022-10-15 06:57:21'),
(1511, 23, 14, 70, '24', NULL, NULL, '2022-10-15 06:56:58', '2022-10-15 06:57:21'),
(1512, 23, 15, 71, '36', NULL, NULL, '2022-10-15 06:56:58', '2022-10-15 06:57:21'),
(1513, 23, 15, 72, '72', NULL, NULL, '2022-10-15 06:56:58', '2022-10-15 06:57:21'),
(1514, 23, 16, 73, '162', NULL, NULL, '2022-10-15 06:56:58', '2022-10-15 06:57:21'),
(1515, 23, 16, 74, '1', NULL, NULL, '2022-10-15 06:56:58', '2022-10-15 06:57:21'),
(1516, 23, 16, 75, '142', NULL, NULL, '2022-10-15 06:56:58', '2022-10-15 06:57:21'),
(1517, 23, 16, 76, '1', NULL, NULL, '2022-10-15 06:56:58', '2022-10-15 06:57:21'),
(1518, 23, 17, 77, '26', NULL, NULL, '2022-10-15 06:56:58', '2022-10-15 06:57:21'),
(1519, 23, 17, 78, '2', NULL, NULL, '2022-10-15 06:56:58', '2022-10-15 06:57:21'),
(1520, 23, 17, 79, '8', NULL, NULL, '2022-10-15 06:56:58', '2022-10-15 06:57:21'),
(1521, 24, 1, 1, '2', NULL, NULL, '2022-10-15 07:15:02', '2022-10-15 07:15:19'),
(1522, 24, 1, 2, '2', NULL, NULL, '2022-10-15 07:15:02', '2022-10-15 07:15:19'),
(1523, 24, 1, 3, '2', NULL, NULL, '2022-10-15 07:15:02', '2022-10-15 07:15:19'),
(1524, 24, 2, 4, '3', NULL, NULL, '2022-10-15 07:15:02', '2022-10-15 07:15:19'),
(1525, 24, 2, 5, '1', NULL, NULL, '2022-10-15 07:15:02', '2022-10-15 07:15:19'),
(1526, 24, 3, 6, '2', NULL, NULL, '2022-10-15 07:15:02', '2022-10-15 07:15:19'),
(1527, 24, 3, 7, '1', NULL, NULL, '2022-10-15 07:15:02', '2022-10-15 07:15:19'),
(1528, 24, 3, 8, '1', NULL, NULL, '2022-10-15 07:15:02', '2022-10-15 07:15:19'),
(1529, 24, 3, 9, '1', NULL, NULL, '2022-10-15 07:15:02', '2022-10-15 07:15:19'),
(1530, 24, 3, 10, '1', NULL, NULL, '2022-10-15 07:15:02', '2022-10-15 07:15:19'),
(1531, 24, 3, 11, '1', NULL, NULL, '2022-10-15 07:15:02', '2022-10-15 07:15:19'),
(1532, 24, 3, 12, '1', NULL, NULL, '2022-10-15 07:15:02', '2022-10-15 07:15:19'),
(1533, 24, 3, 13, '1', NULL, NULL, '2022-10-15 07:15:02', '2022-10-15 07:15:19'),
(1534, 24, 3, 14, '1', NULL, NULL, '2022-10-15 07:15:02', '2022-10-15 07:15:19'),
(1535, 24, 4, 15, '2', NULL, NULL, '2022-10-15 07:15:02', '2022-10-15 07:15:19'),
(1536, 24, 4, 16, '1', NULL, NULL, '2022-10-15 07:15:02', '2022-10-15 07:15:19'),
(1537, 24, 5, 17, '1', NULL, NULL, '2022-10-15 07:15:02', '2022-10-15 07:15:19'),
(1538, 24, 5, 18, '1', NULL, NULL, '2022-10-15 07:15:02', '2022-10-15 07:15:19'),
(1539, 24, 5, 19, '1', NULL, NULL, '2022-10-15 07:15:02', '2022-10-15 07:15:19'),
(1540, 24, 5, 20, '1', NULL, NULL, '2022-10-15 07:15:02', '2022-10-15 07:15:19'),
(1541, 24, 5, 21, '1', NULL, NULL, '2022-10-15 07:15:02', '2022-10-15 07:15:19'),
(1542, 24, 5, 22, '1', NULL, NULL, '2022-10-15 07:15:02', '2022-10-15 07:15:19'),
(1543, 24, 5, 23, '1', NULL, NULL, '2022-10-15 07:15:02', '2022-10-15 07:15:19'),
(1544, 24, 6, 24, '3', NULL, NULL, '2022-10-15 07:15:02', '2022-10-15 07:15:19'),
(1545, 24, 6, 25, '2', NULL, NULL, '2022-10-15 07:15:02', '2022-10-15 07:15:19'),
(1546, 24, 7, 26, '1', NULL, NULL, '2022-10-15 07:15:02', '2022-10-15 07:15:19'),
(1547, 24, 7, 27, '1', NULL, NULL, '2022-10-15 07:15:02', '2022-10-15 07:15:19'),
(1548, 24, 7, 28, '1', NULL, NULL, '2022-10-15 07:15:02', '2022-10-15 07:15:19'),
(1549, 24, 7, 29, '20', NULL, NULL, '2022-10-15 07:15:02', '2022-10-15 07:15:19'),
(1550, 24, 7, 30, '1', NULL, NULL, '2022-10-15 07:15:02', '2022-10-15 07:15:19'),
(1551, 24, 7, 31, '3', NULL, NULL, '2022-10-15 07:15:02', '2022-10-15 07:15:19'),
(1552, 24, 7, 32, '18', NULL, NULL, '2022-10-15 07:15:02', '2022-10-15 07:15:19'),
(1553, 24, 7, 33, '1', NULL, NULL, '2022-10-15 07:15:02', '2022-10-15 07:15:19'),
(1554, 24, 7, 34, '1', NULL, NULL, '2022-10-15 07:15:02', '2022-10-15 07:15:19'),
(1555, 24, 7, 35, '1', NULL, NULL, '2022-10-15 07:15:02', '2022-10-15 07:15:19'),
(1556, 24, 7, 36, '12', NULL, NULL, '2022-10-15 07:15:02', '2022-10-15 07:15:19'),
(1557, 24, 7, 37, '2', NULL, NULL, '2022-10-15 07:15:02', '2022-10-15 07:15:19'),
(1558, 24, 8, 38, '1', NULL, NULL, '2022-10-15 07:15:02', '2022-10-15 07:15:19'),
(1559, 24, 8, 39, '1', NULL, NULL, '2022-10-15 07:15:02', '2022-10-15 07:15:19'),
(1560, 24, 8, 40, '1', NULL, NULL, '2022-10-15 07:15:02', '2022-10-15 07:15:19'),
(1561, 24, 8, 41, '1', NULL, NULL, '2022-10-15 07:15:02', '2022-10-15 07:15:19'),
(1562, 24, 8, 42, '2', NULL, NULL, '2022-10-15 07:15:02', '2022-10-15 07:15:19'),
(1563, 24, 9, 43, '1', NULL, NULL, '2022-10-15 07:15:02', '2022-10-15 07:15:19'),
(1564, 24, 9, 44, '1', NULL, NULL, '2022-10-15 07:15:02', '2022-10-15 07:15:19'),
(1565, 24, 9, 45, '1', NULL, NULL, '2022-10-15 07:15:02', '2022-10-15 07:15:19'),
(1566, 24, 9, 46, '1', NULL, NULL, '2022-10-15 07:15:02', '2022-10-15 07:15:19'),
(1567, 24, 9, 47, '1', NULL, NULL, '2022-10-15 07:15:02', '2022-10-15 07:15:19'),
(1568, 24, 10, 48, '1', NULL, NULL, '2022-10-15 07:15:02', '2022-10-15 07:15:19'),
(1569, 24, 10, 49, '1', NULL, NULL, '2022-10-15 07:15:02', '2022-10-15 07:15:19'),
(1570, 24, 11, 50, '1', NULL, NULL, '2022-10-15 07:15:02', '2022-10-15 07:15:19'),
(1571, 24, 11, 51, '1', NULL, NULL, '2022-10-15 07:15:02', '2022-10-15 07:15:19'),
(1572, 24, 11, 52, '5', NULL, NULL, '2022-10-15 07:15:02', '2022-10-15 07:15:19'),
(1573, 24, 11, 53, '1', NULL, NULL, '2022-10-15 07:15:02', '2022-10-15 07:15:19'),
(1574, 24, 11, 54, '3', NULL, NULL, '2022-10-15 07:15:02', '2022-10-15 07:15:19'),
(1575, 24, 11, 55, '1', NULL, NULL, '2022-10-15 07:15:02', '2022-10-15 07:15:19'),
(1576, 24, 12, 56, '4', NULL, NULL, '2022-10-15 07:15:02', '2022-10-15 07:15:19'),
(1577, 24, 12, 57, '1', NULL, NULL, '2022-10-15 07:15:02', '2022-10-15 07:15:19'),
(1578, 24, 12, 58, '6', NULL, NULL, '2022-10-15 07:15:02', '2022-10-15 07:15:19'),
(1579, 24, 12, 59, '4', NULL, NULL, '2022-10-15 07:15:02', '2022-10-15 07:15:19'),
(1580, 24, 12, 60, '1', NULL, NULL, '2022-10-15 07:15:02', '2022-10-15 07:15:19'),
(1581, 24, 12, 61, '6', NULL, NULL, '2022-10-15 07:15:02', '2022-10-15 07:15:19'),
(1582, 24, 13, 62, '16', NULL, NULL, '2022-10-15 07:15:02', '2022-10-15 07:15:19'),
(1583, 24, 13, 63, '1', NULL, NULL, '2022-10-15 07:15:02', '2022-10-15 07:15:19'),
(1584, 24, 13, 64, '1', NULL, NULL, '2022-10-15 07:15:02', '2022-10-15 07:15:19'),
(1585, 24, 13, 65, '1', NULL, NULL, '2022-10-15 07:15:02', '2022-10-15 07:15:19'),
(1586, 24, 13, 66, '2', NULL, NULL, '2022-10-15 07:15:02', '2022-10-15 07:15:19'),
(1587, 24, 14, 67, '1', NULL, NULL, '2022-10-15 07:15:02', '2022-10-15 07:15:19'),
(1588, 24, 14, 68, '1', NULL, NULL, '2022-10-15 07:15:02', '2022-10-15 07:15:19'),
(1589, 24, 14, 69, '2', NULL, NULL, '2022-10-15 07:15:02', '2022-10-15 07:15:19'),
(1590, 24, 14, 70, '1', NULL, NULL, '2022-10-15 07:15:02', '2022-10-15 07:15:19'),
(1591, 24, 15, 71, '3', NULL, NULL, '2022-10-15 07:15:02', '2022-10-15 07:15:19'),
(1592, 24, 15, 72, '12', NULL, NULL, '2022-10-15 07:15:02', '2022-10-15 07:15:19'),
(1593, 24, 16, 73, '1', NULL, NULL, '2022-10-15 07:15:02', '2022-10-15 07:15:19'),
(1594, 24, 16, 74, '1', NULL, NULL, '2022-10-15 07:15:02', '2022-10-15 07:15:19'),
(1595, 24, 16, 75, '4', NULL, NULL, '2022-10-15 07:15:02', '2022-10-15 07:15:19'),
(1596, 24, 16, 76, '1', NULL, NULL, '2022-10-15 07:15:02', '2022-10-15 07:15:19'),
(1597, 24, 17, 77, '3', NULL, NULL, '2022-10-15 07:15:02', '2022-10-15 07:15:19'),
(1598, 24, 17, 78, '2', NULL, NULL, '2022-10-15 07:15:02', '2022-10-15 07:15:19'),
(1599, 24, 17, 79, '2', NULL, NULL, '2022-10-15 07:15:02', '2022-10-15 07:15:19'),
(1600, 25, 1, 1, '1', NULL, NULL, '2022-10-15 07:25:33', '2022-12-01 09:57:29'),
(1601, 25, 1, 2, '6', NULL, NULL, '2022-10-15 07:25:33', '2022-12-01 09:57:29'),
(1602, 25, 1, 3, '1', NULL, NULL, '2022-10-15 07:25:33', '2022-12-01 09:57:29'),
(1603, 25, 2, 4, '4', NULL, NULL, '2022-10-15 07:25:33', '2022-12-01 09:57:29'),
(1604, 25, 2, 5, '1', NULL, NULL, '2022-10-15 07:25:33', '2022-12-01 09:57:29'),
(1605, 25, 3, 6, '1', NULL, NULL, '2022-10-15 07:25:33', '2022-12-01 09:57:29'),
(1606, 25, 3, 7, '1', NULL, NULL, '2022-10-15 07:25:33', '2022-12-01 09:57:29'),
(1607, 25, 3, 8, '1', NULL, NULL, '2022-10-15 07:25:33', '2022-12-01 09:57:29'),
(1608, 25, 3, 9, '1', NULL, NULL, '2022-10-15 07:25:33', '2022-12-01 09:57:29'),
(1609, 25, 3, 10, '8', NULL, NULL, '2022-10-15 07:25:33', '2022-12-01 09:57:29'),
(1610, 25, 3, 11, '1', NULL, NULL, '2022-10-15 07:25:33', '2022-12-01 09:57:29'),
(1611, 25, 3, 12, '2', NULL, NULL, '2022-10-15 07:25:33', '2022-12-01 09:57:29'),
(1612, 25, 3, 13, '1', NULL, NULL, '2022-10-15 07:25:33', '2022-12-01 09:57:29'),
(1613, 25, 3, 14, '11', NULL, NULL, '2022-10-15 07:25:33', '2022-12-01 09:57:29'),
(1614, 25, 4, 15, '1', NULL, NULL, '2022-10-15 07:25:33', '2022-12-01 09:57:29'),
(1615, 25, 4, 16, '1', NULL, NULL, '2022-10-15 07:25:33', '2022-12-01 09:57:29'),
(1616, 25, 5, 17, '1', NULL, NULL, '2022-10-15 07:25:33', '2022-12-01 09:57:29'),
(1617, 25, 5, 18, '1', NULL, NULL, '2022-10-15 07:25:33', '2022-12-01 09:57:29'),
(1618, 25, 5, 19, '1', NULL, NULL, '2022-10-15 07:25:33', '2022-12-01 09:57:29'),
(1619, 25, 5, 20, '1', NULL, NULL, '2022-10-15 07:25:33', '2022-12-01 09:57:29'),
(1620, 25, 5, 21, '1', NULL, NULL, '2022-10-15 07:25:33', '2022-12-01 09:57:29'),
(1621, 25, 5, 22, '4', NULL, NULL, '2022-10-15 07:25:33', '2022-12-01 09:57:29'),
(1622, 25, 5, 23, '1', NULL, NULL, '2022-10-15 07:25:33', '2022-12-01 09:57:29'),
(1623, 25, 6, 24, '4', NULL, NULL, '2022-10-15 07:25:33', '2022-12-01 09:57:29'),
(1624, 25, 6, 25, '1', NULL, NULL, '2022-10-15 07:25:33', '2022-12-01 09:57:29'),
(1625, 25, 7, 26, '4', NULL, NULL, '2022-10-15 07:25:33', '2022-12-01 09:57:29'),
(1626, 25, 7, 27, '1', NULL, NULL, '2022-10-15 07:25:33', '2022-12-01 09:57:29'),
(1627, 25, 7, 28, '1', NULL, NULL, '2022-10-15 07:25:33', '2022-12-01 09:57:29'),
(1628, 25, 7, 29, '36', NULL, NULL, '2022-10-15 07:25:33', '2022-12-01 09:57:29'),
(1629, 25, 7, 30, '1', NULL, NULL, '2022-10-15 07:25:33', '2022-12-01 09:57:29'),
(1630, 25, 7, 31, '3', NULL, NULL, '2022-10-15 07:25:33', '2022-12-01 09:57:29'),
(1631, 25, 7, 32, '3', NULL, NULL, '2022-10-15 07:25:33', '2022-12-01 09:57:29'),
(1632, 25, 7, 33, '2', NULL, NULL, '2022-10-15 07:25:33', '2022-12-01 09:57:29'),
(1633, 25, 7, 34, '1', NULL, NULL, '2022-10-15 07:25:33', '2022-12-01 09:57:29'),
(1634, 25, 7, 35, '1', NULL, NULL, '2022-10-15 07:25:33', '2022-12-01 09:57:29'),
(1635, 25, 7, 36, '10', NULL, NULL, '2022-10-15 07:25:33', '2022-12-01 09:57:29'),
(1636, 25, 7, 37, '2', NULL, NULL, '2022-10-15 07:25:33', '2022-12-01 09:57:29'),
(1637, 25, 8, 38, '1', NULL, NULL, '2022-10-15 07:25:33', '2022-12-01 09:57:29'),
(1638, 25, 8, 39, '1', NULL, NULL, '2022-10-15 07:25:33', '2022-12-01 09:57:29'),
(1639, 25, 8, 40, '1', NULL, NULL, '2022-10-15 07:25:33', '2022-12-01 09:57:29'),
(1640, 25, 8, 41, '1', NULL, NULL, '2022-10-15 07:25:33', '2022-12-01 09:57:29'),
(1641, 25, 8, 42, '1', NULL, NULL, '2022-10-15 07:25:33', '2022-12-01 09:57:29'),
(1642, 25, 9, 43, '2', NULL, NULL, '2022-10-15 07:25:33', '2022-12-01 09:57:29'),
(1643, 25, 9, 44, '1', NULL, NULL, '2022-10-15 07:25:33', '2022-12-01 09:57:29'),
(1644, 25, 9, 45, '1', NULL, NULL, '2022-10-15 07:25:33', '2022-12-01 09:57:29'),
(1645, 25, 9, 46, '1', NULL, NULL, '2022-10-15 07:25:33', '2022-12-01 09:57:29'),
(1646, 25, 9, 47, '2', NULL, NULL, '2022-10-15 07:25:33', '2022-12-01 09:57:29'),
(1647, 25, 10, 48, '50', NULL, NULL, '2022-10-15 07:25:33', '2022-12-01 09:57:29'),
(1648, 25, 10, 49, '11', NULL, NULL, '2022-10-15 07:25:33', '2022-12-01 09:57:29'),
(1649, 25, 11, 50, '1', NULL, NULL, '2022-10-15 07:25:33', '2022-12-01 09:57:29'),
(1650, 25, 11, 51, '1', NULL, NULL, '2022-10-15 07:25:33', '2022-12-01 09:57:29'),
(1651, 25, 11, 52, '1', NULL, NULL, '2022-10-15 07:25:33', '2022-12-01 09:57:29'),
(1652, 25, 11, 53, '1', NULL, NULL, '2022-10-15 07:25:33', '2022-12-01 09:57:29'),
(1653, 25, 11, 54, '1', NULL, NULL, '2022-10-15 07:25:33', '2022-12-01 09:57:29'),
(1654, 25, 11, 55, '1', NULL, NULL, '2022-10-15 07:25:33', '2022-12-01 09:57:29'),
(1655, 25, 12, 56, '12', NULL, NULL, '2022-10-15 07:25:33', '2022-12-01 09:57:29'),
(1656, 25, 12, 57, '32', NULL, NULL, '2022-10-15 07:25:33', '2022-12-01 09:57:29'),
(1657, 25, 12, 58, '6', NULL, NULL, '2022-10-15 07:25:33', '2022-12-01 09:57:29'),
(1658, 25, 12, 59, '4', NULL, NULL, '2022-10-15 07:25:33', '2022-12-01 09:57:29'),
(1659, 25, 12, 60, '1', NULL, NULL, '2022-10-15 07:25:33', '2022-12-01 09:57:29'),
(1660, 25, 12, 61, '6', NULL, NULL, '2022-10-15 07:25:33', '2022-12-01 09:57:29'),
(1661, 25, 13, 62, '1', NULL, NULL, '2022-10-15 07:25:33', '2022-12-01 09:57:29'),
(1662, 25, 13, 63, '1', NULL, NULL, '2022-10-15 07:25:33', '2022-12-01 09:57:29'),
(1663, 25, 13, 64, '1', NULL, NULL, '2022-10-15 07:25:33', '2022-12-01 09:57:29'),
(1664, 25, 13, 65, '1', NULL, NULL, '2022-10-15 07:25:33', '2022-12-01 09:57:29'),
(1665, 25, 13, 66, '1', NULL, NULL, '2022-10-15 07:25:33', '2022-12-01 09:57:29'),
(1666, 25, 14, 67, '1', NULL, NULL, '2022-10-15 07:25:33', '2022-12-01 09:57:29'),
(1667, 25, 14, 68, '1', NULL, NULL, '2022-10-15 07:25:33', '2022-12-01 09:57:29'),
(1668, 25, 14, 69, '1', NULL, NULL, '2022-10-15 07:25:33', '2022-12-01 09:57:29'),
(1669, 25, 14, 70, '1', NULL, NULL, '2022-10-15 07:25:33', '2022-12-01 09:57:29'),
(1670, 25, 15, 71, '3', NULL, NULL, '2022-10-15 07:25:33', '2022-12-01 09:57:29'),
(1671, 25, 15, 72, '6', NULL, NULL, '2022-10-15 07:25:33', '2022-12-01 09:57:29'),
(1672, 25, 16, 73, '1', NULL, NULL, '2022-10-15 07:25:33', '2022-12-01 09:57:29'),
(1673, 25, 16, 74, '1', NULL, NULL, '2022-10-15 07:25:33', '2022-12-01 09:57:29'),
(1674, 25, 16, 75, '8', NULL, NULL, '2022-10-15 07:25:33', '2022-12-01 09:57:29'),
(1675, 25, 16, 76, '1', NULL, NULL, '2022-10-15 07:25:33', '2022-12-01 09:57:29'),
(1676, 25, 17, 77, '3', NULL, NULL, '2022-10-15 07:25:33', '2022-12-01 09:57:29'),
(1677, 25, 17, 78, '2', NULL, NULL, '2022-10-15 07:25:33', '2022-12-01 09:57:29'),
(1678, 25, 17, 79, '2', NULL, NULL, '2022-10-15 07:25:33', '2022-12-01 09:57:29'),
(1679, 26, 1, 1, '1', NULL, NULL, '2022-10-15 07:38:05', NULL),
(1680, 26, 1, 2, '6', NULL, NULL, '2022-10-15 07:38:05', NULL),
(1681, 26, 1, 3, '1', NULL, NULL, '2022-10-15 07:38:05', NULL),
(1682, 26, 2, 4, '1', NULL, NULL, '2022-10-15 07:38:05', NULL),
(1683, 26, 2, 5, '1', NULL, NULL, '2022-10-15 07:38:05', NULL),
(1684, 26, 3, 6, '10', NULL, NULL, '2022-10-15 07:38:05', NULL),
(1685, 26, 3, 7, '1', NULL, NULL, '2022-10-15 07:38:05', NULL),
(1686, 26, 3, 8, '1', NULL, NULL, '2022-10-15 07:38:05', NULL),
(1687, 26, 3, 9, '1', NULL, NULL, '2022-10-15 07:38:05', NULL),
(1688, 26, 3, 10, '4', NULL, NULL, '2022-10-15 07:38:05', NULL),
(1689, 26, 3, 11, '3', NULL, NULL, '2022-10-15 07:38:05', NULL),
(1690, 26, 3, 12, '2', NULL, NULL, '2022-10-15 07:38:05', NULL),
(1691, 27, 1, 1, '48', NULL, NULL, '2022-11-24 10:27:09', '2022-11-26 06:23:51'),
(1692, 27, 1, 2, '48', NULL, NULL, '2022-11-24 10:27:09', '2022-11-26 06:23:51'),
(1693, 27, 1, 3, '48', NULL, NULL, '2022-11-24 10:27:09', '2022-11-26 06:23:51'),
(1694, 27, 2, 4, '48', NULL, NULL, '2022-11-24 10:27:09', '2022-11-26 06:23:51'),
(1695, 27, 2, 5, '48', NULL, NULL, '2022-11-24 10:27:09', '2022-11-26 06:23:51'),
(1696, 27, 3, 6, '48', NULL, NULL, '2022-11-24 10:27:09', '2022-11-26 06:23:51'),
(1697, 27, 3, 7, '48', NULL, NULL, '2022-11-24 10:27:09', '2022-11-26 06:23:51'),
(1698, 27, 3, 8, '48', NULL, NULL, '2022-11-24 10:27:09', '2022-11-26 06:23:51'),
(1699, 27, 3, 9, '48', NULL, NULL, '2022-11-24 10:27:09', '2022-11-26 06:23:51'),
(1700, 27, 3, 10, '48', NULL, NULL, '2022-11-24 10:27:09', '2022-11-26 06:23:51'),
(1701, 27, 3, 11, '48', NULL, NULL, '2022-11-24 10:27:09', '2022-11-26 06:23:51'),
(1702, 27, 3, 12, '48', NULL, NULL, '2022-11-24 10:27:09', '2022-11-26 06:23:51'),
(1703, 27, 3, 13, '48', NULL, NULL, '2022-11-24 10:27:09', '2022-11-26 06:23:51'),
(1704, 27, 3, 14, '48', NULL, NULL, '2022-11-24 10:27:09', '2022-11-26 06:23:51'),
(1705, 27, 4, 15, '48', NULL, NULL, '2022-11-24 11:16:31', '2022-11-26 06:23:51'),
(1706, 27, 4, 16, '48', NULL, NULL, '2022-11-24 11:16:31', '2022-11-26 06:23:51'),
(1707, 27, 5, 17, '48', NULL, NULL, '2022-11-24 11:16:31', '2022-11-26 06:23:51'),
(1708, 27, 5, 18, '48', NULL, NULL, '2022-11-24 11:16:31', '2022-11-26 06:23:51'),
(1709, 27, 5, 19, '48', NULL, NULL, '2022-11-24 11:16:31', '2022-11-26 06:23:51'),
(1710, 27, 5, 20, '48', NULL, NULL, '2022-11-24 11:16:31', '2022-11-26 06:23:51'),
(1711, 27, 5, 21, '48', NULL, NULL, '2022-11-24 11:16:31', '2022-11-26 06:23:51'),
(1712, 27, 5, 22, '48', NULL, NULL, '2022-11-24 11:16:31', '2022-11-26 06:23:51'),
(1713, 27, 5, 23, '48', NULL, NULL, '2022-11-24 11:16:31', '2022-11-26 06:23:51'),
(1714, 27, 6, 24, '48', NULL, NULL, '2022-11-24 11:16:31', '2022-11-26 06:23:51'),
(1715, 27, 6, 25, '48', NULL, NULL, '2022-11-24 11:16:31', '2022-11-26 06:23:51'),
(1716, 27, 7, 26, '48', NULL, NULL, '2022-11-24 11:16:31', '2022-11-26 06:23:51'),
(1717, 27, 7, 27, '48', NULL, NULL, '2022-11-24 11:16:31', '2022-11-26 06:23:51'),
(1718, 27, 7, 28, '48', NULL, NULL, '2022-11-24 11:16:31', '2022-11-26 06:23:51'),
(1719, 27, 7, 29, '48', NULL, NULL, '2022-11-24 11:16:31', '2022-11-26 06:23:51'),
(1720, 27, 7, 30, '48', NULL, NULL, '2022-11-24 11:16:31', '2022-11-26 06:23:51'),
(1721, 27, 7, 31, '48', NULL, NULL, '2022-11-24 11:16:31', '2022-11-26 06:23:51'),
(1722, 27, 7, 32, '48', NULL, NULL, '2022-11-24 11:16:31', '2022-11-26 06:23:51'),
(1723, 27, 7, 33, '48', NULL, NULL, '2022-11-24 11:16:31', '2022-11-26 06:23:51'),
(1724, 27, 7, 34, '48', NULL, NULL, '2022-11-24 11:16:31', '2022-11-26 06:23:51'),
(1725, 27, 7, 35, '48', NULL, NULL, '2022-11-24 11:16:31', '2022-11-26 06:23:51'),
(1726, 27, 7, 36, '48', NULL, NULL, '2022-11-24 11:16:31', '2022-11-26 06:23:51'),
(1727, 27, 7, 37, '48', NULL, NULL, '2022-11-24 11:16:31', '2022-11-26 06:23:51'),
(1728, 27, 8, 38, '48', NULL, NULL, '2022-11-24 11:16:31', '2022-11-26 06:23:51'),
(1729, 27, 8, 39, '48', NULL, NULL, '2022-11-24 11:16:31', '2022-11-26 06:23:51'),
(1730, 27, 8, 40, '48', NULL, NULL, '2022-11-24 11:16:31', '2022-11-26 06:23:51'),
(1731, 27, 8, 41, '48', NULL, NULL, '2022-11-24 11:16:31', '2022-11-26 06:23:51'),
(1732, 27, 8, 42, '48', NULL, NULL, '2022-11-24 11:16:31', '2022-11-26 06:23:51'),
(1733, 27, 9, 43, '48', NULL, NULL, '2022-11-24 11:16:31', '2022-11-26 06:23:51'),
(1734, 27, 9, 44, '48', NULL, NULL, '2022-11-24 11:16:31', '2022-11-26 06:23:51'),
(1735, 27, 9, 45, '48', NULL, NULL, '2022-11-24 11:16:31', '2022-11-26 06:23:51'),
(1736, 27, 9, 46, '48', NULL, NULL, '2022-11-24 11:16:31', '2022-11-26 06:23:51'),
(1737, 27, 9, 47, '48', NULL, NULL, '2022-11-24 11:16:31', '2022-11-26 06:23:51'),
(1738, 27, 10, 48, '48', NULL, NULL, '2022-11-24 11:16:31', '2022-11-26 06:23:51'),
(1739, 27, 10, 49, '48', NULL, NULL, '2022-11-24 11:16:31', '2022-11-26 06:23:51'),
(1740, 27, 11, 50, '48', NULL, NULL, '2022-11-24 11:16:31', '2022-11-26 06:23:51'),
(1741, 27, 11, 51, '48', NULL, NULL, '2022-11-24 11:16:31', '2022-11-26 06:23:51'),
(1742, 27, 11, 52, '48', NULL, NULL, '2022-11-24 11:16:31', '2022-11-26 06:23:51'),
(1743, 27, 11, 53, '48', NULL, NULL, '2022-11-24 11:16:31', '2022-11-26 06:23:51'),
(1744, 27, 11, 54, '48', NULL, NULL, '2022-11-24 11:16:31', '2022-11-26 06:23:51'),
(1745, 27, 11, 55, '48', NULL, NULL, '2022-11-24 11:16:31', '2022-11-26 06:23:51'),
(1746, 27, 12, 56, '48', NULL, NULL, '2022-11-24 11:16:31', '2022-11-26 06:23:51'),
(1747, 27, 12, 57, '48', NULL, NULL, '2022-11-24 11:16:31', '2022-11-26 06:23:51'),
(1748, 27, 12, 58, '48', NULL, NULL, '2022-11-24 11:16:31', '2022-11-26 06:23:51'),
(1749, 27, 12, 59, '48', NULL, NULL, '2022-11-24 11:16:31', '2022-11-26 06:23:51'),
(1750, 27, 12, 60, '48', NULL, NULL, '2022-11-24 11:16:31', '2022-11-26 06:23:51'),
(1751, 27, 12, 61, '48', NULL, NULL, '2022-11-24 11:16:31', '2022-11-26 06:23:51'),
(1752, 27, 13, 62, '48', NULL, NULL, '2022-11-24 11:16:31', '2022-11-26 06:23:51'),
(1753, 27, 13, 63, '48', NULL, NULL, '2022-11-24 11:16:31', '2022-11-26 06:23:51'),
(1754, 27, 13, 64, '48', NULL, NULL, '2022-11-24 11:16:31', '2022-11-26 06:23:51'),
(1755, 27, 13, 65, '48', NULL, NULL, '2022-11-24 11:16:31', '2022-11-26 06:23:51'),
(1756, 27, 13, 66, '48', NULL, NULL, '2022-11-24 11:16:31', '2022-11-26 06:23:51'),
(1757, 27, 14, 67, '48', NULL, NULL, '2022-11-24 11:16:31', '2022-11-26 06:23:51'),
(1758, 27, 14, 68, '48', NULL, NULL, '2022-11-24 11:16:31', '2022-11-26 06:23:51'),
(1759, 27, 14, 69, '48', NULL, NULL, '2022-11-24 11:16:31', '2022-11-26 06:23:51'),
(1760, 27, 14, 70, '48', NULL, NULL, '2022-11-24 11:16:31', '2022-11-26 06:23:51'),
(1761, 27, 15, 71, '48', NULL, NULL, '2022-11-24 11:16:31', '2022-11-26 06:23:51'),
(1762, 27, 15, 72, '48', NULL, NULL, '2022-11-24 11:16:31', '2022-11-26 06:23:51'),
(1763, 27, 16, 73, '48', NULL, NULL, '2022-11-24 11:16:31', '2022-11-26 06:23:51'),
(1764, 27, 16, 74, '48', NULL, NULL, '2022-11-24 11:16:31', '2022-11-26 06:23:51'),
(1765, 27, 16, 75, '48', NULL, NULL, '2022-11-24 11:16:31', '2022-11-26 06:23:51'),
(1766, 27, 16, 76, '48', NULL, NULL, '2022-11-24 11:16:31', '2022-11-26 06:23:51'),
(1767, 27, 17, 77, '48', NULL, NULL, '2022-11-24 11:16:31', '2022-11-26 06:23:51'),
(1768, 27, 17, 78, '48', NULL, NULL, '2022-11-24 11:16:31', '2022-11-26 06:23:51'),
(1769, 27, 17, 79, '48', NULL, NULL, '2022-11-24 11:16:31', '2022-11-26 06:23:51'),
(1770, 28, 1, 1, '48', NULL, NULL, '2022-11-26 05:41:08', NULL),
(1771, 28, 1, 2, '48', NULL, NULL, '2022-11-26 05:41:08', NULL),
(1772, 28, 1, 3, '48', NULL, NULL, '2022-11-26 05:41:08', NULL),
(1773, 28, 2, 4, '48', NULL, NULL, '2022-11-26 05:41:08', NULL),
(1774, 28, 2, 5, '48', NULL, NULL, '2022-11-26 05:41:08', NULL),
(1775, 28, 3, 6, '48', NULL, NULL, '2022-11-26 05:41:08', NULL),
(1776, 28, 3, 7, '48', NULL, NULL, '2022-11-26 05:41:08', NULL),
(1777, 28, 3, 8, '48', NULL, NULL, '2022-11-26 05:41:08', NULL),
(1778, 28, 3, 9, '48', NULL, NULL, '2022-11-26 05:41:08', NULL),
(1779, 28, 3, 10, '48', NULL, NULL, '2022-11-26 05:41:08', NULL),
(1780, 28, 3, 11, '48', NULL, NULL, '2022-11-26 05:41:08', NULL),
(1781, 28, 3, 13, '48', NULL, NULL, '2022-11-26 05:41:08', NULL),
(1782, 28, 3, 14, '48', NULL, NULL, '2022-11-26 05:41:08', NULL),
(1783, 28, 4, 15, '48', NULL, NULL, '2022-11-26 05:41:08', NULL),
(1784, 28, 4, 16, '48', NULL, NULL, '2022-11-26 05:41:08', NULL),
(1785, 28, 5, 17, '48', NULL, NULL, '2022-11-26 05:41:08', NULL),
(1786, 28, 5, 18, '48', NULL, NULL, '2022-11-26 05:41:08', NULL),
(1787, 28, 5, 19, '48', NULL, NULL, '2022-11-26 05:41:08', NULL),
(1788, 28, 5, 20, '48', NULL, NULL, '2022-11-26 05:41:08', NULL),
(1789, 28, 5, 21, '48', NULL, NULL, '2022-11-26 05:41:08', NULL),
(1790, 28, 5, 22, '48', NULL, NULL, '2022-11-26 05:41:08', NULL),
(1791, 28, 5, 23, '48', NULL, NULL, '2022-11-26 05:41:08', NULL),
(1792, 28, 6, 24, '48', NULL, NULL, '2022-11-26 05:41:08', NULL),
(1793, 28, 6, 25, '48', NULL, NULL, '2022-11-26 05:41:08', NULL),
(1794, 28, 7, 26, '48', NULL, NULL, '2022-11-26 05:41:08', NULL),
(1795, 28, 7, 27, '48', NULL, NULL, '2022-11-26 05:41:08', NULL),
(1796, 28, 7, 28, '48', NULL, NULL, '2022-11-26 05:41:08', NULL),
(1797, 28, 7, 29, '48', NULL, NULL, '2022-11-26 05:41:08', NULL),
(1798, 28, 7, 30, '48', NULL, NULL, '2022-11-26 05:41:08', NULL),
(1799, 28, 7, 31, '48', NULL, NULL, '2022-11-26 05:41:08', NULL),
(1800, 28, 7, 32, '48', NULL, NULL, '2022-11-26 05:41:08', NULL),
(1801, 28, 7, 33, '48', NULL, NULL, '2022-11-26 05:41:08', NULL),
(1802, 28, 7, 34, '48', NULL, NULL, '2022-11-26 05:41:08', NULL),
(1803, 28, 7, 35, '48', NULL, NULL, '2022-11-26 05:41:08', NULL),
(1804, 28, 7, 36, '48', NULL, NULL, '2022-11-26 05:41:08', NULL),
(1805, 28, 7, 37, '48', NULL, NULL, '2022-11-26 05:41:08', NULL),
(1806, 28, 8, 38, '48', NULL, NULL, '2022-11-26 05:41:08', NULL),
(1807, 28, 8, 39, '48', NULL, NULL, '2022-11-26 05:41:08', NULL),
(1808, 28, 8, 40, '48', NULL, NULL, '2022-11-26 05:41:08', NULL),
(1809, 28, 8, 41, '48', NULL, NULL, '2022-11-26 05:41:08', NULL),
(1810, 28, 8, 42, '48', NULL, NULL, '2022-11-26 05:41:08', NULL),
(1811, 28, 9, 43, '48', NULL, NULL, '2022-11-26 05:41:08', NULL),
(1812, 28, 9, 44, '48', NULL, NULL, '2022-11-26 05:41:08', NULL),
(1813, 28, 9, 45, '48', NULL, NULL, '2022-11-26 05:41:08', NULL),
(1814, 28, 9, 46, '48', NULL, NULL, '2022-11-26 05:41:08', NULL),
(1815, 28, 9, 47, '48', NULL, NULL, '2022-11-26 05:41:08', NULL),
(1816, 28, 10, 48, '48', NULL, NULL, '2022-11-26 05:41:08', NULL),
(1817, 28, 10, 49, '48', NULL, NULL, '2022-11-26 05:41:08', NULL),
(1818, 28, 11, 50, '48', NULL, NULL, '2022-11-26 05:41:08', NULL),
(1819, 28, 11, 51, '48', NULL, NULL, '2022-11-26 05:41:08', NULL),
(1820, 28, 11, 52, '48', NULL, NULL, '2022-11-26 05:41:08', NULL),
(1821, 28, 11, 53, '48', NULL, NULL, '2022-11-26 05:41:08', NULL),
(1822, 28, 11, 54, '48', NULL, NULL, '2022-11-26 05:41:08', NULL),
(1823, 28, 11, 55, '48', NULL, NULL, '2022-11-26 05:41:08', NULL),
(1824, 28, 12, 56, '48', NULL, NULL, '2022-11-26 05:41:08', NULL),
(1825, 28, 12, 57, '48', NULL, NULL, '2022-11-26 05:41:08', NULL),
(1826, 28, 12, 58, '48', NULL, NULL, '2022-11-26 05:41:08', NULL),
(1827, 28, 12, 59, '48', NULL, NULL, '2022-11-26 05:41:08', NULL),
(1828, 28, 12, 60, '48', NULL, NULL, '2022-11-26 05:41:08', NULL),
(1829, 28, 12, 61, '48', NULL, NULL, '2022-11-26 05:41:08', NULL),
(1830, 28, 13, 62, '48', NULL, NULL, '2022-11-26 05:41:08', NULL),
(1831, 28, 13, 63, '48', NULL, NULL, '2022-11-26 05:41:08', NULL),
(1832, 28, 13, 64, '48', NULL, NULL, '2022-11-26 05:41:08', NULL),
(1833, 28, 13, 65, '48', NULL, NULL, '2022-11-26 05:41:08', NULL),
(1834, 28, 13, 66, '48', NULL, NULL, '2022-11-26 05:41:08', NULL),
(1835, 28, 14, 67, '48', NULL, NULL, '2022-11-26 05:41:08', NULL),
(1836, 28, 14, 68, '48', NULL, NULL, '2022-11-26 05:41:08', NULL),
(1837, 28, 14, 69, '48', NULL, NULL, '2022-11-26 05:41:08', NULL),
(1838, 28, 14, 70, '48', NULL, NULL, '2022-11-26 05:41:08', NULL),
(1839, 28, 15, 71, '48', NULL, NULL, '2022-11-26 05:41:08', NULL),
(1840, 28, 15, 72, '48', NULL, NULL, '2022-11-26 05:41:08', NULL),
(1841, 28, 16, 73, '48', NULL, NULL, '2022-11-26 05:41:08', NULL),
(1842, 28, 16, 74, '48', NULL, NULL, '2022-11-26 05:41:08', NULL),
(1843, 28, 16, 75, '48', NULL, NULL, '2022-11-26 05:41:08', NULL),
(1844, 28, 16, 76, '48', NULL, NULL, '2022-11-26 05:41:08', NULL),
(1845, 28, 17, 77, '48', NULL, NULL, '2022-11-26 05:41:08', NULL),
(1846, 28, 17, 78, '48', NULL, NULL, '2022-11-26 05:41:08', NULL),
(1847, 28, 17, 79, '48', NULL, NULL, '2022-11-26 05:41:08', NULL),
(1848, 29, 1, 1, '48', NULL, NULL, '2022-11-26 06:09:42', '2022-11-26 06:14:57'),
(1849, 29, 1, 2, '48', NULL, NULL, '2022-11-26 06:09:42', '2022-11-26 06:14:57'),
(1850, 29, 1, 3, '48', NULL, NULL, '2022-11-26 06:09:42', '2022-11-26 06:14:57'),
(1851, 29, 2, 4, '48', NULL, NULL, '2022-11-26 06:09:42', '2022-11-26 06:14:57'),
(1852, 29, 2, 5, '48', NULL, NULL, '2022-11-26 06:09:42', '2022-11-26 06:14:57'),
(1853, 29, 3, 6, '48', NULL, NULL, '2022-11-26 06:09:42', '2022-11-26 06:14:57'),
(1854, 29, 3, 7, '48', NULL, NULL, '2022-11-26 06:09:42', '2022-11-26 06:14:57'),
(1855, 29, 3, 8, '48', NULL, NULL, '2022-11-26 06:09:42', '2022-11-26 06:14:57'),
(1856, 29, 3, 9, '48', NULL, NULL, '2022-11-26 06:09:42', '2022-11-26 06:14:57'),
(1857, 29, 3, 10, '48', NULL, NULL, '2022-11-26 06:09:42', '2022-11-26 06:14:57'),
(1858, 29, 3, 11, '48', NULL, NULL, '2022-11-26 06:09:42', '2022-11-26 06:14:57'),
(1859, 29, 3, 12, '48', NULL, NULL, '2022-11-26 06:09:42', '2022-11-26 06:14:57'),
(1860, 29, 3, 13, '48', NULL, NULL, '2022-11-26 06:09:42', '2022-11-26 06:14:57'),
(1861, 29, 3, 14, '48', NULL, NULL, '2022-11-26 06:09:42', '2022-11-26 06:14:57'),
(1862, 29, 4, 15, '48', NULL, NULL, '2022-11-26 06:09:42', '2022-11-26 06:14:57'),
(1863, 29, 4, 16, '48', NULL, NULL, '2022-11-26 06:09:42', '2022-11-26 06:14:57'),
(1864, 29, 5, 17, '48', NULL, NULL, '2022-11-26 06:09:42', '2022-11-26 06:14:57'),
(1865, 29, 5, 18, '48', NULL, NULL, '2022-11-26 06:09:42', '2022-11-26 06:14:57'),
(1866, 29, 5, 19, '48', NULL, NULL, '2022-11-26 06:09:42', '2022-11-26 06:14:57'),
(1867, 29, 5, 20, '48', NULL, NULL, '2022-11-26 06:09:42', '2022-11-26 06:14:57'),
(1868, 29, 5, 21, '48', NULL, NULL, '2022-11-26 06:09:42', '2022-11-26 06:14:57'),
(1869, 29, 5, 22, '48', NULL, NULL, '2022-11-26 06:09:42', '2022-11-26 06:14:57'),
(1870, 29, 5, 23, '48', NULL, NULL, '2022-11-26 06:09:42', '2022-11-26 06:14:57'),
(1871, 29, 6, 24, '48', NULL, NULL, '2022-11-26 06:09:42', '2022-11-26 06:14:57'),
(1872, 29, 6, 25, '48', NULL, NULL, '2022-11-26 06:09:42', '2022-11-26 06:14:57'),
(1873, 29, 7, 26, '48', NULL, NULL, '2022-11-26 06:09:42', '2022-11-26 06:14:57'),
(1874, 29, 7, 27, '48', NULL, NULL, '2022-11-26 06:09:42', '2022-11-26 06:14:57'),
(1875, 29, 7, 28, '48', NULL, NULL, '2022-11-26 06:09:42', '2022-11-26 06:14:57'),
(1876, 29, 7, 29, '48', NULL, NULL, '2022-11-26 06:09:42', '2022-11-26 06:14:57'),
(1877, 29, 7, 30, '48', NULL, NULL, '2022-11-26 06:09:42', '2022-11-26 06:14:57'),
(1878, 29, 7, 31, '48', NULL, NULL, '2022-11-26 06:09:42', '2022-11-26 06:14:57'),
(1879, 29, 7, 32, '48', NULL, NULL, '2022-11-26 06:09:42', '2022-11-26 06:14:57'),
(1880, 29, 7, 33, '48', NULL, NULL, '2022-11-26 06:09:42', '2022-11-26 06:14:57'),
(1881, 29, 7, 34, '48', NULL, NULL, '2022-11-26 06:09:42', '2022-11-26 06:14:57'),
(1882, 29, 7, 35, '48', NULL, NULL, '2022-11-26 06:09:42', '2022-11-26 06:14:57'),
(1883, 29, 7, 36, '48', NULL, NULL, '2022-11-26 06:09:42', '2022-11-26 06:14:57'),
(1884, 29, 7, 37, '48', NULL, NULL, '2022-11-26 06:09:42', '2022-11-26 06:14:57'),
(1885, 29, 8, 38, '48', NULL, NULL, '2022-11-26 06:09:42', '2022-11-26 06:14:57'),
(1886, 29, 8, 39, '48', NULL, NULL, '2022-11-26 06:09:42', '2022-11-26 06:14:57'),
(1887, 29, 8, 40, '48', NULL, NULL, '2022-11-26 06:09:42', '2022-11-26 06:14:57'),
(1888, 29, 8, 41, '48', NULL, NULL, '2022-11-26 06:09:42', '2022-11-26 06:14:57'),
(1889, 29, 8, 42, '48', NULL, NULL, '2022-11-26 06:09:42', '2022-11-26 06:14:57'),
(1890, 29, 9, 43, '48', NULL, NULL, '2022-11-26 06:09:42', '2022-11-26 06:14:57'),
(1891, 29, 9, 44, '48', NULL, NULL, '2022-11-26 06:09:42', '2022-11-26 06:14:57'),
(1892, 29, 9, 45, '48', NULL, NULL, '2022-11-26 06:09:42', '2022-11-26 06:14:57'),
(1893, 29, 9, 46, '48', NULL, NULL, '2022-11-26 06:09:42', '2022-11-26 06:14:57'),
(1894, 29, 9, 47, '48', NULL, NULL, '2022-11-26 06:09:42', '2022-11-26 06:14:57'),
(1895, 29, 10, 48, '48', NULL, NULL, '2022-11-26 06:09:42', '2022-11-26 06:14:57'),
(1896, 29, 10, 49, '48', NULL, NULL, '2022-11-26 06:09:42', '2022-11-26 06:14:57'),
(1897, 29, 11, 50, '48', NULL, NULL, '2022-11-26 06:09:42', '2022-11-26 06:14:57'),
(1898, 29, 11, 51, '48', NULL, NULL, '2022-11-26 06:09:42', '2022-11-26 06:14:57'),
(1899, 29, 11, 52, '48', NULL, NULL, '2022-11-26 06:09:42', '2022-11-26 06:14:57'),
(1900, 29, 11, 53, '48', NULL, NULL, '2022-11-26 06:09:42', '2022-11-26 06:14:57'),
(1901, 29, 11, 54, '48', NULL, NULL, '2022-11-26 06:09:42', '2022-11-26 06:14:57'),
(1902, 29, 11, 55, '48', NULL, NULL, '2022-11-26 06:09:42', '2022-11-26 06:14:57'),
(1903, 29, 12, 56, '48', NULL, NULL, '2022-11-26 06:09:42', '2022-11-26 06:14:57'),
(1904, 29, 12, 57, '48', NULL, NULL, '2022-11-26 06:09:42', '2022-11-26 06:14:57'),
(1905, 29, 12, 58, '48', NULL, NULL, '2022-11-26 06:09:42', '2022-11-26 06:14:57'),
(1906, 29, 12, 59, '48', NULL, NULL, '2022-11-26 06:09:42', '2022-11-26 06:14:57'),
(1907, 29, 12, 60, '48', NULL, NULL, '2022-11-26 06:09:42', '2022-11-26 06:14:57'),
(1908, 29, 12, 61, '48', NULL, NULL, '2022-11-26 06:09:42', '2022-11-26 06:14:57'),
(1909, 29, 13, 62, '48', NULL, NULL, '2022-11-26 06:09:42', '2022-11-26 06:14:57'),
(1910, 29, 13, 63, '48', NULL, NULL, '2022-11-26 06:09:42', '2022-11-26 06:14:57'),
(1911, 29, 13, 64, '48', NULL, NULL, '2022-11-26 06:09:42', '2022-11-26 06:14:57'),
(1912, 29, 13, 65, '48', NULL, NULL, '2022-11-26 06:09:42', '2022-11-26 06:14:57'),
(1913, 29, 13, 66, '48', NULL, NULL, '2022-11-26 06:09:42', '2022-11-26 06:14:57'),
(1914, 29, 14, 67, '48', NULL, NULL, '2022-11-26 06:09:42', '2022-11-26 06:14:57'),
(1915, 29, 14, 68, '48', NULL, NULL, '2022-11-26 06:09:42', '2022-11-26 06:14:57'),
(1916, 29, 14, 69, '48', NULL, NULL, '2022-11-26 06:09:42', '2022-11-26 06:14:57'),
(1917, 29, 14, 70, '48', NULL, NULL, '2022-11-26 06:09:42', '2022-11-26 06:14:57'),
(1918, 29, 15, 71, '48', NULL, NULL, '2022-11-26 06:09:42', '2022-11-26 06:14:57'),
(1919, 29, 15, 72, '48', NULL, NULL, '2022-11-26 06:09:42', '2022-11-26 06:14:57'),
(1920, 29, 16, 73, '48', NULL, NULL, '2022-11-26 06:09:42', '2022-11-26 06:14:57'),
(1921, 29, 16, 74, '48', NULL, NULL, '2022-11-26 06:09:42', '2022-11-26 06:14:57'),
(1922, 29, 16, 75, '48', NULL, NULL, '2022-11-26 06:09:42', '2022-11-26 06:14:57'),
(1923, 29, 16, 76, '48', NULL, NULL, '2022-11-26 06:09:42', '2022-11-26 06:14:57'),
(1924, 29, 17, 77, '48', NULL, NULL, '2022-11-26 06:09:42', '2022-11-26 06:14:57'),
(1925, 29, 17, 78, '48', NULL, NULL, '2022-11-26 06:09:42', '2022-11-26 06:14:57'),
(1926, 29, 17, 79, '48', NULL, NULL, '2022-11-26 06:09:42', '2022-11-26 06:14:57'),
(1927, 30, 1, 1, '48', NULL, NULL, '2022-11-26 06:21:23', '2022-11-26 06:22:14'),
(1928, 30, 1, 2, '48', NULL, NULL, '2022-11-26 06:21:23', '2022-11-26 06:22:14'),
(1929, 30, 1, 3, '48', NULL, NULL, '2022-11-26 06:21:23', '2022-11-26 06:22:14'),
(1930, 30, 2, 4, '48', NULL, NULL, '2022-11-26 06:21:23', '2022-11-26 06:22:14'),
(1931, 30, 2, 5, '48', NULL, NULL, '2022-11-26 06:21:23', '2022-11-26 06:22:14'),
(1932, 30, 3, 6, '48', NULL, NULL, '2022-11-26 06:21:23', '2022-11-26 06:22:14'),
(1933, 30, 3, 7, '48', NULL, NULL, '2022-11-26 06:21:23', '2022-11-26 06:22:14'),
(1934, 30, 3, 8, '48', NULL, NULL, '2022-11-26 06:21:23', '2022-11-26 06:22:14'),
(1935, 30, 3, 9, '48', NULL, NULL, '2022-11-26 06:21:23', '2022-11-26 06:22:14'),
(1936, 30, 3, 10, '48', NULL, NULL, '2022-11-26 06:21:23', '2022-11-26 06:22:14'),
(1937, 30, 3, 11, '48', NULL, NULL, '2022-11-26 06:21:23', '2022-11-26 06:22:14'),
(1938, 30, 3, 12, '48', NULL, NULL, '2022-11-26 06:21:23', '2022-11-26 06:22:14'),
(1939, 30, 3, 13, '48', NULL, NULL, '2022-11-26 06:21:23', '2022-11-26 06:22:14'),
(1940, 30, 3, 14, '48', NULL, NULL, '2022-11-26 06:21:23', '2022-11-26 06:22:14'),
(1941, 30, 4, 15, '48', NULL, NULL, '2022-11-26 06:21:23', '2022-11-26 06:22:14'),
(1942, 30, 4, 16, '48', NULL, NULL, '2022-11-26 06:21:23', '2022-11-26 06:22:14'),
(1943, 30, 5, 17, '48', NULL, NULL, '2022-11-26 06:21:23', '2022-11-26 06:22:14'),
(1944, 30, 5, 18, '48', NULL, NULL, '2022-11-26 06:21:23', '2022-11-26 06:22:14'),
(1945, 30, 5, 19, '48', NULL, NULL, '2022-11-26 06:21:23', '2022-11-26 06:22:14'),
(1946, 30, 5, 20, '48', NULL, NULL, '2022-11-26 06:21:23', '2022-11-26 06:22:14'),
(1947, 30, 5, 21, '48', NULL, NULL, '2022-11-26 06:21:23', '2022-11-26 06:22:14'),
(1948, 30, 5, 22, '48', NULL, NULL, '2022-11-26 06:21:23', '2022-11-26 06:22:14');
INSERT INTO `up_analyses_details` (`id`, `analyses_id`, `category_id`, `product_id`, `target_monthly_sales`, `type_of_analysis`, `action`, `created_at`, `updated_at`) VALUES
(1949, 30, 5, 23, '48', NULL, NULL, '2022-11-26 06:21:23', '2022-11-26 06:22:14'),
(1950, 30, 6, 24, '48', NULL, NULL, '2022-11-26 06:21:23', '2022-11-26 06:22:14'),
(1951, 30, 6, 25, '48', NULL, NULL, '2022-11-26 06:21:23', '2022-11-26 06:22:14'),
(1952, 30, 7, 26, '48', NULL, NULL, '2022-11-26 06:21:23', '2022-11-26 06:22:14'),
(1953, 30, 7, 27, '48', NULL, NULL, '2022-11-26 06:21:23', '2022-11-26 06:22:14'),
(1954, 30, 7, 28, '48', NULL, NULL, '2022-11-26 06:21:23', '2022-11-26 06:22:14'),
(1955, 30, 7, 29, '48', NULL, NULL, '2022-11-26 06:21:23', '2022-11-26 06:22:14'),
(1956, 30, 7, 30, '48', NULL, NULL, '2022-11-26 06:21:23', '2022-11-26 06:22:14'),
(1957, 30, 7, 32, '48', NULL, NULL, '2022-11-26 06:21:23', '2022-11-26 06:22:14'),
(1958, 30, 7, 33, '48', NULL, NULL, '2022-11-26 06:21:23', '2022-11-26 06:22:14'),
(1959, 30, 7, 34, '48', NULL, NULL, '2022-11-26 06:21:23', '2022-11-26 06:22:14'),
(1960, 30, 7, 35, '48', NULL, NULL, '2022-11-26 06:21:23', '2022-11-26 06:22:14'),
(1961, 30, 7, 36, '48', NULL, NULL, '2022-11-26 06:21:23', '2022-11-26 06:22:14'),
(1962, 30, 7, 37, '48', NULL, NULL, '2022-11-26 06:21:23', '2022-11-26 06:22:14'),
(1963, 30, 8, 38, '48', NULL, NULL, '2022-11-26 06:21:23', '2022-11-26 06:22:14'),
(1964, 30, 8, 39, '48', NULL, NULL, '2022-11-26 06:21:23', '2022-11-26 06:22:14'),
(1965, 30, 8, 40, '48', NULL, NULL, '2022-11-26 06:21:23', '2022-11-26 06:22:14'),
(1966, 30, 8, 41, '48', NULL, NULL, '2022-11-26 06:21:23', '2022-11-26 06:22:14'),
(1967, 30, 8, 42, '48', NULL, NULL, '2022-11-26 06:21:23', '2022-11-26 06:22:14'),
(1968, 30, 9, 43, '48', NULL, NULL, '2022-11-26 06:21:23', '2022-11-26 06:22:14'),
(1969, 30, 9, 44, '48', NULL, NULL, '2022-11-26 06:21:23', '2022-11-26 06:22:14'),
(1970, 30, 9, 45, '48', NULL, NULL, '2022-11-26 06:21:23', '2022-11-26 06:22:14'),
(1971, 30, 9, 46, '48', NULL, NULL, '2022-11-26 06:21:23', '2022-11-26 06:22:14'),
(1972, 30, 9, 47, '48', NULL, NULL, '2022-11-26 06:21:23', '2022-11-26 06:22:14'),
(1973, 30, 10, 48, '48', NULL, NULL, '2022-11-26 06:21:23', '2022-11-26 06:22:14'),
(1974, 30, 10, 49, '48', NULL, NULL, '2022-11-26 06:21:23', '2022-11-26 06:22:14'),
(1975, 30, 11, 50, '48', NULL, NULL, '2022-11-26 06:21:23', '2022-11-26 06:22:14'),
(1976, 30, 11, 51, '48', NULL, NULL, '2022-11-26 06:21:23', '2022-11-26 06:22:14'),
(1977, 30, 11, 52, '48', NULL, NULL, '2022-11-26 06:21:23', '2022-11-26 06:22:14'),
(1978, 30, 11, 53, '48', NULL, NULL, '2022-11-26 06:21:23', '2022-11-26 06:22:14'),
(1979, 30, 11, 54, '48', NULL, NULL, '2022-11-26 06:21:23', '2022-11-26 06:22:14'),
(1980, 30, 11, 55, '48', NULL, NULL, '2022-11-26 06:21:23', '2022-11-26 06:22:14'),
(1981, 30, 12, 56, '48', NULL, NULL, '2022-11-26 06:21:23', '2022-11-26 06:22:14'),
(1982, 30, 12, 57, '48', NULL, NULL, '2022-11-26 06:21:23', '2022-11-26 06:22:14'),
(1983, 30, 12, 58, '48', NULL, NULL, '2022-11-26 06:21:23', '2022-11-26 06:22:14'),
(1984, 30, 12, 59, '48', NULL, NULL, '2022-11-26 06:21:23', '2022-11-26 06:22:14'),
(1985, 30, 12, 60, '48', NULL, NULL, '2022-11-26 06:21:23', '2022-11-26 06:22:14'),
(1986, 30, 12, 61, '48', NULL, NULL, '2022-11-26 06:21:23', '2022-11-26 06:22:14'),
(1987, 30, 13, 62, '48', NULL, NULL, '2022-11-26 06:21:23', '2022-11-26 06:22:14'),
(1988, 30, 13, 63, '48', NULL, NULL, '2022-11-26 06:21:23', '2022-11-26 06:22:14'),
(1989, 30, 13, 64, '48', NULL, NULL, '2022-11-26 06:21:23', '2022-11-26 06:22:14'),
(1990, 30, 13, 65, '48', NULL, NULL, '2022-11-26 06:21:23', '2022-11-26 06:22:14'),
(1991, 30, 13, 66, '48', NULL, NULL, '2022-11-26 06:21:23', '2022-11-26 06:22:14'),
(1992, 30, 14, 67, '48', NULL, NULL, '2022-11-26 06:21:23', '2022-11-26 06:22:14'),
(1993, 30, 14, 68, '48', NULL, NULL, '2022-11-26 06:21:23', '2022-11-26 06:22:14'),
(1994, 30, 14, 69, '48', NULL, NULL, '2022-11-26 06:21:23', '2022-11-26 06:22:14'),
(1995, 30, 14, 70, '48', NULL, NULL, '2022-11-26 06:21:23', '2022-11-26 06:22:14'),
(1996, 30, 15, 71, '48', NULL, NULL, '2022-11-26 06:21:23', '2022-11-26 06:22:14'),
(1997, 30, 15, 72, '48', NULL, NULL, '2022-11-26 06:21:23', '2022-11-26 06:22:14'),
(1998, 30, 16, 73, '48', NULL, NULL, '2022-11-26 06:21:23', '2022-11-26 06:22:14'),
(1999, 30, 16, 74, '48', NULL, NULL, '2022-11-26 06:21:23', '2022-11-26 06:22:14'),
(2000, 30, 16, 75, '48', NULL, NULL, '2022-11-26 06:21:23', '2022-11-26 06:22:14'),
(2001, 30, 16, 76, '48', NULL, NULL, '2022-11-26 06:21:23', '2022-11-26 06:22:14'),
(2002, 30, 17, 77, '48', NULL, NULL, '2022-11-26 06:21:23', '2022-11-26 06:22:14'),
(2003, 30, 17, 78, '48', NULL, NULL, '2022-11-26 06:21:23', '2022-11-26 06:22:14'),
(2004, 30, 17, 79, '48', NULL, NULL, '2022-11-26 06:21:23', '2022-11-26 06:22:14'),
(2005, 31, 1, 1, '48', NULL, NULL, '2022-11-26 06:37:04', NULL),
(2006, 31, 1, 2, '48', NULL, NULL, '2022-11-26 06:37:04', NULL),
(2007, 31, 1, 3, '48', NULL, NULL, '2022-11-26 06:37:04', NULL),
(2008, 31, 2, 4, '48', NULL, NULL, '2022-11-26 06:37:04', NULL),
(2009, 31, 2, 5, '48', NULL, NULL, '2022-11-26 06:37:04', NULL),
(2010, 31, 3, 6, '48', NULL, NULL, '2022-11-26 06:37:04', NULL),
(2011, 31, 3, 7, '48', NULL, NULL, '2022-11-26 06:37:04', NULL),
(2012, 31, 3, 8, '48', NULL, NULL, '2022-11-26 06:37:04', NULL),
(2013, 31, 3, 9, '48', NULL, NULL, '2022-11-26 06:37:04', NULL),
(2014, 31, 3, 10, '48', NULL, NULL, '2022-11-26 06:37:04', NULL),
(2015, 31, 3, 11, '48', NULL, NULL, '2022-11-26 06:37:04', NULL),
(2016, 31, 3, 12, '48', NULL, NULL, '2022-11-26 06:37:04', NULL),
(2017, 31, 3, 13, '48', NULL, NULL, '2022-11-26 06:37:04', NULL),
(2018, 31, 3, 14, '48', NULL, NULL, '2022-11-26 06:37:04', NULL),
(2019, 31, 4, 15, '48', NULL, NULL, '2022-11-26 06:37:04', NULL),
(2020, 31, 4, 16, '48', NULL, NULL, '2022-11-26 06:37:04', NULL),
(2021, 31, 5, 17, '48', NULL, NULL, '2022-11-26 06:37:04', NULL),
(2022, 31, 5, 18, '48', NULL, NULL, '2022-11-26 06:37:04', NULL),
(2023, 31, 5, 19, '48', NULL, NULL, '2022-11-26 06:37:04', NULL),
(2024, 31, 5, 20, '48', NULL, NULL, '2022-11-26 06:37:04', NULL),
(2025, 31, 5, 21, '48', NULL, NULL, '2022-11-26 06:37:04', NULL),
(2026, 31, 5, 22, '48', NULL, NULL, '2022-11-26 06:37:04', NULL),
(2027, 31, 5, 23, '48', NULL, NULL, '2022-11-26 06:37:04', NULL),
(2028, 31, 6, 24, '48', NULL, NULL, '2022-11-26 06:37:04', NULL),
(2029, 31, 6, 25, '48', NULL, NULL, '2022-11-26 06:37:04', NULL),
(2030, 31, 7, 26, '48', NULL, NULL, '2022-11-26 06:37:04', NULL),
(2031, 31, 7, 27, '48', NULL, NULL, '2022-11-26 06:37:04', NULL),
(2032, 31, 7, 28, '48', NULL, NULL, '2022-11-26 06:37:04', NULL),
(2033, 31, 7, 29, '48', NULL, NULL, '2022-11-26 06:37:04', NULL),
(2034, 31, 7, 30, '48', NULL, NULL, '2022-11-26 06:37:04', NULL),
(2035, 31, 7, 31, '48', NULL, NULL, '2022-11-26 06:37:04', NULL),
(2036, 31, 7, 32, '48', NULL, NULL, '2022-11-26 06:37:04', NULL),
(2037, 31, 7, 33, '48', NULL, NULL, '2022-11-26 06:37:04', NULL),
(2038, 31, 7, 34, '48', NULL, NULL, '2022-11-26 06:37:04', NULL),
(2039, 31, 7, 35, '48', NULL, NULL, '2022-11-26 06:37:04', NULL),
(2040, 31, 7, 36, '48', NULL, NULL, '2022-11-26 06:37:04', NULL),
(2041, 31, 7, 37, '48', NULL, NULL, '2022-11-26 06:37:04', NULL),
(2042, 31, 8, 38, '48', NULL, NULL, '2022-11-26 06:37:04', NULL),
(2043, 31, 8, 39, '48', NULL, NULL, '2022-11-26 06:37:04', NULL),
(2044, 31, 8, 40, '48', NULL, NULL, '2022-11-26 06:37:04', NULL),
(2045, 31, 8, 41, '48', NULL, NULL, '2022-11-26 06:37:04', NULL),
(2046, 31, 8, 42, '48', NULL, NULL, '2022-11-26 06:37:04', NULL),
(2047, 31, 9, 43, '48', NULL, NULL, '2022-11-26 06:37:04', NULL),
(2048, 31, 9, 44, '48', NULL, NULL, '2022-11-26 06:37:04', NULL),
(2049, 31, 9, 45, '48', NULL, NULL, '2022-11-26 06:37:04', NULL),
(2050, 31, 9, 46, '48', NULL, NULL, '2022-11-26 06:37:04', NULL),
(2051, 31, 9, 47, '48', NULL, NULL, '2022-11-26 06:37:04', NULL),
(2052, 31, 10, 48, '48', NULL, NULL, '2022-11-26 06:37:04', NULL),
(2053, 31, 10, 49, '48', NULL, NULL, '2022-11-26 06:37:04', NULL),
(2054, 31, 11, 50, '48', NULL, NULL, '2022-11-26 06:37:04', NULL),
(2055, 31, 11, 51, '48', NULL, NULL, '2022-11-26 06:37:04', NULL),
(2056, 31, 11, 52, '48', NULL, NULL, '2022-11-26 06:37:04', NULL),
(2057, 31, 11, 53, '48', NULL, NULL, '2022-11-26 06:37:04', NULL),
(2058, 31, 11, 54, '48', NULL, NULL, '2022-11-26 06:37:04', NULL),
(2059, 31, 11, 55, '48', NULL, NULL, '2022-11-26 06:37:04', NULL),
(2060, 31, 12, 56, '48', NULL, NULL, '2022-11-26 06:37:04', NULL),
(2061, 31, 12, 57, '48', NULL, NULL, '2022-11-26 06:37:04', NULL),
(2062, 31, 12, 58, '48', NULL, NULL, '2022-11-26 06:37:04', NULL),
(2063, 31, 14, 67, '48', NULL, NULL, '2022-11-26 06:37:04', NULL),
(2064, 31, 14, 68, '48', NULL, NULL, '2022-11-26 06:37:04', NULL),
(2065, 31, 14, 69, '48', NULL, NULL, '2022-11-26 06:37:04', NULL),
(2066, 31, 14, 70, '48', NULL, NULL, '2022-11-26 06:37:04', NULL),
(2067, 31, 15, 71, '48', NULL, NULL, '2022-11-26 06:37:04', NULL),
(2068, 31, 15, 72, '48', NULL, NULL, '2022-11-26 06:37:04', NULL),
(2069, 31, 16, 73, '48', NULL, NULL, '2022-11-26 06:37:04', NULL),
(2070, 31, 16, 74, '48', NULL, NULL, '2022-11-26 06:37:04', NULL),
(2071, 31, 16, 75, '48', NULL, NULL, '2022-11-26 06:37:04', NULL),
(2072, 31, 16, 76, '48', NULL, NULL, '2022-11-26 06:37:04', NULL),
(2073, 31, 17, 77, '48', NULL, NULL, '2022-11-26 06:37:04', NULL),
(2074, 31, 17, 78, '48', NULL, NULL, '2022-11-26 06:37:04', NULL),
(2075, 31, 17, 79, '48', NULL, NULL, '2022-11-26 06:37:04', NULL),
(2076, 32, 1, 1, '48', NULL, NULL, '2022-11-26 06:47:00', NULL),
(2077, 32, 1, 2, '48', NULL, NULL, '2022-11-26 06:47:00', NULL),
(2078, 32, 1, 3, '48', NULL, NULL, '2022-11-26 06:47:00', NULL),
(2079, 32, 2, 4, '48', NULL, NULL, '2022-11-26 06:47:00', NULL),
(2080, 32, 2, 5, '48', NULL, NULL, '2022-11-26 06:47:00', NULL),
(2081, 32, 3, 6, '48', NULL, NULL, '2022-11-26 06:47:00', NULL),
(2082, 32, 3, 7, '48', NULL, NULL, '2022-11-26 06:47:00', NULL),
(2083, 32, 3, 8, '48', NULL, NULL, '2022-11-26 06:47:00', NULL),
(2084, 32, 3, 9, '48', NULL, NULL, '2022-11-26 06:47:00', NULL),
(2085, 32, 3, 10, '48', NULL, NULL, '2022-11-26 06:47:00', NULL),
(2086, 32, 3, 11, '48', NULL, NULL, '2022-11-26 06:47:00', NULL),
(2087, 32, 3, 12, '48', NULL, NULL, '2022-11-26 06:47:00', NULL),
(2088, 32, 3, 13, '48', NULL, NULL, '2022-11-26 06:47:00', NULL),
(2089, 32, 3, 14, '48', NULL, NULL, '2022-11-26 06:47:00', NULL),
(2090, 32, 4, 15, '48', NULL, NULL, '2022-11-26 06:47:00', NULL),
(2091, 32, 4, 16, '48', NULL, NULL, '2022-11-26 06:47:00', NULL),
(2092, 32, 5, 17, '48', NULL, NULL, '2022-11-26 06:47:00', NULL),
(2093, 32, 5, 18, '48', NULL, NULL, '2022-11-26 06:47:00', NULL),
(2094, 32, 5, 19, '48', NULL, NULL, '2022-11-26 06:47:00', NULL),
(2095, 32, 5, 20, '48', NULL, NULL, '2022-11-26 06:47:00', NULL),
(2096, 32, 5, 21, '48', NULL, NULL, '2022-11-26 06:47:00', NULL),
(2097, 32, 5, 22, '48', NULL, NULL, '2022-11-26 06:47:00', NULL),
(2098, 32, 5, 23, '48', NULL, NULL, '2022-11-26 06:47:00', NULL),
(2099, 32, 6, 24, '48', NULL, NULL, '2022-11-26 06:47:00', NULL),
(2100, 32, 6, 25, '48', NULL, NULL, '2022-11-26 06:47:00', NULL),
(2101, 32, 7, 26, '48', NULL, NULL, '2022-11-26 06:47:00', NULL),
(2102, 32, 7, 27, '48', NULL, NULL, '2022-11-26 06:47:00', NULL),
(2103, 32, 7, 28, '48', NULL, NULL, '2022-11-26 06:47:00', NULL),
(2104, 32, 7, 29, '48', NULL, NULL, '2022-11-26 06:47:00', NULL),
(2105, 32, 7, 30, '48', NULL, NULL, '2022-11-26 06:47:00', NULL),
(2106, 32, 7, 31, '48', NULL, NULL, '2022-11-26 06:47:00', NULL),
(2107, 32, 7, 32, '48', NULL, NULL, '2022-11-26 06:47:00', NULL),
(2108, 32, 7, 33, '48', NULL, NULL, '2022-11-26 06:47:00', NULL),
(2109, 32, 7, 34, '48', NULL, NULL, '2022-11-26 06:47:00', NULL),
(2110, 32, 7, 35, '48', NULL, NULL, '2022-11-26 06:47:00', NULL),
(2111, 32, 7, 36, '48', NULL, NULL, '2022-11-26 06:47:00', NULL),
(2112, 32, 7, 37, '48', NULL, NULL, '2022-11-26 06:47:00', NULL),
(2113, 32, 8, 38, '48', NULL, NULL, '2022-11-26 06:47:00', NULL),
(2114, 32, 8, 39, '48', NULL, NULL, '2022-11-26 06:47:00', NULL),
(2115, 32, 8, 40, '48', NULL, NULL, '2022-11-26 06:47:00', NULL),
(2116, 32, 8, 41, '48', NULL, NULL, '2022-11-26 06:47:00', NULL),
(2117, 32, 8, 42, '48', NULL, NULL, '2022-11-26 06:47:00', NULL),
(2118, 32, 9, 43, '48', NULL, NULL, '2022-11-26 06:47:00', NULL),
(2119, 32, 9, 44, '48', NULL, NULL, '2022-11-26 06:47:00', NULL),
(2120, 32, 9, 45, '48', NULL, NULL, '2022-11-26 06:47:00', NULL),
(2121, 32, 9, 46, '48', NULL, NULL, '2022-11-26 06:47:00', NULL),
(2122, 32, 9, 47, '48', NULL, NULL, '2022-11-26 06:47:00', NULL),
(2123, 32, 10, 48, '48', NULL, NULL, '2022-11-26 06:47:00', NULL),
(2124, 32, 10, 49, '48', NULL, NULL, '2022-11-26 06:47:00', NULL),
(2125, 32, 11, 50, '48', NULL, NULL, '2022-11-26 06:47:00', NULL),
(2126, 32, 11, 51, '48', NULL, NULL, '2022-11-26 06:47:00', NULL),
(2127, 32, 11, 52, '48', NULL, NULL, '2022-11-26 06:47:00', NULL),
(2128, 32, 11, 53, '48', NULL, NULL, '2022-11-26 06:47:00', NULL),
(2129, 32, 11, 54, '48', NULL, NULL, '2022-11-26 06:47:00', NULL),
(2130, 32, 11, 55, '48', NULL, NULL, '2022-11-26 06:47:00', NULL),
(2131, 32, 12, 56, '48', NULL, NULL, '2022-11-26 06:47:00', NULL),
(2132, 32, 12, 57, '48', NULL, NULL, '2022-11-26 06:47:00', NULL),
(2133, 32, 12, 58, '48', NULL, NULL, '2022-11-26 06:47:00', NULL),
(2134, 32, 12, 59, '48', NULL, NULL, '2022-11-26 06:47:00', NULL),
(2135, 32, 12, 60, '48', NULL, NULL, '2022-11-26 06:47:00', NULL),
(2136, 32, 12, 61, '48', NULL, NULL, '2022-11-26 06:47:00', NULL),
(2137, 32, 13, 62, '48', NULL, NULL, '2022-11-26 06:47:00', NULL),
(2138, 32, 13, 63, '48', NULL, NULL, '2022-11-26 06:47:00', NULL),
(2139, 32, 13, 64, '48', NULL, NULL, '2022-11-26 06:47:00', NULL),
(2140, 32, 13, 65, '48', NULL, NULL, '2022-11-26 06:47:00', NULL),
(2141, 32, 13, 66, '48', NULL, NULL, '2022-11-26 06:47:00', NULL),
(2142, 32, 14, 67, '48', NULL, NULL, '2022-11-26 06:47:00', NULL),
(2143, 32, 14, 68, '48', NULL, NULL, '2022-11-26 06:47:00', NULL),
(2144, 32, 14, 69, '48', NULL, NULL, '2022-11-26 06:47:00', NULL),
(2145, 32, 14, 70, '48', NULL, NULL, '2022-11-26 06:47:00', NULL),
(2146, 32, 15, 71, '48', NULL, NULL, '2022-11-26 06:47:00', NULL),
(2147, 32, 15, 72, '48', NULL, NULL, '2022-11-26 06:47:00', NULL),
(2148, 32, 16, 73, '48', NULL, NULL, '2022-11-26 06:47:00', NULL),
(2149, 32, 16, 74, '48', NULL, NULL, '2022-11-26 06:47:00', NULL),
(2150, 32, 16, 75, '48', NULL, NULL, '2022-11-26 06:47:00', NULL),
(2151, 32, 16, 76, '48', NULL, NULL, '2022-11-26 06:47:00', NULL),
(2152, 32, 17, 77, '48', NULL, NULL, '2022-11-26 06:47:00', NULL),
(2153, 32, 17, 78, '48', NULL, NULL, '2022-11-26 06:47:00', NULL),
(2154, 32, 17, 79, '48', NULL, NULL, '2022-11-26 06:47:00', NULL),
(2155, 33, 1, 1, '48', NULL, NULL, '2022-11-28 07:20:11', '2022-12-03 11:39:00'),
(2156, 33, 1, 2, '48', NULL, NULL, '2022-11-28 07:20:11', '2022-12-03 11:39:00'),
(2157, 33, 1, 3, '48', NULL, NULL, '2022-11-28 07:20:11', '2022-12-03 11:39:00'),
(2158, 33, 2, 4, '48', NULL, NULL, '2022-11-28 07:20:11', '2022-12-03 11:39:00'),
(2159, 33, 2, 5, '48', NULL, NULL, '2022-11-28 07:20:11', '2022-12-03 11:39:00'),
(2160, 33, 3, 6, '48', NULL, NULL, '2022-11-28 07:20:11', '2022-12-03 11:39:00'),
(2161, 33, 3, 7, '48', NULL, NULL, '2022-11-28 07:20:11', '2022-12-03 11:39:00'),
(2162, 33, 3, 8, '48', NULL, NULL, '2022-11-28 07:20:11', '2022-12-03 11:39:00'),
(2163, 33, 3, 9, '48', NULL, NULL, '2022-11-28 07:20:11', '2022-12-03 11:39:00'),
(2164, 33, 3, 10, '48', NULL, NULL, '2022-11-28 07:20:11', '2022-12-03 11:39:00'),
(2165, 33, 3, 11, '48', NULL, NULL, '2022-11-28 07:20:11', '2022-12-03 11:39:00'),
(2166, 33, 3, 12, '48', NULL, NULL, '2022-11-28 07:20:11', '2022-12-03 11:39:00'),
(2167, 33, 3, 13, '48', NULL, NULL, '2022-11-28 07:20:11', '2022-12-03 11:39:00'),
(2168, 33, 3, 14, '48', NULL, NULL, '2022-11-28 07:20:11', '2022-12-03 11:39:00'),
(2169, 33, 4, 15, '48', NULL, NULL, '2022-11-28 07:20:11', '2022-12-03 11:39:00'),
(2170, 33, 4, 16, '48', NULL, NULL, '2022-11-28 07:20:11', '2022-12-03 11:39:00'),
(2171, 33, 5, 17, '48', NULL, NULL, '2022-11-28 07:20:11', '2022-12-03 11:39:00'),
(2172, 33, 5, 18, '48', NULL, NULL, '2022-11-28 07:20:11', '2022-12-03 11:39:00'),
(2173, 33, 5, 19, '48', NULL, NULL, '2022-11-28 07:20:11', '2022-12-03 11:39:00'),
(2174, 33, 5, 20, '48', NULL, NULL, '2022-11-28 07:20:11', '2022-12-03 11:39:00'),
(2175, 33, 5, 21, '48', NULL, NULL, '2022-11-28 07:20:11', '2022-12-03 11:39:00'),
(2176, 33, 5, 22, '48', NULL, NULL, '2022-11-28 07:20:11', '2022-12-03 11:39:00'),
(2177, 33, 5, 23, '48', NULL, NULL, '2022-11-28 07:20:11', '2022-12-03 11:39:00'),
(2178, 33, 6, 24, '48', NULL, NULL, '2022-11-28 07:20:11', '2022-12-03 11:39:00'),
(2179, 33, 6, 25, '48', NULL, NULL, '2022-11-28 07:20:11', '2022-12-03 11:39:00'),
(2180, 33, 7, 26, '48', NULL, NULL, '2022-11-28 07:20:11', '2022-12-03 11:39:00'),
(2181, 33, 7, 27, '48', NULL, NULL, '2022-11-28 07:20:11', '2022-12-03 11:39:00'),
(2182, 33, 7, 28, '48', NULL, NULL, '2022-11-28 07:20:11', '2022-12-03 11:39:00'),
(2183, 33, 7, 29, '48', NULL, NULL, '2022-11-28 07:20:11', '2022-12-03 11:39:00'),
(2184, 33, 7, 30, '48', NULL, NULL, '2022-11-28 07:20:11', '2022-12-03 11:39:00'),
(2185, 33, 7, 31, '48', NULL, NULL, '2022-11-28 07:20:11', '2022-12-03 11:39:00'),
(2186, 33, 7, 32, '48', NULL, NULL, '2022-11-28 07:20:11', '2022-12-03 11:39:00'),
(2187, 33, 7, 33, '48', NULL, NULL, '2022-11-28 07:20:11', '2022-12-03 11:39:00'),
(2188, 33, 7, 34, '48', NULL, NULL, '2022-11-28 07:20:11', '2022-12-03 11:39:00'),
(2189, 33, 7, 35, '48', NULL, NULL, '2022-11-28 07:20:11', '2022-12-03 11:39:00'),
(2190, 33, 7, 36, '48', NULL, NULL, '2022-11-28 07:20:11', '2022-12-03 11:39:00'),
(2191, 33, 7, 37, '48', NULL, NULL, '2022-11-28 07:20:11', '2022-12-03 11:39:00'),
(2192, 33, 8, 38, '48', NULL, NULL, '2022-11-28 07:20:11', '2022-12-03 11:39:00'),
(2193, 33, 8, 39, '48', NULL, NULL, '2022-11-28 07:20:11', '2022-12-03 11:39:00'),
(2194, 33, 8, 40, '48', NULL, NULL, '2022-11-28 07:20:11', '2022-12-03 11:39:00'),
(2195, 33, 8, 41, '48', NULL, NULL, '2022-11-28 07:20:11', '2022-12-03 11:39:00'),
(2196, 33, 8, 42, '48', NULL, NULL, '2022-11-28 07:20:11', '2022-12-03 11:39:00'),
(2197, 33, 9, 43, '48', NULL, NULL, '2022-11-28 07:20:11', '2022-12-03 11:39:00'),
(2198, 33, 9, 44, '48', NULL, NULL, '2022-11-28 07:20:11', '2022-12-03 11:39:00'),
(2199, 33, 9, 45, '48', NULL, NULL, '2022-11-28 07:20:11', '2022-12-03 11:39:00'),
(2200, 33, 9, 46, '48', NULL, NULL, '2022-11-28 07:20:11', '2022-12-03 11:39:00'),
(2201, 33, 9, 47, '48', NULL, NULL, '2022-11-28 07:20:11', '2022-12-03 11:39:00'),
(2202, 33, 10, 48, '48', NULL, NULL, '2022-11-28 07:20:11', '2022-12-03 11:39:00'),
(2203, 33, 10, 49, '48', NULL, NULL, '2022-11-28 07:20:11', '2022-12-03 11:39:00'),
(2204, 33, 11, 50, '48', NULL, NULL, '2022-11-28 07:20:11', '2022-12-03 11:39:00'),
(2205, 33, 11, 51, '48', NULL, NULL, '2022-11-28 07:20:11', '2022-12-03 11:39:00'),
(2206, 33, 11, 52, '48', NULL, NULL, '2022-11-28 07:20:11', '2022-12-03 11:39:00'),
(2207, 33, 11, 53, '48', NULL, NULL, '2022-11-28 07:20:11', '2022-12-03 11:39:00'),
(2208, 33, 11, 54, '48', NULL, NULL, '2022-11-28 07:20:11', '2022-12-03 11:39:00'),
(2209, 33, 11, 55, '48', NULL, NULL, '2022-11-28 07:20:11', '2022-12-03 11:39:00'),
(2210, 33, 12, 56, '48', NULL, NULL, '2022-11-28 07:20:11', '2022-12-03 11:39:00'),
(2211, 33, 12, 57, '48', NULL, NULL, '2022-11-28 07:20:11', '2022-12-03 11:39:00'),
(2212, 33, 12, 58, '48', NULL, NULL, '2022-11-28 07:20:11', '2022-12-03 11:39:00'),
(2213, 33, 12, 59, '48', NULL, NULL, '2022-11-28 07:20:11', '2022-12-03 11:39:00'),
(2214, 33, 12, 60, '48', NULL, NULL, '2022-11-28 07:20:11', '2022-12-03 11:39:00'),
(2215, 33, 12, 61, '48', NULL, NULL, '2022-11-28 07:20:11', '2022-12-03 11:39:00'),
(2216, 33, 13, 62, '48', NULL, NULL, '2022-11-28 07:20:11', '2022-12-03 11:39:00'),
(2217, 33, 13, 63, '48', NULL, NULL, '2022-11-28 07:20:11', '2022-12-03 11:39:00'),
(2218, 33, 13, 64, '48', NULL, NULL, '2022-11-28 07:20:11', '2022-12-03 11:39:00'),
(2219, 33, 13, 65, '48', NULL, NULL, '2022-11-28 07:20:11', '2022-12-03 11:39:00'),
(2220, 33, 13, 66, '48', NULL, NULL, '2022-11-28 07:20:11', '2022-12-03 11:39:00'),
(2221, 33, 14, 67, '48', NULL, NULL, '2022-11-28 07:20:11', '2022-12-03 11:39:00'),
(2222, 33, 14, 68, '48', NULL, NULL, '2022-11-28 07:20:11', '2022-12-03 11:39:00'),
(2223, 33, 14, 69, '48', NULL, NULL, '2022-11-28 07:20:11', '2022-12-03 11:39:00'),
(2224, 33, 14, 70, '48', NULL, NULL, '2022-11-28 07:20:11', '2022-12-03 11:39:00'),
(2225, 33, 15, 71, '48', NULL, NULL, '2022-11-28 07:20:11', '2022-12-03 11:39:00'),
(2226, 33, 15, 72, '48', NULL, NULL, '2022-11-28 07:20:11', '2022-12-03 11:39:00'),
(2227, 33, 16, 73, '48', NULL, NULL, '2022-11-28 07:20:11', '2022-12-03 11:39:00'),
(2228, 33, 16, 74, '48', NULL, NULL, '2022-11-28 07:20:11', '2022-12-03 11:39:00'),
(2229, 33, 16, 75, '48', NULL, NULL, '2022-11-28 07:20:11', '2022-12-03 11:39:00'),
(2230, 33, 16, 76, '48', NULL, NULL, '2022-11-28 07:20:11', '2022-12-03 11:39:00'),
(2231, 33, 17, 77, '48', NULL, NULL, '2022-11-28 07:20:11', '2022-12-03 11:39:00'),
(2232, 33, 17, 78, '48', NULL, NULL, '2022-11-28 07:20:11', '2022-12-03 11:39:00'),
(2233, 33, 17, 79, '48', NULL, NULL, '2022-11-28 07:20:11', '2022-12-03 11:39:00'),
(2234, 34, 1, 1, '48', NULL, NULL, '2022-11-28 09:04:24', '2022-12-03 11:28:15'),
(2235, 34, 1, 2, '48', NULL, NULL, '2022-11-28 09:04:24', '2022-12-03 11:28:15'),
(2236, 34, 1, 3, '48', NULL, NULL, '2022-11-28 09:04:24', '2022-12-03 11:28:15'),
(2237, 34, 2, 4, '48', NULL, NULL, '2022-11-28 09:04:24', '2022-12-03 11:28:15'),
(2238, 34, 2, 5, '48', NULL, NULL, '2022-11-28 09:04:24', '2022-12-03 11:28:15'),
(2239, 34, 3, 6, '48', NULL, NULL, '2022-11-28 09:04:24', '2022-12-03 11:28:15'),
(2240, 34, 3, 7, '48', NULL, NULL, '2022-11-28 09:04:24', '2022-12-03 11:28:15'),
(2241, 34, 3, 8, '48', NULL, NULL, '2022-11-28 09:04:24', '2022-12-03 11:28:15'),
(2242, 34, 3, 9, '48', NULL, NULL, '2022-11-28 09:04:24', '2022-12-03 11:28:15'),
(2243, 34, 3, 10, '48', NULL, NULL, '2022-11-28 09:04:24', '2022-12-03 11:28:15'),
(2244, 34, 3, 11, '48', NULL, NULL, '2022-11-28 09:04:24', '2022-12-03 11:28:15'),
(2245, 34, 3, 12, '48', NULL, NULL, '2022-11-28 09:04:24', '2022-12-03 11:28:15'),
(2246, 34, 3, 13, '48', NULL, NULL, '2022-11-28 09:04:24', '2022-12-03 11:28:15'),
(2247, 34, 3, 14, '48', NULL, NULL, '2022-11-28 09:04:24', '2022-12-03 11:28:15'),
(2248, 34, 4, 15, '48', NULL, NULL, '2022-11-28 09:04:24', '2022-12-03 11:28:15'),
(2249, 34, 4, 16, '48', NULL, NULL, '2022-11-28 09:04:24', '2022-12-03 11:28:15'),
(2250, 34, 5, 17, '48', NULL, NULL, '2022-11-28 09:04:24', '2022-12-03 11:28:15'),
(2251, 34, 5, 18, '48', NULL, NULL, '2022-11-28 09:04:24', '2022-12-03 11:28:15'),
(2252, 34, 5, 19, '48', NULL, NULL, '2022-11-28 09:04:24', '2022-12-03 11:28:15'),
(2253, 34, 5, 20, '48', NULL, NULL, '2022-11-28 09:04:24', '2022-12-03 11:28:15'),
(2254, 34, 5, 21, '48', NULL, NULL, '2022-11-28 09:04:24', '2022-12-03 11:28:15'),
(2255, 34, 5, 22, '48', NULL, NULL, '2022-11-28 09:04:24', '2022-12-03 11:28:15'),
(2256, 34, 5, 23, '48', NULL, NULL, '2022-11-28 09:04:24', '2022-12-03 11:28:15'),
(2257, 34, 6, 24, '48', NULL, NULL, '2022-11-28 09:04:24', '2022-12-03 11:28:15'),
(2258, 34, 6, 25, '48', NULL, NULL, '2022-11-28 09:04:24', '2022-12-03 11:28:15'),
(2259, 34, 7, 26, '48', NULL, NULL, '2022-11-28 09:04:24', '2022-12-03 11:28:15'),
(2260, 34, 7, 27, '48', NULL, NULL, '2022-11-28 09:04:24', '2022-12-03 11:28:15'),
(2261, 34, 7, 28, '48', NULL, NULL, '2022-11-28 09:04:24', '2022-12-03 11:28:15'),
(2262, 34, 7, 29, '48', NULL, NULL, '2022-11-28 09:04:24', '2022-12-03 11:28:15'),
(2263, 34, 7, 30, '48', NULL, NULL, '2022-11-28 09:04:24', '2022-12-03 11:28:15'),
(2264, 34, 7, 31, '48', NULL, NULL, '2022-11-28 09:04:24', '2022-12-03 11:28:15'),
(2265, 34, 7, 32, '48', NULL, NULL, '2022-11-28 09:04:24', '2022-12-03 11:28:15'),
(2266, 34, 7, 33, '48', NULL, NULL, '2022-11-28 09:04:24', '2022-12-03 11:28:15'),
(2267, 34, 7, 34, '48', NULL, NULL, '2022-11-28 09:04:24', '2022-12-03 11:28:15'),
(2268, 34, 7, 35, '48', NULL, NULL, '2022-11-28 09:04:24', '2022-12-03 11:28:15'),
(2269, 34, 7, 36, '48', NULL, NULL, '2022-11-28 09:04:24', '2022-12-03 11:28:15'),
(2270, 34, 7, 37, '48', NULL, NULL, '2022-11-28 09:04:24', '2022-12-03 11:28:15'),
(2271, 34, 8, 38, '48', NULL, NULL, '2022-11-28 09:04:24', '2022-12-03 11:28:15'),
(2272, 34, 8, 39, '48', NULL, NULL, '2022-11-28 09:04:24', '2022-12-03 11:28:15'),
(2273, 34, 8, 40, '48', NULL, NULL, '2022-11-28 09:04:24', '2022-12-03 11:28:15'),
(2274, 34, 8, 41, '48', NULL, NULL, '2022-11-28 09:04:24', '2022-12-03 11:28:15'),
(2275, 34, 8, 42, '48', NULL, NULL, '2022-11-28 09:04:24', '2022-12-03 11:28:15'),
(2276, 34, 9, 43, '48', NULL, NULL, '2022-11-28 09:04:24', '2022-12-03 11:28:15'),
(2277, 34, 9, 44, '48', NULL, NULL, '2022-11-28 09:04:24', '2022-12-03 11:28:15'),
(2278, 34, 9, 45, '48', NULL, NULL, '2022-11-28 09:04:24', '2022-12-03 11:28:15'),
(2279, 34, 9, 46, '48', NULL, NULL, '2022-11-28 09:04:24', '2022-12-03 11:28:15'),
(2280, 34, 9, 47, '48', NULL, NULL, '2022-11-28 09:04:24', '2022-12-03 11:28:15'),
(2281, 34, 10, 48, '48', NULL, NULL, '2022-11-28 09:04:24', '2022-12-03 11:28:15'),
(2282, 34, 10, 49, '48', NULL, NULL, '2022-11-28 09:04:24', '2022-12-03 11:28:15'),
(2283, 34, 11, 50, '48', NULL, NULL, '2022-11-28 09:04:24', '2022-12-03 11:28:15'),
(2284, 34, 11, 51, '48', NULL, NULL, '2022-11-28 09:04:24', '2022-12-03 11:28:15'),
(2285, 34, 11, 52, '48', NULL, NULL, '2022-11-28 09:04:24', '2022-12-03 11:28:15'),
(2286, 34, 11, 53, '48', NULL, NULL, '2022-11-28 09:04:24', '2022-12-03 11:28:15'),
(2287, 34, 11, 54, '48', NULL, NULL, '2022-11-28 09:04:24', '2022-12-03 11:28:15'),
(2288, 34, 11, 55, '48', NULL, NULL, '2022-11-28 09:04:24', '2022-12-03 11:28:15'),
(2289, 34, 12, 56, '48', NULL, NULL, '2022-11-28 09:04:24', '2022-12-03 11:28:15'),
(2290, 34, 12, 57, '48', NULL, NULL, '2022-11-28 09:04:24', '2022-12-03 11:28:15'),
(2291, 34, 12, 58, '48', NULL, NULL, '2022-11-28 09:04:24', '2022-12-03 11:28:15'),
(2292, 34, 12, 59, '48', NULL, NULL, '2022-11-28 09:04:24', '2022-12-03 11:28:15'),
(2293, 34, 12, 60, '48', NULL, NULL, '2022-11-28 09:04:24', '2022-12-03 11:28:15'),
(2294, 34, 12, 61, '48', NULL, NULL, '2022-11-28 09:04:24', '2022-12-03 11:28:15'),
(2295, 34, 13, 62, '48', NULL, NULL, '2022-11-28 09:04:24', '2022-12-03 11:28:15'),
(2296, 34, 13, 63, '48', NULL, NULL, '2022-11-28 09:04:24', '2022-12-03 11:28:15'),
(2297, 34, 13, 64, '48', NULL, NULL, '2022-11-28 09:04:24', '2022-12-03 11:28:15'),
(2298, 34, 13, 65, '48', NULL, NULL, '2022-11-28 09:04:24', '2022-12-03 11:28:15'),
(2299, 34, 13, 66, '48', NULL, NULL, '2022-11-28 09:04:24', '2022-12-03 11:28:15'),
(2300, 34, 14, 67, '48', NULL, NULL, '2022-11-28 09:04:24', '2022-12-03 11:28:15'),
(2301, 34, 14, 68, '48', NULL, NULL, '2022-11-28 09:04:24', '2022-12-03 11:28:15'),
(2302, 34, 14, 69, '48', NULL, NULL, '2022-11-28 09:04:24', '2022-12-03 11:28:15'),
(2303, 34, 14, 70, '48', NULL, NULL, '2022-11-28 09:04:24', '2022-12-03 11:28:15'),
(2304, 34, 15, 71, '48', NULL, NULL, '2022-11-28 09:04:24', '2022-12-03 11:28:15'),
(2305, 34, 15, 72, '48', NULL, NULL, '2022-11-28 09:04:24', '2022-12-03 11:28:15'),
(2306, 34, 16, 73, '48', NULL, NULL, '2022-11-28 09:04:24', '2022-12-03 11:28:15'),
(2307, 34, 16, 74, '48', NULL, NULL, '2022-11-28 09:04:24', '2022-12-03 11:28:15'),
(2308, 34, 16, 75, '48', NULL, NULL, '2022-11-28 09:04:24', '2022-12-03 11:28:15'),
(2309, 34, 16, 76, '48', NULL, NULL, '2022-11-28 09:04:24', '2022-12-03 11:28:15'),
(2310, 34, 17, 77, '48', NULL, NULL, '2022-11-28 09:04:24', '2022-12-03 11:28:15'),
(2311, 34, 17, 78, '48', NULL, NULL, '2022-11-28 09:04:24', '2022-12-03 11:28:15'),
(2312, 34, 17, 79, '48', NULL, NULL, '2022-11-28 09:04:24', '2022-12-03 11:28:15'),
(2313, 35, 1, 1, '48', NULL, NULL, '2022-12-01 10:15:59', '2022-12-01 10:18:57'),
(2314, 35, 1, 2, '48', NULL, NULL, '2022-12-01 10:15:59', '2022-12-01 10:18:57'),
(2315, 35, 1, 3, '48', NULL, NULL, '2022-12-01 10:15:59', '2022-12-01 10:18:57'),
(2316, 35, 2, 4, '48', NULL, NULL, '2022-12-01 10:15:59', '2022-12-01 10:18:57'),
(2317, 35, 2, 5, '48', NULL, NULL, '2022-12-01 10:15:59', '2022-12-01 10:18:57'),
(2318, 35, 3, 6, '48', NULL, NULL, '2022-12-01 10:15:59', '2022-12-01 10:18:57'),
(2319, 35, 3, 7, '48', NULL, NULL, '2022-12-01 10:15:59', '2022-12-01 10:18:57'),
(2320, 35, 3, 8, '48', NULL, NULL, '2022-12-01 10:15:59', '2022-12-01 10:18:57'),
(2321, 35, 3, 9, '48', NULL, NULL, '2022-12-01 10:15:59', '2022-12-01 10:18:57'),
(2322, 35, 3, 10, '48', NULL, NULL, '2022-12-01 10:15:59', '2022-12-01 10:18:57'),
(2323, 35, 3, 11, '48', NULL, NULL, '2022-12-01 10:15:59', '2022-12-01 10:18:57'),
(2324, 35, 3, 12, '48', NULL, NULL, '2022-12-01 10:15:59', '2022-12-01 10:18:57'),
(2325, 35, 3, 13, '48', NULL, NULL, '2022-12-01 10:15:59', '2022-12-01 10:18:57'),
(2326, 35, 3, 14, '48', NULL, NULL, '2022-12-01 10:15:59', '2022-12-01 10:18:57'),
(2327, 35, 4, 15, '48', NULL, NULL, '2022-12-01 10:15:59', '2022-12-01 10:18:57'),
(2328, 35, 4, 16, '48', NULL, NULL, '2022-12-01 10:15:59', '2022-12-01 10:18:57'),
(2329, 35, 5, 17, '48', NULL, NULL, '2022-12-01 10:15:59', '2022-12-01 10:18:57'),
(2330, 35, 5, 18, '48', NULL, NULL, '2022-12-01 10:15:59', '2022-12-01 10:18:57'),
(2331, 35, 5, 19, '48', NULL, NULL, '2022-12-01 10:15:59', '2022-12-01 10:18:57'),
(2332, 35, 5, 20, '48', NULL, NULL, '2022-12-01 10:15:59', '2022-12-01 10:18:57'),
(2333, 35, 5, 21, '48', NULL, NULL, '2022-12-01 10:15:59', '2022-12-01 10:18:57'),
(2334, 35, 5, 22, '48', NULL, NULL, '2022-12-01 10:15:59', '2022-12-01 10:18:57'),
(2335, 35, 5, 23, '48', NULL, NULL, '2022-12-01 10:15:59', '2022-12-01 10:18:57'),
(2336, 35, 6, 24, '48', NULL, NULL, '2022-12-01 10:15:59', '2022-12-01 10:18:57'),
(2337, 35, 6, 25, '48', NULL, NULL, '2022-12-01 10:15:59', '2022-12-01 10:18:57'),
(2338, 35, 7, 26, '48', NULL, NULL, '2022-12-01 10:15:59', '2022-12-01 10:18:57'),
(2339, 35, 7, 27, '48', NULL, NULL, '2022-12-01 10:15:59', '2022-12-01 10:18:57'),
(2340, 35, 7, 28, '48', NULL, NULL, '2022-12-01 10:15:59', '2022-12-01 10:18:57'),
(2341, 35, 7, 29, '48', NULL, NULL, '2022-12-01 10:15:59', '2022-12-01 10:18:57'),
(2342, 35, 7, 30, '48', NULL, NULL, '2022-12-01 10:15:59', '2022-12-01 10:18:57'),
(2343, 35, 7, 31, '48', NULL, NULL, '2022-12-01 10:15:59', '2022-12-01 10:18:57'),
(2344, 35, 7, 32, '48', NULL, NULL, '2022-12-01 10:15:59', '2022-12-01 10:18:57'),
(2345, 35, 7, 33, '48', NULL, NULL, '2022-12-01 10:15:59', '2022-12-01 10:18:57'),
(2346, 35, 7, 34, '48', NULL, NULL, '2022-12-01 10:15:59', '2022-12-01 10:18:57'),
(2347, 35, 7, 35, '48', NULL, NULL, '2022-12-01 10:15:59', '2022-12-01 10:18:57'),
(2348, 35, 7, 36, '48', NULL, NULL, '2022-12-01 10:15:59', '2022-12-01 10:18:57'),
(2349, 35, 7, 37, '48', NULL, NULL, '2022-12-01 10:18:37', '2022-12-01 10:18:57'),
(2350, 35, 8, 38, '48', NULL, NULL, '2022-12-01 10:18:37', '2022-12-01 10:18:57'),
(2351, 35, 8, 39, '48', NULL, NULL, '2022-12-01 10:18:37', '2022-12-01 10:18:57'),
(2352, 35, 8, 40, '48', NULL, NULL, '2022-12-01 10:18:37', '2022-12-01 10:18:57'),
(2353, 35, 8, 41, '48', NULL, NULL, '2022-12-01 10:18:37', '2022-12-01 10:18:57'),
(2354, 35, 8, 42, '48', NULL, NULL, '2022-12-01 10:18:37', '2022-12-01 10:18:57'),
(2355, 35, 9, 43, '48', NULL, NULL, '2022-12-01 10:18:37', '2022-12-01 10:18:57'),
(2356, 35, 9, 44, '48', NULL, NULL, '2022-12-01 10:18:37', '2022-12-01 10:18:57'),
(2357, 35, 9, 45, '48', NULL, NULL, '2022-12-01 10:18:37', '2022-12-01 10:18:57'),
(2358, 35, 9, 46, '48', NULL, NULL, '2022-12-01 10:18:37', '2022-12-01 10:18:57'),
(2359, 35, 9, 47, '48', NULL, NULL, '2022-12-01 10:18:37', '2022-12-01 10:18:57'),
(2360, 35, 10, 48, '48', NULL, NULL, '2022-12-01 10:18:37', '2022-12-01 10:18:57'),
(2361, 35, 10, 49, '48', NULL, NULL, '2022-12-01 10:18:37', '2022-12-01 10:18:57'),
(2362, 35, 11, 50, '48', NULL, NULL, '2022-12-01 10:18:37', '2022-12-01 10:18:57'),
(2363, 35, 11, 51, '48', NULL, NULL, '2022-12-01 10:18:37', '2022-12-01 10:18:57'),
(2364, 35, 11, 52, '48', NULL, NULL, '2022-12-01 10:18:37', '2022-12-01 10:18:57'),
(2365, 35, 11, 53, '48', NULL, NULL, '2022-12-01 10:18:37', '2022-12-01 10:18:57'),
(2366, 35, 11, 54, '48', NULL, NULL, '2022-12-01 10:18:37', '2022-12-01 10:18:57'),
(2367, 35, 11, 55, '48', NULL, NULL, '2022-12-01 10:18:37', '2022-12-01 10:18:57'),
(2368, 35, 12, 56, '48', NULL, NULL, '2022-12-01 10:18:37', '2022-12-01 10:18:57'),
(2369, 35, 12, 57, '48', NULL, NULL, '2022-12-01 10:18:37', '2022-12-01 10:18:57'),
(2370, 35, 12, 58, '48', NULL, NULL, '2022-12-01 10:18:37', '2022-12-01 10:18:57'),
(2371, 35, 12, 59, '48', NULL, NULL, '2022-12-01 10:18:37', '2022-12-01 10:18:57'),
(2372, 35, 12, 60, '48', NULL, NULL, '2022-12-01 10:18:37', '2022-12-01 10:18:57'),
(2373, 35, 12, 61, '48', NULL, NULL, '2022-12-01 10:18:37', '2022-12-01 10:18:57'),
(2374, 35, 13, 62, '48', NULL, NULL, '2022-12-01 10:18:37', '2022-12-01 10:18:57'),
(2375, 35, 13, 63, '48', NULL, NULL, '2022-12-01 10:18:37', '2022-12-01 10:18:57'),
(2376, 35, 13, 64, '48', NULL, NULL, '2022-12-01 10:18:37', '2022-12-01 10:18:57'),
(2377, 35, 13, 65, '48', NULL, NULL, '2022-12-01 10:18:37', '2022-12-01 10:18:57'),
(2378, 35, 13, 66, '48', NULL, NULL, '2022-12-01 10:18:37', '2022-12-01 10:18:57'),
(2379, 35, 14, 67, '48', NULL, NULL, '2022-12-01 10:18:37', '2022-12-01 10:18:57'),
(2380, 35, 14, 68, '48', NULL, NULL, '2022-12-01 10:18:37', '2022-12-01 10:18:57'),
(2381, 35, 14, 69, '48', NULL, NULL, '2022-12-01 10:18:37', '2022-12-01 10:18:57'),
(2382, 35, 14, 70, '48', NULL, NULL, '2022-12-01 10:18:37', '2022-12-01 10:18:57'),
(2383, 35, 15, 71, '48', NULL, NULL, '2022-12-01 10:18:37', '2022-12-01 10:18:57'),
(2384, 35, 15, 72, '48', NULL, NULL, '2022-12-01 10:18:37', '2022-12-01 10:18:57'),
(2385, 35, 16, 73, '48', NULL, NULL, '2022-12-01 10:18:37', '2022-12-01 10:18:57'),
(2386, 35, 16, 74, '48', NULL, NULL, '2022-12-01 10:18:37', '2022-12-01 10:18:57'),
(2387, 35, 16, 75, '48', NULL, NULL, '2022-12-01 10:18:37', '2022-12-01 10:18:57'),
(2388, 35, 16, 76, '48', NULL, NULL, '2022-12-01 10:18:37', '2022-12-01 10:18:57'),
(2389, 35, 17, 77, '4848', NULL, NULL, '2022-12-01 10:18:37', '2022-12-01 10:18:57'),
(2390, 35, 17, 78, '48', NULL, NULL, '2022-12-01 10:18:37', '2022-12-01 10:18:57'),
(2391, 35, 17, 79, '48', NULL, NULL, '2022-12-01 10:18:37', '2022-12-01 10:18:57'),
(2392, 36, 1, 1, '48', NULL, NULL, '2022-12-01 10:36:25', NULL),
(2393, 36, 1, 2, '48', NULL, NULL, '2022-12-01 10:36:25', NULL),
(2394, 36, 1, 3, '48', NULL, NULL, '2022-12-01 10:36:25', NULL),
(2395, 36, 2, 4, '48', NULL, NULL, '2022-12-01 10:36:25', NULL),
(2396, 36, 2, 5, '48', NULL, NULL, '2022-12-01 10:36:25', NULL),
(2397, 36, 3, 6, '48', NULL, NULL, '2022-12-01 10:36:25', NULL),
(2398, 36, 3, 7, '48', NULL, NULL, '2022-12-01 10:36:25', NULL),
(2399, 36, 3, 8, '48', NULL, NULL, '2022-12-01 10:36:25', NULL),
(2400, 36, 3, 9, '48', NULL, NULL, '2022-12-01 10:36:25', NULL),
(2401, 36, 3, 10, '48', NULL, NULL, '2022-12-01 10:36:25', NULL),
(2402, 36, 3, 11, '48', NULL, NULL, '2022-12-01 10:36:25', NULL),
(2403, 36, 3, 12, '48', NULL, NULL, '2022-12-01 10:36:25', NULL),
(2404, 36, 3, 13, '48', NULL, NULL, '2022-12-01 10:36:25', NULL),
(2405, 36, 3, 14, '48', NULL, NULL, '2022-12-01 10:36:25', NULL),
(2406, 36, 4, 15, '48', NULL, NULL, '2022-12-01 10:36:25', NULL),
(2407, 36, 4, 16, '48', NULL, NULL, '2022-12-01 10:36:25', NULL),
(2408, 36, 5, 17, '48', NULL, NULL, '2022-12-01 10:36:25', NULL),
(2409, 36, 5, 18, '48', NULL, NULL, '2022-12-01 10:36:25', NULL),
(2410, 36, 5, 19, '48', NULL, NULL, '2022-12-01 10:36:25', NULL),
(2411, 36, 5, 20, '48', NULL, NULL, '2022-12-01 10:36:25', NULL),
(2412, 36, 5, 21, '48', NULL, NULL, '2022-12-01 10:36:25', NULL),
(2413, 36, 5, 22, '48', NULL, NULL, '2022-12-01 10:36:25', NULL),
(2414, 36, 5, 23, '48', NULL, NULL, '2022-12-01 10:36:25', NULL),
(2415, 36, 6, 24, '48', NULL, NULL, '2022-12-01 10:36:25', NULL),
(2416, 36, 6, 25, '48', NULL, NULL, '2022-12-01 10:36:25', NULL),
(2417, 36, 7, 26, '48', NULL, NULL, '2022-12-01 10:36:25', NULL),
(2418, 36, 7, 27, '48', NULL, NULL, '2022-12-01 10:36:25', NULL),
(2419, 36, 7, 28, '48', NULL, NULL, '2022-12-01 10:36:25', NULL),
(2420, 36, 7, 29, '48', NULL, NULL, '2022-12-01 10:36:25', NULL),
(2421, 36, 7, 30, '48', NULL, NULL, '2022-12-01 10:36:25', NULL),
(2422, 36, 7, 31, '48', NULL, NULL, '2022-12-01 10:36:25', NULL),
(2423, 36, 7, 32, '48', NULL, NULL, '2022-12-01 10:36:25', NULL),
(2424, 36, 7, 33, '48', NULL, NULL, '2022-12-01 10:36:25', NULL),
(2425, 36, 7, 34, '48', NULL, NULL, '2022-12-01 10:36:25', NULL),
(2426, 36, 7, 35, '48', NULL, NULL, '2022-12-01 10:36:25', NULL),
(2427, 36, 7, 36, '48', NULL, NULL, '2022-12-01 10:36:25', NULL),
(2428, 36, 7, 37, '48', NULL, NULL, '2022-12-01 10:36:25', NULL),
(2429, 36, 8, 38, '48', NULL, NULL, '2022-12-01 10:36:25', NULL),
(2430, 36, 8, 39, '48', NULL, NULL, '2022-12-01 10:36:25', NULL),
(2431, 36, 8, 40, '48', NULL, NULL, '2022-12-01 10:36:25', NULL),
(2432, 36, 8, 41, '48', NULL, NULL, '2022-12-01 10:36:25', NULL),
(2433, 36, 8, 42, '48', NULL, NULL, '2022-12-01 10:36:25', NULL),
(2434, 36, 9, 43, '48', NULL, NULL, '2022-12-01 10:36:25', NULL),
(2435, 36, 9, 44, '48', NULL, NULL, '2022-12-01 10:36:25', NULL),
(2436, 36, 9, 45, '48', NULL, NULL, '2022-12-01 10:36:25', NULL),
(2437, 36, 9, 46, '48', NULL, NULL, '2022-12-01 10:36:25', NULL),
(2438, 36, 9, 47, '48', NULL, NULL, '2022-12-01 10:36:25', NULL),
(2439, 36, 10, 48, '48', NULL, NULL, '2022-12-01 10:36:25', NULL),
(2440, 36, 10, 49, '48', NULL, NULL, '2022-12-01 10:36:25', NULL),
(2441, 36, 11, 50, '48', NULL, NULL, '2022-12-01 10:36:25', NULL),
(2442, 36, 11, 51, '48', NULL, NULL, '2022-12-01 10:36:25', NULL),
(2443, 36, 11, 52, '48', NULL, NULL, '2022-12-01 10:36:25', NULL),
(2444, 36, 11, 53, '48', NULL, NULL, '2022-12-01 10:36:25', NULL),
(2445, 36, 11, 54, '48', NULL, NULL, '2022-12-01 10:36:25', NULL),
(2446, 36, 11, 55, '48', NULL, NULL, '2022-12-01 10:36:25', NULL),
(2447, 36, 12, 56, '48', NULL, NULL, '2022-12-01 10:36:25', NULL),
(2448, 36, 12, 57, '48', NULL, NULL, '2022-12-01 10:36:25', NULL),
(2449, 36, 12, 58, '48', NULL, NULL, '2022-12-01 10:36:25', NULL),
(2450, 36, 12, 59, '48', NULL, NULL, '2022-12-01 10:36:25', NULL),
(2451, 36, 12, 60, '48', NULL, NULL, '2022-12-01 10:36:25', NULL),
(2452, 36, 12, 61, '48', NULL, NULL, '2022-12-01 10:36:25', NULL),
(2453, 36, 13, 62, '48', NULL, NULL, '2022-12-01 10:36:25', NULL),
(2454, 36, 13, 63, '48', NULL, NULL, '2022-12-01 10:36:25', NULL),
(2455, 36, 13, 64, '48', NULL, NULL, '2022-12-01 10:36:25', NULL),
(2456, 36, 13, 65, '48', NULL, NULL, '2022-12-01 10:36:25', NULL),
(2457, 36, 13, 66, '48', NULL, NULL, '2022-12-01 10:36:25', NULL),
(2458, 36, 14, 67, '48', NULL, NULL, '2022-12-01 10:36:25', NULL),
(2459, 36, 14, 68, '48', NULL, NULL, '2022-12-01 10:36:25', NULL),
(2460, 36, 14, 69, '48', NULL, NULL, '2022-12-01 10:36:25', NULL),
(2461, 36, 14, 70, '48', NULL, NULL, '2022-12-01 10:36:25', NULL),
(2462, 36, 15, 71, '48', NULL, NULL, '2022-12-01 10:36:25', NULL),
(2463, 36, 15, 72, '48', NULL, NULL, '2022-12-01 10:36:25', NULL),
(2464, 36, 16, 73, '48', NULL, NULL, '2022-12-01 10:36:25', NULL),
(2465, 36, 16, 74, '48', NULL, NULL, '2022-12-01 10:36:25', NULL),
(2466, 36, 16, 75, '48', NULL, NULL, '2022-12-01 10:36:25', NULL),
(2467, 36, 16, 76, '48', NULL, NULL, '2022-12-01 10:36:25', NULL),
(2468, 36, 17, 77, '48', NULL, NULL, '2022-12-01 10:36:25', NULL),
(2469, 36, 17, 78, '48', NULL, NULL, '2022-12-01 10:36:25', NULL),
(2470, 36, 17, 79, '48', NULL, NULL, '2022-12-01 10:36:25', NULL),
(2471, 37, 1, 1, '48', NULL, NULL, '2022-12-01 10:42:55', NULL),
(2472, 37, 1, 2, '48', NULL, NULL, '2022-12-01 10:42:55', NULL),
(2473, 37, 1, 3, '48', NULL, NULL, '2022-12-01 10:42:55', NULL),
(2474, 37, 2, 4, '48', NULL, NULL, '2022-12-01 10:42:55', NULL),
(2475, 37, 2, 5, '48', NULL, NULL, '2022-12-01 10:42:55', NULL),
(2476, 37, 3, 6, '48', NULL, NULL, '2022-12-01 10:42:55', NULL),
(2477, 37, 3, 7, '48', NULL, NULL, '2022-12-01 10:42:55', NULL),
(2478, 37, 3, 8, '48', NULL, NULL, '2022-12-01 10:42:55', NULL),
(2479, 37, 3, 9, '48', NULL, NULL, '2022-12-01 10:42:55', NULL),
(2480, 37, 3, 10, '48', NULL, NULL, '2022-12-01 10:42:55', NULL),
(2481, 37, 3, 11, '48', NULL, NULL, '2022-12-01 10:42:55', NULL),
(2482, 37, 3, 12, '48', NULL, NULL, '2022-12-01 10:42:55', NULL),
(2483, 37, 3, 13, '48', NULL, NULL, '2022-12-01 10:42:55', NULL),
(2484, 37, 3, 14, '48', NULL, NULL, '2022-12-01 10:42:55', NULL),
(2485, 37, 4, 15, '48', NULL, NULL, '2022-12-01 10:42:55', NULL),
(2486, 37, 4, 16, '48', NULL, NULL, '2022-12-01 10:42:55', NULL),
(2487, 37, 5, 17, '48', NULL, NULL, '2022-12-01 10:42:55', NULL),
(2488, 37, 5, 18, '48', NULL, NULL, '2022-12-01 10:42:55', NULL),
(2489, 37, 5, 19, '48', NULL, NULL, '2022-12-01 10:42:55', NULL),
(2490, 37, 5, 20, '48', NULL, NULL, '2022-12-01 10:42:55', NULL),
(2491, 37, 5, 21, '48', NULL, NULL, '2022-12-01 10:42:55', NULL),
(2492, 37, 5, 22, '48', NULL, NULL, '2022-12-01 10:42:55', NULL),
(2493, 37, 5, 23, '48', NULL, NULL, '2022-12-01 10:42:55', NULL),
(2494, 37, 6, 24, '48', NULL, NULL, '2022-12-01 10:42:55', NULL),
(2495, 37, 6, 25, '48', NULL, NULL, '2022-12-01 10:42:55', NULL),
(2496, 37, 7, 26, '48', NULL, NULL, '2022-12-01 10:42:55', NULL),
(2497, 37, 7, 27, '48', NULL, NULL, '2022-12-01 10:42:55', NULL),
(2498, 37, 7, 28, '48', NULL, NULL, '2022-12-01 10:42:55', NULL),
(2499, 37, 7, 29, '48', NULL, NULL, '2022-12-01 10:42:55', NULL),
(2500, 37, 7, 30, '48', NULL, NULL, '2022-12-01 10:42:55', NULL),
(2501, 37, 7, 31, '48', NULL, NULL, '2022-12-01 10:42:55', NULL),
(2502, 37, 7, 32, '48', NULL, NULL, '2022-12-01 10:42:55', NULL),
(2503, 37, 7, 33, '48', NULL, NULL, '2022-12-01 10:42:55', NULL),
(2504, 37, 7, 34, '48', NULL, NULL, '2022-12-01 10:42:55', NULL),
(2505, 37, 7, 35, '48', NULL, NULL, '2022-12-01 10:42:55', NULL),
(2506, 37, 7, 36, '48', NULL, NULL, '2022-12-01 10:42:55', NULL),
(2507, 37, 7, 37, '48', NULL, NULL, '2022-12-01 10:42:55', NULL),
(2508, 37, 8, 38, '48', NULL, NULL, '2022-12-01 10:42:55', NULL),
(2509, 37, 8, 39, '48', NULL, NULL, '2022-12-01 10:42:55', NULL),
(2510, 37, 8, 40, '48', NULL, NULL, '2022-12-01 10:42:55', NULL),
(2511, 37, 8, 41, '48', NULL, NULL, '2022-12-01 10:42:55', NULL),
(2512, 37, 8, 42, '48', NULL, NULL, '2022-12-01 10:42:55', NULL),
(2513, 37, 9, 43, '48', NULL, NULL, '2022-12-01 10:42:55', NULL),
(2514, 37, 9, 44, '48', NULL, NULL, '2022-12-01 10:42:55', NULL),
(2515, 37, 9, 45, '48', NULL, NULL, '2022-12-01 10:42:55', NULL),
(2516, 37, 9, 46, '48', NULL, NULL, '2022-12-01 10:42:55', NULL),
(2517, 37, 9, 47, '48', NULL, NULL, '2022-12-01 10:42:55', NULL),
(2518, 37, 10, 48, '48', NULL, NULL, '2022-12-01 10:42:55', NULL),
(2519, 37, 10, 49, '48', NULL, NULL, '2022-12-01 10:42:55', NULL),
(2520, 37, 11, 50, '48', NULL, NULL, '2022-12-01 10:42:55', NULL),
(2521, 37, 11, 51, '48', NULL, NULL, '2022-12-01 10:42:55', NULL),
(2522, 37, 11, 52, '48', NULL, NULL, '2022-12-01 10:42:55', NULL),
(2523, 37, 11, 53, '48', NULL, NULL, '2022-12-01 10:42:55', NULL),
(2524, 37, 11, 54, '48', NULL, NULL, '2022-12-01 10:42:55', NULL),
(2525, 37, 11, 55, '48', NULL, NULL, '2022-12-01 10:42:55', NULL),
(2526, 37, 12, 56, '48', NULL, NULL, '2022-12-01 10:42:55', NULL),
(2527, 37, 12, 57, '48', NULL, NULL, '2022-12-01 10:42:55', NULL),
(2528, 37, 12, 58, '48', NULL, NULL, '2022-12-01 10:42:55', NULL),
(2529, 37, 12, 59, '48', NULL, NULL, '2022-12-01 10:42:55', NULL),
(2530, 37, 12, 60, '48', NULL, NULL, '2022-12-01 10:42:55', NULL),
(2531, 37, 12, 61, '48', NULL, NULL, '2022-12-01 10:42:55', NULL),
(2532, 37, 13, 62, '48', NULL, NULL, '2022-12-01 10:42:55', NULL),
(2533, 37, 13, 63, '48', NULL, NULL, '2022-12-01 10:42:55', NULL),
(2534, 37, 13, 64, '48', NULL, NULL, '2022-12-01 10:42:55', NULL),
(2535, 37, 13, 65, '48', NULL, NULL, '2022-12-01 10:42:55', NULL),
(2536, 37, 13, 66, '48', NULL, NULL, '2022-12-01 10:42:55', NULL),
(2537, 37, 14, 67, '48', NULL, NULL, '2022-12-01 10:42:55', NULL),
(2538, 37, 14, 68, '48', NULL, NULL, '2022-12-01 10:42:55', NULL),
(2539, 37, 14, 69, '48', NULL, NULL, '2022-12-01 10:42:55', NULL),
(2540, 37, 14, 70, '48', NULL, NULL, '2022-12-01 10:42:55', NULL),
(2541, 37, 15, 71, '48', NULL, NULL, '2022-12-01 10:42:55', NULL),
(2542, 37, 15, 72, '48', NULL, NULL, '2022-12-01 10:42:55', NULL),
(2543, 37, 16, 73, '48', NULL, NULL, '2022-12-01 10:42:55', NULL),
(2544, 37, 16, 74, '48', NULL, NULL, '2022-12-01 10:42:55', NULL),
(2545, 37, 16, 75, '48', NULL, NULL, '2022-12-01 10:42:55', NULL),
(2546, 37, 16, 76, '48', NULL, NULL, '2022-12-01 10:42:55', NULL),
(2547, 37, 17, 77, '48', NULL, NULL, '2022-12-01 10:42:55', NULL),
(2548, 37, 17, 78, '48', NULL, NULL, '2022-12-01 10:42:55', NULL),
(2549, 37, 17, 79, '48', NULL, NULL, '2022-12-01 10:42:55', NULL),
(2550, 38, 1, 1, '48', NULL, NULL, '2022-12-01 11:59:27', '2022-12-01 12:04:44'),
(2551, 38, 1, 2, '48', NULL, NULL, '2022-12-01 11:59:27', '2022-12-01 12:04:44'),
(2552, 38, 1, 3, '48', NULL, NULL, '2022-12-01 11:59:27', '2022-12-01 12:04:44'),
(2553, 38, 2, 4, '48', NULL, NULL, '2022-12-01 11:59:27', '2022-12-01 12:04:44'),
(2554, 38, 2, 5, '48', NULL, NULL, '2022-12-01 12:04:44', NULL),
(2555, 38, 3, 6, '48', NULL, NULL, '2022-12-01 12:04:44', NULL),
(2556, 38, 3, 7, '48', NULL, NULL, '2022-12-01 12:04:44', NULL),
(2557, 38, 3, 8, '48', NULL, NULL, '2022-12-01 12:04:44', NULL),
(2558, 38, 3, 9, '48', NULL, NULL, '2022-12-01 12:04:44', NULL),
(2559, 38, 3, 10, '48', NULL, NULL, '2022-12-01 12:04:44', NULL),
(2560, 38, 3, 11, '48', NULL, NULL, '2022-12-01 12:04:44', NULL),
(2561, 38, 3, 12, '48', NULL, NULL, '2022-12-01 12:04:44', NULL),
(2562, 38, 3, 13, '48', NULL, NULL, '2022-12-01 12:04:44', NULL),
(2563, 38, 3, 14, '48', NULL, NULL, '2022-12-01 12:04:44', NULL),
(2564, 38, 4, 15, '48', NULL, NULL, '2022-12-01 12:04:44', NULL),
(2565, 38, 4, 16, '48', NULL, NULL, '2022-12-01 12:04:44', NULL),
(2566, 38, 5, 17, '48', NULL, NULL, '2022-12-01 12:04:44', NULL),
(2567, 38, 5, 18, '48', NULL, NULL, '2022-12-01 12:04:44', NULL),
(2568, 38, 5, 19, '48', NULL, NULL, '2022-12-01 12:04:44', NULL),
(2569, 38, 5, 20, '48', NULL, NULL, '2022-12-01 12:04:44', NULL),
(2570, 38, 5, 21, '48', NULL, NULL, '2022-12-01 12:04:44', NULL),
(2571, 38, 5, 22, '48', NULL, NULL, '2022-12-01 12:04:44', NULL),
(2572, 38, 5, 23, '48', NULL, NULL, '2022-12-01 12:04:44', NULL),
(2573, 38, 6, 24, '48', NULL, NULL, '2022-12-01 12:04:44', NULL),
(2574, 38, 6, 25, '48', NULL, NULL, '2022-12-01 12:04:44', NULL),
(2575, 38, 7, 26, '48', NULL, NULL, '2022-12-01 12:04:44', NULL),
(2576, 38, 7, 27, '48', NULL, NULL, '2022-12-01 12:04:44', NULL),
(2577, 38, 7, 28, '48', NULL, NULL, '2022-12-01 12:04:44', NULL),
(2578, 38, 7, 29, '48', NULL, NULL, '2022-12-01 12:04:44', NULL),
(2579, 38, 7, 30, '48', NULL, NULL, '2022-12-01 12:04:44', NULL),
(2580, 38, 7, 31, '48', NULL, NULL, '2022-12-01 12:04:44', NULL),
(2581, 38, 7, 32, '48', NULL, NULL, '2022-12-01 12:04:44', NULL),
(2582, 38, 7, 33, '48', NULL, NULL, '2022-12-01 12:04:44', NULL),
(2583, 38, 7, 34, '48', NULL, NULL, '2022-12-01 12:04:44', NULL),
(2584, 38, 7, 35, '48', NULL, NULL, '2022-12-01 12:04:44', NULL),
(2585, 38, 7, 36, '48', NULL, NULL, '2022-12-01 12:04:44', NULL),
(2586, 38, 7, 37, '48', NULL, NULL, '2022-12-01 12:04:44', NULL),
(2587, 38, 8, 38, '48', NULL, NULL, '2022-12-01 12:04:44', NULL),
(2588, 38, 8, 39, '48', NULL, NULL, '2022-12-01 12:04:44', NULL),
(2589, 38, 8, 40, '48', NULL, NULL, '2022-12-01 12:04:44', NULL),
(2590, 38, 8, 41, '48', NULL, NULL, '2022-12-01 12:04:44', NULL),
(2591, 38, 8, 42, '48', NULL, NULL, '2022-12-01 12:04:44', NULL),
(2592, 38, 9, 43, '48', NULL, NULL, '2022-12-01 12:04:44', NULL),
(2593, 38, 9, 44, '48', NULL, NULL, '2022-12-01 12:04:44', NULL),
(2594, 38, 9, 45, '48', NULL, NULL, '2022-12-01 12:04:44', NULL),
(2595, 38, 9, 46, '48', NULL, NULL, '2022-12-01 12:04:44', NULL),
(2596, 38, 9, 47, '48', NULL, NULL, '2022-12-01 12:04:44', NULL),
(2597, 38, 10, 48, '48', NULL, NULL, '2022-12-01 12:04:44', NULL),
(2598, 38, 10, 49, '48', NULL, NULL, '2022-12-01 12:04:44', NULL),
(2599, 38, 11, 50, '48', NULL, NULL, '2022-12-01 12:04:44', NULL),
(2600, 38, 11, 51, '48', NULL, NULL, '2022-12-01 12:04:44', NULL),
(2601, 38, 11, 52, '48', NULL, NULL, '2022-12-01 12:04:44', NULL),
(2602, 38, 11, 53, '48', NULL, NULL, '2022-12-01 12:04:44', NULL),
(2603, 38, 11, 54, '48', NULL, NULL, '2022-12-01 12:04:44', NULL),
(2604, 38, 11, 55, '48', NULL, NULL, '2022-12-01 12:04:44', NULL),
(2605, 38, 12, 56, '48', NULL, NULL, '2022-12-01 12:04:44', NULL),
(2606, 38, 12, 57, '48', NULL, NULL, '2022-12-01 12:04:44', NULL),
(2607, 38, 12, 58, '48', NULL, NULL, '2022-12-01 12:04:44', NULL),
(2608, 38, 12, 59, '48', NULL, NULL, '2022-12-01 12:04:44', NULL),
(2609, 38, 12, 60, '48', NULL, NULL, '2022-12-01 12:04:44', NULL),
(2610, 38, 12, 61, '48', NULL, NULL, '2022-12-01 12:04:44', NULL),
(2611, 38, 13, 62, '48', NULL, NULL, '2022-12-01 12:04:44', NULL),
(2612, 38, 13, 63, '48', NULL, NULL, '2022-12-01 12:04:44', NULL),
(2613, 38, 13, 64, '48', NULL, NULL, '2022-12-01 12:04:44', NULL),
(2614, 38, 13, 65, '48', NULL, NULL, '2022-12-01 12:04:44', NULL),
(2615, 38, 13, 66, '48', NULL, NULL, '2022-12-01 12:04:44', NULL),
(2616, 38, 14, 67, '48', NULL, NULL, '2022-12-01 12:04:44', NULL),
(2617, 38, 14, 68, '48', NULL, NULL, '2022-12-01 12:04:44', NULL),
(2618, 38, 14, 69, '48', NULL, NULL, '2022-12-01 12:04:44', NULL),
(2619, 38, 14, 70, '48', NULL, NULL, '2022-12-01 12:04:44', NULL),
(2620, 38, 15, 71, '48', NULL, NULL, '2022-12-01 12:04:44', NULL),
(2621, 38, 15, 72, '48', NULL, NULL, '2022-12-01 12:04:44', NULL),
(2622, 38, 16, 73, '48', NULL, NULL, '2022-12-01 12:04:44', NULL),
(2623, 38, 16, 74, '48', NULL, NULL, '2022-12-01 12:04:44', NULL),
(2624, 38, 16, 75, '48', NULL, NULL, '2022-12-01 12:04:44', NULL),
(2625, 38, 16, 76, '48', NULL, NULL, '2022-12-01 12:04:44', NULL),
(2626, 38, 17, 77, '48', NULL, NULL, '2022-12-01 12:04:44', NULL),
(2627, 38, 17, 78, '48', NULL, NULL, '2022-12-01 12:04:44', NULL),
(2628, 38, 17, 79, '48', NULL, NULL, '2022-12-01 12:04:44', NULL),
(2629, 39, 1, 1, '48', NULL, NULL, '2022-12-01 12:09:36', NULL),
(2630, 39, 1, 2, '48', NULL, NULL, '2022-12-01 12:09:36', NULL),
(2631, 39, 1, 3, '48', NULL, NULL, '2022-12-01 12:09:36', NULL),
(2632, 39, 2, 4, '48', NULL, NULL, '2022-12-01 12:09:36', NULL),
(2633, 39, 2, 5, '48', NULL, NULL, '2022-12-01 12:09:36', NULL),
(2634, 39, 3, 6, '48', NULL, NULL, '2022-12-01 12:09:36', NULL),
(2635, 39, 3, 7, '48', NULL, NULL, '2022-12-01 12:09:36', NULL),
(2636, 39, 3, 8, '48', NULL, NULL, '2022-12-01 12:09:36', NULL),
(2637, 39, 3, 9, '48', NULL, NULL, '2022-12-01 12:09:36', NULL),
(2638, 39, 3, 10, '48', NULL, NULL, '2022-12-01 12:09:36', NULL),
(2639, 39, 3, 11, '48', NULL, NULL, '2022-12-01 12:09:36', NULL),
(2640, 39, 3, 12, '48', NULL, NULL, '2022-12-01 12:09:36', NULL),
(2641, 39, 3, 13, '48', NULL, NULL, '2022-12-01 12:09:36', NULL),
(2642, 39, 3, 14, '48', NULL, NULL, '2022-12-01 12:09:36', NULL),
(2643, 39, 4, 15, '48', NULL, NULL, '2022-12-01 12:09:36', NULL),
(2644, 39, 4, 16, '48', NULL, NULL, '2022-12-01 12:09:36', NULL);
INSERT INTO `up_analyses_details` (`id`, `analyses_id`, `category_id`, `product_id`, `target_monthly_sales`, `type_of_analysis`, `action`, `created_at`, `updated_at`) VALUES
(2645, 39, 5, 17, '48', NULL, NULL, '2022-12-01 12:09:36', NULL),
(2646, 39, 5, 18, '48', NULL, NULL, '2022-12-01 12:09:36', NULL),
(2647, 39, 5, 19, '48', NULL, NULL, '2022-12-01 12:09:36', NULL),
(2648, 39, 5, 20, '48', NULL, NULL, '2022-12-01 12:09:36', NULL),
(2649, 39, 5, 21, '48', NULL, NULL, '2022-12-01 12:09:36', NULL),
(2650, 39, 5, 22, '48', NULL, NULL, '2022-12-01 12:09:36', NULL),
(2651, 39, 5, 23, '48', NULL, NULL, '2022-12-01 12:09:36', NULL),
(2652, 39, 6, 24, '48', NULL, NULL, '2022-12-01 12:09:36', NULL),
(2653, 39, 6, 25, '48', NULL, NULL, '2022-12-01 12:09:36', NULL),
(2654, 39, 7, 26, '48', NULL, NULL, '2022-12-01 12:09:36', NULL),
(2655, 39, 7, 27, '48', NULL, NULL, '2022-12-01 12:09:36', NULL),
(2656, 39, 7, 28, '48', NULL, NULL, '2022-12-01 12:09:36', NULL),
(2657, 39, 7, 29, '48', NULL, NULL, '2022-12-01 12:09:36', NULL),
(2658, 39, 7, 30, '48', NULL, NULL, '2022-12-01 12:09:36', NULL),
(2659, 39, 7, 31, '48', NULL, NULL, '2022-12-01 12:09:36', NULL),
(2660, 39, 7, 32, '48', NULL, NULL, '2022-12-01 12:09:36', NULL),
(2661, 39, 7, 33, '48', NULL, NULL, '2022-12-01 12:09:36', NULL),
(2662, 39, 7, 34, '48', NULL, NULL, '2022-12-01 12:09:36', NULL),
(2663, 39, 7, 35, '48', NULL, NULL, '2022-12-01 12:09:36', NULL),
(2664, 39, 7, 36, '48', NULL, NULL, '2022-12-01 12:09:36', NULL),
(2665, 39, 7, 37, '48', NULL, NULL, '2022-12-01 12:09:36', NULL),
(2666, 39, 8, 38, '48', NULL, NULL, '2022-12-01 12:09:36', NULL),
(2667, 39, 8, 39, '48', NULL, NULL, '2022-12-01 12:09:36', NULL),
(2668, 39, 8, 40, '48', NULL, NULL, '2022-12-01 12:09:36', NULL),
(2669, 39, 8, 41, '48', NULL, NULL, '2022-12-01 12:09:36', NULL),
(2670, 39, 8, 42, '48', NULL, NULL, '2022-12-01 12:09:36', NULL),
(2671, 39, 9, 43, '48', NULL, NULL, '2022-12-01 12:09:36', NULL),
(2672, 39, 9, 44, '48', NULL, NULL, '2022-12-01 12:09:36', NULL),
(2673, 39, 9, 45, '48', NULL, NULL, '2022-12-01 12:09:36', NULL),
(2674, 39, 9, 46, '48', NULL, NULL, '2022-12-01 12:09:36', NULL),
(2675, 39, 9, 47, '48', NULL, NULL, '2022-12-01 12:09:36', NULL),
(2676, 39, 10, 48, '48', NULL, NULL, '2022-12-01 12:09:36', NULL),
(2677, 39, 10, 49, '48', NULL, NULL, '2022-12-01 12:09:36', NULL),
(2678, 39, 11, 50, '48', NULL, NULL, '2022-12-01 12:09:36', NULL),
(2679, 39, 11, 51, '48', NULL, NULL, '2022-12-01 12:09:36', NULL),
(2680, 39, 11, 52, '48', NULL, NULL, '2022-12-01 12:09:36', NULL),
(2681, 39, 11, 53, '48', NULL, NULL, '2022-12-01 12:09:36', NULL),
(2682, 39, 11, 54, '48', NULL, NULL, '2022-12-01 12:09:36', NULL),
(2683, 39, 11, 55, '48', NULL, NULL, '2022-12-01 12:09:36', NULL),
(2684, 39, 12, 56, '48', NULL, NULL, '2022-12-01 12:09:36', NULL),
(2685, 39, 12, 57, '48', NULL, NULL, '2022-12-01 12:09:36', NULL),
(2686, 39, 12, 58, '48', NULL, NULL, '2022-12-01 12:09:36', NULL),
(2687, 39, 12, 59, '48', NULL, NULL, '2022-12-01 12:09:36', NULL),
(2688, 39, 12, 60, '48', NULL, NULL, '2022-12-01 12:09:36', NULL),
(2689, 39, 12, 61, '48', NULL, NULL, '2022-12-01 12:09:36', NULL),
(2690, 39, 13, 62, '48', NULL, NULL, '2022-12-01 12:09:36', NULL),
(2691, 39, 13, 63, '48', NULL, NULL, '2022-12-01 12:09:36', NULL),
(2692, 39, 13, 64, '48', NULL, NULL, '2022-12-01 12:09:36', NULL),
(2693, 39, 13, 65, '48', NULL, NULL, '2022-12-01 12:09:36', NULL),
(2694, 39, 13, 66, '48', NULL, NULL, '2022-12-01 12:09:36', NULL),
(2695, 39, 14, 67, '48', NULL, NULL, '2022-12-01 12:09:36', NULL),
(2696, 39, 14, 68, '48', NULL, NULL, '2022-12-01 12:09:36', NULL),
(2697, 39, 14, 69, '48', NULL, NULL, '2022-12-01 12:09:36', NULL),
(2698, 39, 14, 70, '48', NULL, NULL, '2022-12-01 12:09:36', NULL),
(2699, 39, 15, 71, '48', NULL, NULL, '2022-12-01 12:09:36', NULL),
(2700, 39, 15, 72, '48', NULL, NULL, '2022-12-01 12:09:36', NULL),
(2701, 39, 16, 73, '48', NULL, NULL, '2022-12-01 12:09:36', NULL),
(2702, 39, 16, 74, '48', NULL, NULL, '2022-12-01 12:09:36', NULL),
(2703, 39, 16, 75, '48', NULL, NULL, '2022-12-01 12:09:36', NULL),
(2704, 39, 16, 76, '48', NULL, NULL, '2022-12-01 12:09:36', NULL),
(2705, 39, 17, 77, '48', NULL, NULL, '2022-12-01 12:09:36', NULL),
(2706, 39, 17, 78, '48', NULL, NULL, '2022-12-01 12:09:36', NULL),
(2707, 39, 17, 79, '48', NULL, NULL, '2022-12-01 12:09:36', NULL),
(2708, 22, 1, 1, '48', NULL, NULL, '2022-12-01 12:17:33', '2022-12-01 12:23:18'),
(2709, 22, 1, 2, '48', NULL, NULL, '2022-12-01 12:17:33', '2022-12-01 12:23:18'),
(2710, 22, 1, 3, '48', NULL, NULL, '2022-12-01 12:17:33', '2022-12-01 12:23:18'),
(2711, 22, 2, 4, '48', NULL, NULL, '2022-12-01 12:17:33', '2022-12-01 12:23:18'),
(2712, 22, 2, 5, '48', NULL, NULL, '2022-12-01 12:17:33', '2022-12-01 12:23:18'),
(2713, 22, 3, 6, '48', NULL, NULL, '2022-12-01 12:17:33', '2022-12-01 12:23:18'),
(2714, 22, 3, 7, '48', NULL, NULL, '2022-12-01 12:17:33', '2022-12-01 12:23:18'),
(2715, 22, 3, 8, '48', NULL, NULL, '2022-12-01 12:17:33', '2022-12-01 12:23:18'),
(2716, 22, 3, 9, '48', NULL, NULL, '2022-12-01 12:17:33', '2022-12-01 12:23:18'),
(2717, 22, 3, 10, '48', NULL, NULL, '2022-12-01 12:17:33', '2022-12-01 12:23:18'),
(2718, 22, 3, 11, '48', NULL, NULL, '2022-12-01 12:17:33', '2022-12-01 12:23:18'),
(2719, 22, 3, 12, '48', NULL, NULL, '2022-12-01 12:17:33', '2022-12-01 12:23:18'),
(2720, 22, 3, 13, '48', NULL, NULL, '2022-12-01 12:17:33', '2022-12-01 12:23:18'),
(2721, 22, 3, 14, '48', NULL, NULL, '2022-12-01 12:17:33', '2022-12-01 12:23:18'),
(2722, 22, 4, 15, '48', NULL, NULL, '2022-12-01 12:17:33', '2022-12-01 12:23:18'),
(2723, 22, 4, 16, '48', NULL, NULL, '2022-12-01 12:17:33', '2022-12-01 12:23:18'),
(2724, 22, 5, 17, '48', NULL, NULL, '2022-12-01 12:17:33', '2022-12-01 12:23:18'),
(2725, 22, 5, 18, '48', NULL, NULL, '2022-12-01 12:17:33', '2022-12-01 12:23:18'),
(2726, 22, 5, 19, '48', NULL, NULL, '2022-12-01 12:17:33', '2022-12-01 12:23:18'),
(2727, 22, 5, 20, '48', NULL, NULL, '2022-12-01 12:17:33', '2022-12-01 12:23:18'),
(2728, 22, 5, 21, '48', NULL, NULL, '2022-12-01 12:17:33', '2022-12-01 12:23:18'),
(2729, 22, 5, 22, '48', NULL, NULL, '2022-12-01 12:17:33', '2022-12-01 12:23:18'),
(2730, 22, 5, 23, '48', NULL, NULL, '2022-12-01 12:17:33', '2022-12-01 12:23:18'),
(2731, 22, 6, 24, '48', NULL, NULL, '2022-12-01 12:17:33', '2022-12-01 12:23:18'),
(2732, 22, 6, 25, '48', NULL, NULL, '2022-12-01 12:17:33', '2022-12-01 12:23:18'),
(2733, 22, 7, 26, '48', NULL, NULL, '2022-12-01 12:17:33', '2022-12-01 12:23:18'),
(2734, 22, 7, 27, '48', NULL, NULL, '2022-12-01 12:17:33', '2022-12-01 12:23:18'),
(2735, 22, 7, 28, '48', NULL, NULL, '2022-12-01 12:17:33', '2022-12-01 12:23:18'),
(2736, 22, 7, 29, '48', NULL, NULL, '2022-12-01 12:17:33', '2022-12-01 12:23:18'),
(2737, 22, 7, 30, '48', NULL, NULL, '2022-12-01 12:17:33', '2022-12-01 12:23:18'),
(2738, 22, 7, 31, '48', NULL, NULL, '2022-12-01 12:17:33', '2022-12-01 12:23:18'),
(2739, 22, 7, 32, '48', NULL, NULL, '2022-12-01 12:17:33', '2022-12-01 12:23:18'),
(2740, 22, 7, 33, '48', NULL, NULL, '2022-12-01 12:23:18', NULL),
(2741, 22, 7, 34, '48', NULL, NULL, '2022-12-01 12:23:18', NULL),
(2742, 22, 7, 35, '48', NULL, NULL, '2022-12-01 12:23:18', NULL),
(2743, 22, 7, 36, '48', NULL, NULL, '2022-12-01 12:23:18', NULL),
(2744, 22, 7, 37, '48', NULL, NULL, '2022-12-01 12:23:18', NULL),
(2745, 22, 8, 38, '48', NULL, NULL, '2022-12-01 12:23:18', NULL),
(2746, 22, 8, 39, '48', NULL, NULL, '2022-12-01 12:23:18', NULL),
(2747, 22, 8, 40, '48', NULL, NULL, '2022-12-01 12:23:18', NULL),
(2748, 22, 8, 41, '48', NULL, NULL, '2022-12-01 12:23:18', NULL),
(2749, 22, 8, 42, '48', NULL, NULL, '2022-12-01 12:23:18', NULL),
(2750, 22, 9, 43, '48', NULL, NULL, '2022-12-01 12:23:18', NULL),
(2751, 22, 9, 44, '48', NULL, NULL, '2022-12-01 12:23:18', NULL),
(2752, 22, 9, 45, '48', NULL, NULL, '2022-12-01 12:23:18', NULL),
(2753, 22, 9, 46, '48', NULL, NULL, '2022-12-01 12:23:18', NULL),
(2754, 22, 9, 47, '48', NULL, NULL, '2022-12-01 12:23:18', NULL),
(2755, 22, 10, 48, '48', NULL, NULL, '2022-12-01 12:23:18', NULL),
(2756, 22, 10, 49, '48', NULL, NULL, '2022-12-01 12:23:18', NULL),
(2757, 22, 11, 50, '48', NULL, NULL, '2022-12-01 12:23:18', NULL),
(2758, 22, 11, 51, '48', NULL, NULL, '2022-12-01 12:23:18', NULL),
(2759, 22, 11, 52, '48', NULL, NULL, '2022-12-01 12:23:18', NULL),
(2760, 22, 11, 53, '48', NULL, NULL, '2022-12-01 12:23:18', NULL),
(2761, 22, 11, 54, '48', NULL, NULL, '2022-12-01 12:23:18', NULL),
(2762, 22, 11, 55, '48', NULL, NULL, '2022-12-01 12:23:18', NULL),
(2763, 22, 12, 56, '48', NULL, NULL, '2022-12-01 12:23:18', NULL),
(2764, 22, 12, 57, '48', NULL, NULL, '2022-12-01 12:23:18', NULL),
(2765, 22, 12, 58, '48', NULL, NULL, '2022-12-01 12:23:18', NULL),
(2766, 22, 12, 59, '48', NULL, NULL, '2022-12-01 12:23:18', NULL),
(2767, 22, 12, 60, '48', NULL, NULL, '2022-12-01 12:23:18', NULL),
(2768, 22, 12, 61, '48', NULL, NULL, '2022-12-01 12:23:18', NULL),
(2769, 22, 13, 62, '48', NULL, NULL, '2022-12-01 12:23:18', NULL),
(2770, 22, 13, 63, '48', NULL, NULL, '2022-12-01 12:23:18', NULL),
(2771, 22, 13, 64, '48', NULL, NULL, '2022-12-01 12:23:18', NULL),
(2772, 22, 13, 65, '48', NULL, NULL, '2022-12-01 12:23:18', NULL),
(2773, 22, 13, 66, '48', NULL, NULL, '2022-12-01 12:23:18', NULL),
(2774, 22, 14, 67, '48', NULL, NULL, '2022-12-01 12:23:18', NULL),
(2775, 22, 14, 68, '48', NULL, NULL, '2022-12-01 12:23:18', NULL),
(2776, 22, 14, 69, '48', NULL, NULL, '2022-12-01 12:23:18', NULL),
(2777, 22, 14, 70, '48', NULL, NULL, '2022-12-01 12:23:18', NULL),
(2778, 22, 15, 71, '48', NULL, NULL, '2022-12-01 12:23:18', NULL),
(2779, 22, 15, 72, '48', NULL, NULL, '2022-12-01 12:23:18', NULL),
(2780, 22, 16, 73, '48', NULL, NULL, '2022-12-01 12:23:18', NULL),
(2781, 22, 16, 74, '48', NULL, NULL, '2022-12-01 12:23:18', NULL),
(2782, 22, 16, 75, '48', NULL, NULL, '2022-12-01 12:23:18', NULL),
(2783, 22, 16, 76, '48', NULL, NULL, '2022-12-01 12:23:18', NULL),
(2784, 22, 17, 77, '48', NULL, NULL, '2022-12-01 12:23:18', NULL),
(2785, 22, 17, 78, '48', NULL, NULL, '2022-12-01 12:23:18', NULL),
(2786, 22, 17, 79, '48', NULL, NULL, '2022-12-01 12:23:18', NULL),
(2787, 40, 1, 1, '48', NULL, NULL, '2022-12-01 12:33:57', NULL),
(2788, 40, 1, 2, '48', NULL, NULL, '2022-12-01 12:33:57', NULL),
(2789, 40, 1, 3, '48', NULL, NULL, '2022-12-01 12:33:57', NULL),
(2790, 40, 2, 4, '48', NULL, NULL, '2022-12-01 12:33:57', NULL),
(2791, 40, 2, 5, '48', NULL, NULL, '2022-12-01 12:33:57', NULL),
(2792, 40, 3, 6, '48', NULL, NULL, '2022-12-01 12:33:57', NULL),
(2793, 40, 3, 7, '48', NULL, NULL, '2022-12-01 12:33:57', NULL),
(2794, 40, 3, 8, '48', NULL, NULL, '2022-12-01 12:33:57', NULL),
(2795, 40, 3, 9, '48', NULL, NULL, '2022-12-01 12:33:57', NULL),
(2796, 40, 3, 10, '48', NULL, NULL, '2022-12-01 12:33:57', NULL),
(2797, 40, 3, 11, '48', NULL, NULL, '2022-12-01 12:33:57', NULL),
(2798, 40, 3, 12, '48', NULL, NULL, '2022-12-01 12:33:57', NULL),
(2799, 40, 3, 13, '48', NULL, NULL, '2022-12-01 12:33:57', NULL),
(2800, 40, 3, 14, '48', NULL, NULL, '2022-12-01 12:33:57', NULL),
(2801, 40, 4, 15, '48', NULL, NULL, '2022-12-01 12:33:57', NULL),
(2802, 40, 4, 16, '48', NULL, NULL, '2022-12-01 12:33:57', NULL),
(2803, 40, 5, 17, '48', NULL, NULL, '2022-12-01 12:33:57', NULL),
(2804, 40, 5, 18, '48', NULL, NULL, '2022-12-01 12:33:57', NULL),
(2805, 40, 5, 19, '48', NULL, NULL, '2022-12-01 12:33:57', NULL),
(2806, 40, 5, 20, '48', NULL, NULL, '2022-12-01 12:33:57', NULL),
(2807, 40, 5, 21, '48', NULL, NULL, '2022-12-01 12:33:57', NULL),
(2808, 40, 5, 22, '48', NULL, NULL, '2022-12-01 12:33:57', NULL),
(2809, 40, 5, 23, '48', NULL, NULL, '2022-12-01 12:33:57', NULL),
(2810, 40, 6, 24, '48', NULL, NULL, '2022-12-01 12:33:57', NULL),
(2811, 40, 6, 25, '48', NULL, NULL, '2022-12-01 12:33:57', NULL),
(2812, 40, 7, 26, '48', NULL, NULL, '2022-12-01 12:33:57', NULL),
(2813, 40, 7, 27, '48', NULL, NULL, '2022-12-01 12:33:57', NULL),
(2814, 40, 7, 28, '48', NULL, NULL, '2022-12-01 12:33:57', NULL),
(2815, 40, 7, 29, '48', NULL, NULL, '2022-12-01 12:33:57', NULL),
(2816, 40, 7, 30, '48', NULL, NULL, '2022-12-01 12:33:57', NULL),
(2817, 40, 7, 31, '48', NULL, NULL, '2022-12-01 12:33:57', NULL),
(2818, 40, 7, 32, '48', NULL, NULL, '2022-12-01 12:33:57', NULL),
(2819, 40, 7, 33, '48', NULL, NULL, '2022-12-01 12:33:57', NULL),
(2820, 40, 7, 34, '48', NULL, NULL, '2022-12-01 12:33:57', NULL),
(2821, 40, 7, 35, '48', NULL, NULL, '2022-12-01 12:33:57', NULL),
(2822, 40, 7, 36, '48', NULL, NULL, '2022-12-01 12:33:57', NULL),
(2823, 40, 7, 37, '48', NULL, NULL, '2022-12-01 12:33:57', NULL),
(2824, 40, 8, 38, '48', NULL, NULL, '2022-12-01 12:33:57', NULL),
(2825, 40, 8, 39, '48', NULL, NULL, '2022-12-01 12:33:57', NULL),
(2826, 40, 8, 40, '48', NULL, NULL, '2022-12-01 12:33:57', NULL),
(2827, 40, 8, 41, '48', NULL, NULL, '2022-12-01 12:33:57', NULL),
(2828, 40, 8, 42, '48', NULL, NULL, '2022-12-01 12:33:57', NULL),
(2829, 40, 9, 43, '48', NULL, NULL, '2022-12-01 12:33:57', NULL),
(2830, 40, 9, 44, '48', NULL, NULL, '2022-12-01 12:33:57', NULL),
(2831, 40, 9, 45, '48', NULL, NULL, '2022-12-01 12:33:57', NULL),
(2832, 40, 9, 46, '48', NULL, NULL, '2022-12-01 12:33:57', NULL),
(2833, 40, 9, 47, '48', NULL, NULL, '2022-12-01 12:33:57', NULL),
(2834, 40, 10, 48, '48', NULL, NULL, '2022-12-01 12:33:57', NULL),
(2835, 40, 10, 49, '48', NULL, NULL, '2022-12-01 12:33:57', NULL),
(2836, 40, 11, 50, '48', NULL, NULL, '2022-12-01 12:33:57', NULL),
(2837, 40, 11, 51, '48', NULL, NULL, '2022-12-01 12:33:57', NULL),
(2838, 40, 11, 52, '48', NULL, NULL, '2022-12-01 12:33:57', NULL),
(2839, 40, 11, 53, '48', NULL, NULL, '2022-12-01 12:33:57', NULL),
(2840, 40, 11, 54, '48', NULL, NULL, '2022-12-01 12:33:57', NULL),
(2841, 40, 11, 55, '48', NULL, NULL, '2022-12-01 12:33:57', NULL),
(2842, 40, 12, 56, '48', NULL, NULL, '2022-12-01 12:33:57', NULL),
(2843, 40, 12, 57, '48', NULL, NULL, '2022-12-01 12:33:57', NULL),
(2844, 40, 12, 58, '48', NULL, NULL, '2022-12-01 12:33:57', NULL),
(2845, 40, 12, 59, '48', NULL, NULL, '2022-12-01 12:33:57', NULL),
(2846, 40, 12, 60, '48', NULL, NULL, '2022-12-01 12:33:57', NULL),
(2847, 40, 12, 61, '48', NULL, NULL, '2022-12-01 12:33:57', NULL),
(2848, 40, 13, 62, '48', NULL, NULL, '2022-12-01 12:33:57', NULL),
(2849, 40, 13, 63, '48', NULL, NULL, '2022-12-01 12:33:57', NULL),
(2850, 40, 13, 64, '48', NULL, NULL, '2022-12-01 12:33:57', NULL),
(2851, 40, 13, 65, '48', NULL, NULL, '2022-12-01 12:33:57', NULL),
(2852, 40, 13, 66, '48', NULL, NULL, '2022-12-01 12:33:57', NULL),
(2853, 40, 14, 67, '48', NULL, NULL, '2022-12-01 12:33:57', NULL),
(2854, 40, 14, 68, '48', NULL, NULL, '2022-12-01 12:33:57', NULL),
(2855, 40, 14, 69, '48', NULL, NULL, '2022-12-01 12:33:57', NULL),
(2856, 40, 14, 70, '48', NULL, NULL, '2022-12-01 12:33:57', NULL),
(2857, 40, 15, 71, '48', NULL, NULL, '2022-12-01 12:33:57', NULL),
(2858, 40, 15, 72, '48', NULL, NULL, '2022-12-01 12:33:57', NULL),
(2859, 40, 16, 73, '48', NULL, NULL, '2022-12-01 12:33:57', NULL),
(2860, 40, 16, 74, '48', NULL, NULL, '2022-12-01 12:33:57', NULL),
(2861, 40, 16, 75, '48', NULL, NULL, '2022-12-01 12:33:57', NULL),
(2862, 40, 16, 76, '48', NULL, NULL, '2022-12-01 12:33:57', NULL),
(2863, 40, 17, 77, '48', NULL, NULL, '2022-12-01 12:33:57', NULL),
(2864, 40, 17, 78, '48', NULL, NULL, '2022-12-01 12:33:57', NULL),
(2865, 40, 17, 79, '48', NULL, NULL, '2022-12-01 12:33:57', NULL),
(2866, 41, 1, 1, '48', NULL, NULL, '2022-12-01 12:42:19', NULL),
(2867, 41, 1, 2, '48', NULL, NULL, '2022-12-01 12:42:19', NULL),
(2868, 41, 1, 3, '48', NULL, NULL, '2022-12-01 12:42:19', NULL),
(2869, 41, 2, 4, '48', NULL, NULL, '2022-12-01 12:42:19', NULL),
(2870, 41, 2, 5, '48', NULL, NULL, '2022-12-01 12:42:19', NULL),
(2871, 41, 3, 6, '48', NULL, NULL, '2022-12-01 12:42:19', NULL),
(2872, 41, 3, 7, '48', NULL, NULL, '2022-12-01 12:42:19', NULL),
(2873, 41, 3, 8, '48', NULL, NULL, '2022-12-01 12:42:19', NULL),
(2874, 41, 3, 9, '48', NULL, NULL, '2022-12-01 12:42:19', NULL),
(2875, 41, 3, 10, '48', NULL, NULL, '2022-12-01 12:42:19', NULL),
(2876, 41, 3, 11, '48', NULL, NULL, '2022-12-01 12:42:19', NULL),
(2877, 41, 3, 12, '48', NULL, NULL, '2022-12-01 12:42:19', NULL),
(2878, 41, 3, 13, '48', NULL, NULL, '2022-12-01 12:42:19', NULL),
(2879, 41, 3, 14, '48', NULL, NULL, '2022-12-01 12:42:19', NULL),
(2880, 41, 4, 15, '48', NULL, NULL, '2022-12-01 12:42:19', NULL),
(2881, 41, 4, 16, '48', NULL, NULL, '2022-12-01 12:42:19', NULL),
(2882, 41, 5, 17, '48', NULL, NULL, '2022-12-01 12:42:19', NULL),
(2883, 41, 5, 18, '48', NULL, NULL, '2022-12-01 12:42:19', NULL),
(2884, 41, 5, 19, '48', NULL, NULL, '2022-12-01 12:42:19', NULL),
(2885, 41, 5, 20, '48', NULL, NULL, '2022-12-01 12:42:19', NULL),
(2886, 41, 5, 21, '48', NULL, NULL, '2022-12-01 12:42:19', NULL),
(2887, 41, 5, 22, '48', NULL, NULL, '2022-12-01 12:42:19', NULL),
(2888, 41, 5, 23, '48', NULL, NULL, '2022-12-01 12:42:19', NULL),
(2889, 41, 6, 24, '48', NULL, NULL, '2022-12-01 12:42:19', NULL),
(2890, 41, 6, 25, '48', NULL, NULL, '2022-12-01 12:42:19', NULL),
(2891, 41, 7, 26, '48', NULL, NULL, '2022-12-01 12:42:19', NULL),
(2892, 41, 7, 27, '48', NULL, NULL, '2022-12-01 12:42:19', NULL),
(2893, 41, 7, 28, '48', NULL, NULL, '2022-12-01 12:42:19', NULL),
(2894, 41, 7, 29, '48', NULL, NULL, '2022-12-01 12:42:19', NULL),
(2895, 41, 7, 30, '48', NULL, NULL, '2022-12-01 12:42:19', NULL),
(2896, 41, 7, 31, '48', NULL, NULL, '2022-12-01 12:42:19', NULL),
(2897, 41, 7, 32, '48', NULL, NULL, '2022-12-01 12:42:19', NULL),
(2898, 41, 7, 33, '48', NULL, NULL, '2022-12-01 12:42:19', NULL),
(2899, 41, 7, 34, '48', NULL, NULL, '2022-12-01 12:42:19', NULL),
(2900, 41, 7, 35, '48', NULL, NULL, '2022-12-01 12:42:19', NULL),
(2901, 41, 7, 36, '48', NULL, NULL, '2022-12-01 12:42:19', NULL),
(2902, 41, 7, 37, '48', NULL, NULL, '2022-12-01 12:42:19', NULL),
(2903, 41, 8, 38, '48', NULL, NULL, '2022-12-01 12:42:19', NULL),
(2904, 41, 8, 39, '48', NULL, NULL, '2022-12-01 12:42:19', NULL),
(2905, 41, 8, 40, '48', NULL, NULL, '2022-12-01 12:42:19', NULL),
(2906, 41, 8, 41, '48', NULL, NULL, '2022-12-01 12:42:19', NULL),
(2907, 41, 8, 42, '48', NULL, NULL, '2022-12-01 12:42:19', NULL),
(2908, 41, 9, 43, '48', NULL, NULL, '2022-12-01 12:42:19', NULL),
(2909, 41, 9, 44, '48', NULL, NULL, '2022-12-01 12:42:19', NULL),
(2910, 41, 9, 45, '48', NULL, NULL, '2022-12-01 12:42:19', NULL),
(2911, 41, 9, 46, '48', NULL, NULL, '2022-12-01 12:42:19', NULL),
(2912, 41, 9, 47, '48', NULL, NULL, '2022-12-01 12:42:19', NULL),
(2913, 41, 10, 48, '48', NULL, NULL, '2022-12-01 12:42:19', NULL),
(2914, 41, 10, 49, '48', NULL, NULL, '2022-12-01 12:42:19', NULL),
(2915, 41, 11, 50, '48', NULL, NULL, '2022-12-01 12:42:19', NULL),
(2916, 41, 11, 51, '48', NULL, NULL, '2022-12-01 12:42:19', NULL),
(2917, 41, 11, 52, '48', NULL, NULL, '2022-12-01 12:42:19', NULL),
(2918, 41, 11, 53, '48', NULL, NULL, '2022-12-01 12:42:19', NULL),
(2919, 41, 11, 54, '48', NULL, NULL, '2022-12-01 12:42:19', NULL),
(2920, 41, 11, 55, '48', NULL, NULL, '2022-12-01 12:42:19', NULL),
(2921, 41, 12, 56, '48', NULL, NULL, '2022-12-01 12:42:19', NULL),
(2922, 41, 12, 57, '48', NULL, NULL, '2022-12-01 12:42:19', NULL),
(2923, 41, 12, 58, '48', NULL, NULL, '2022-12-01 12:42:19', NULL),
(2924, 41, 12, 59, '48', NULL, NULL, '2022-12-01 12:42:19', NULL),
(2925, 41, 12, 60, '48', NULL, NULL, '2022-12-01 12:42:19', NULL),
(2926, 41, 12, 61, '48', NULL, NULL, '2022-12-01 12:42:19', NULL),
(2927, 41, 13, 62, '48', NULL, NULL, '2022-12-01 12:42:19', NULL),
(2928, 41, 13, 63, '48', NULL, NULL, '2022-12-01 12:42:19', NULL),
(2929, 41, 13, 64, '48', NULL, NULL, '2022-12-01 12:42:19', NULL),
(2930, 41, 13, 65, '48', NULL, NULL, '2022-12-01 12:42:19', NULL),
(2931, 41, 13, 66, '48', NULL, NULL, '2022-12-01 12:42:19', NULL),
(2932, 41, 14, 67, '48', NULL, NULL, '2022-12-01 12:42:19', NULL),
(2933, 41, 14, 68, '48', NULL, NULL, '2022-12-01 12:42:19', NULL),
(2934, 41, 14, 69, '48', NULL, NULL, '2022-12-01 12:42:19', NULL),
(2935, 41, 14, 70, '48', NULL, NULL, '2022-12-01 12:42:19', NULL),
(2936, 41, 15, 71, '48', NULL, NULL, '2022-12-01 12:42:19', NULL),
(2937, 41, 15, 72, '48', NULL, NULL, '2022-12-01 12:42:19', NULL),
(2938, 41, 16, 73, '48', NULL, NULL, '2022-12-01 12:42:19', NULL),
(2939, 41, 16, 74, '48', NULL, NULL, '2022-12-01 12:42:19', NULL),
(2940, 41, 16, 75, '48', NULL, NULL, '2022-12-01 12:42:19', NULL),
(2941, 41, 16, 76, '48', NULL, NULL, '2022-12-01 12:42:19', NULL),
(2942, 41, 17, 77, '48', NULL, NULL, '2022-12-01 12:42:19', NULL),
(2943, 41, 17, 78, '48', NULL, NULL, '2022-12-01 12:42:19', NULL),
(2944, 41, 17, 79, '48', NULL, NULL, '2022-12-01 12:42:19', NULL),
(2945, 42, 1, 1, '48', NULL, NULL, '2022-12-01 13:01:35', NULL),
(2946, 42, 1, 2, '48', NULL, NULL, '2022-12-01 13:01:35', NULL),
(2947, 42, 1, 3, '48', NULL, NULL, '2022-12-01 13:01:35', NULL),
(2948, 42, 2, 4, '48', NULL, NULL, '2022-12-01 13:01:35', NULL),
(2949, 42, 2, 5, '48', NULL, NULL, '2022-12-01 13:01:35', NULL),
(2950, 42, 3, 6, '48', NULL, NULL, '2022-12-01 13:01:35', NULL),
(2951, 42, 3, 7, '48', NULL, NULL, '2022-12-01 13:01:35', NULL),
(2952, 42, 3, 8, '48', NULL, NULL, '2022-12-01 13:01:35', NULL),
(2953, 42, 3, 9, '48', NULL, NULL, '2022-12-01 13:01:35', NULL),
(2954, 42, 3, 10, '48', NULL, NULL, '2022-12-01 13:01:35', NULL),
(2955, 42, 3, 11, '48', NULL, NULL, '2022-12-01 13:01:35', NULL),
(2956, 42, 3, 12, '48', NULL, NULL, '2022-12-01 13:01:35', NULL),
(2957, 42, 3, 13, '48', NULL, NULL, '2022-12-01 13:01:35', NULL),
(2958, 42, 3, 14, '48', NULL, NULL, '2022-12-01 13:01:35', NULL),
(2959, 42, 4, 15, '48', NULL, NULL, '2022-12-01 13:01:35', NULL),
(2960, 42, 4, 16, '48', NULL, NULL, '2022-12-01 13:01:35', NULL),
(2961, 42, 5, 17, '48', NULL, NULL, '2022-12-01 13:01:35', NULL),
(2962, 42, 5, 18, '48', NULL, NULL, '2022-12-01 13:01:35', NULL),
(2963, 42, 5, 19, '48', NULL, NULL, '2022-12-01 13:01:35', NULL),
(2964, 42, 5, 20, '48', NULL, NULL, '2022-12-01 13:01:35', NULL),
(2965, 42, 5, 21, '48', NULL, NULL, '2022-12-01 13:01:35', NULL),
(2966, 42, 5, 22, '48', NULL, NULL, '2022-12-01 13:01:35', NULL),
(2967, 42, 5, 23, '48', NULL, NULL, '2022-12-01 13:01:35', NULL),
(2968, 42, 6, 24, '48', NULL, NULL, '2022-12-01 13:01:35', NULL),
(2969, 42, 6, 25, '48', NULL, NULL, '2022-12-01 13:01:35', NULL),
(2970, 42, 7, 26, '48', NULL, NULL, '2022-12-01 13:01:35', NULL),
(2971, 42, 7, 27, '48', NULL, NULL, '2022-12-01 13:01:35', NULL),
(2972, 42, 7, 28, '48', NULL, NULL, '2022-12-01 13:01:35', NULL),
(2973, 42, 7, 29, '48', NULL, NULL, '2022-12-01 13:01:35', NULL),
(2974, 42, 7, 30, '48', NULL, NULL, '2022-12-01 13:01:35', NULL),
(2975, 42, 7, 31, '48', NULL, NULL, '2022-12-01 13:01:35', NULL),
(2976, 42, 7, 32, '48', NULL, NULL, '2022-12-01 13:01:35', NULL),
(2977, 42, 7, 33, '48', NULL, NULL, '2022-12-01 13:01:35', NULL),
(2978, 42, 7, 34, '48', NULL, NULL, '2022-12-01 13:01:35', NULL),
(2979, 42, 7, 35, '48', NULL, NULL, '2022-12-01 13:01:35', NULL),
(2980, 42, 7, 36, '48', NULL, NULL, '2022-12-01 13:01:35', NULL),
(2981, 42, 7, 37, '48', NULL, NULL, '2022-12-01 13:01:35', NULL),
(2982, 42, 8, 38, '48', NULL, NULL, '2022-12-01 13:01:35', NULL),
(2983, 42, 8, 39, '48', NULL, NULL, '2022-12-01 13:01:35', NULL),
(2984, 42, 8, 40, '48', NULL, NULL, '2022-12-01 13:01:35', NULL),
(2985, 42, 8, 41, '48', NULL, NULL, '2022-12-01 13:01:35', NULL),
(2986, 42, 8, 42, '48', NULL, NULL, '2022-12-01 13:01:35', NULL),
(2987, 42, 9, 43, '48', NULL, NULL, '2022-12-01 13:01:35', NULL),
(2988, 42, 9, 44, '48', NULL, NULL, '2022-12-01 13:01:35', NULL),
(2989, 42, 9, 45, '48', NULL, NULL, '2022-12-01 13:01:35', NULL),
(2990, 42, 9, 46, '48', NULL, NULL, '2022-12-01 13:01:35', NULL),
(2991, 42, 9, 47, '48', NULL, NULL, '2022-12-01 13:01:35', NULL),
(2992, 42, 10, 48, '48', NULL, NULL, '2022-12-01 13:01:35', NULL),
(2993, 42, 10, 49, '48', NULL, NULL, '2022-12-01 13:01:35', NULL),
(2994, 42, 11, 50, '48', NULL, NULL, '2022-12-01 13:01:35', NULL),
(2995, 42, 11, 51, '48', NULL, NULL, '2022-12-01 13:01:35', NULL),
(2996, 42, 11, 52, '48', NULL, NULL, '2022-12-01 13:01:35', NULL),
(2997, 42, 11, 53, '48', NULL, NULL, '2022-12-01 13:01:35', NULL),
(2998, 42, 11, 54, '48', NULL, NULL, '2022-12-01 13:01:35', NULL),
(2999, 42, 11, 55, '48', NULL, NULL, '2022-12-01 13:01:35', NULL),
(3000, 42, 12, 56, '48', NULL, NULL, '2022-12-01 13:01:35', NULL),
(3001, 42, 12, 57, '48', NULL, NULL, '2022-12-01 13:01:35', NULL),
(3002, 42, 12, 58, '48', NULL, NULL, '2022-12-01 13:01:35', NULL),
(3003, 42, 12, 59, '48', NULL, NULL, '2022-12-01 13:01:35', NULL),
(3004, 42, 12, 60, '48', NULL, NULL, '2022-12-01 13:01:35', NULL),
(3005, 42, 12, 61, '48', NULL, NULL, '2022-12-01 13:01:35', NULL),
(3006, 42, 13, 62, '48', NULL, NULL, '2022-12-01 13:01:35', NULL),
(3007, 42, 13, 63, '48', NULL, NULL, '2022-12-01 13:01:35', NULL),
(3008, 42, 13, 64, '48', NULL, NULL, '2022-12-01 13:01:35', NULL),
(3009, 42, 13, 65, '48', NULL, NULL, '2022-12-01 13:01:35', NULL),
(3010, 42, 13, 66, '48', NULL, NULL, '2022-12-01 13:01:35', NULL),
(3011, 42, 14, 67, '48', NULL, NULL, '2022-12-01 13:01:35', NULL),
(3012, 42, 14, 68, '48', NULL, NULL, '2022-12-01 13:01:35', NULL),
(3013, 42, 14, 69, '48', NULL, NULL, '2022-12-01 13:01:35', NULL),
(3014, 42, 14, 70, '48', NULL, NULL, '2022-12-01 13:01:35', NULL),
(3015, 42, 15, 71, '48', NULL, NULL, '2022-12-01 13:01:35', NULL),
(3016, 42, 15, 72, '48', NULL, NULL, '2022-12-01 13:01:35', NULL),
(3017, 42, 16, 73, '48', NULL, NULL, '2022-12-01 13:01:35', NULL),
(3018, 42, 16, 74, '48', NULL, NULL, '2022-12-01 13:01:35', NULL),
(3019, 42, 16, 75, '48', NULL, NULL, '2022-12-01 13:01:35', NULL),
(3020, 42, 16, 76, '48', NULL, NULL, '2022-12-01 13:01:35', NULL),
(3021, 42, 17, 77, '48', NULL, NULL, '2022-12-01 13:01:35', NULL),
(3022, 42, 17, 78, '48', NULL, NULL, '2022-12-01 13:01:35', NULL),
(3023, 42, 17, 79, '48', NULL, NULL, '2022-12-01 13:01:35', NULL),
(3024, 43, 1, 1, '48', NULL, NULL, '2022-12-03 06:03:00', '2022-12-03 06:03:51'),
(3025, 43, 1, 2, '48', NULL, NULL, '2022-12-03 06:03:00', '2022-12-03 06:03:51'),
(3026, 43, 1, 3, '48', NULL, NULL, '2022-12-03 06:03:00', '2022-12-03 06:03:51'),
(3027, 43, 2, 4, '48', NULL, NULL, '2022-12-03 06:03:00', '2022-12-03 06:03:51'),
(3028, 43, 2, 5, '48', NULL, NULL, '2022-12-03 06:03:00', '2022-12-03 06:03:51'),
(3029, 43, 3, 6, '48', NULL, NULL, '2022-12-03 06:03:00', '2022-12-03 06:03:51'),
(3030, 43, 3, 7, '48', NULL, NULL, '2022-12-03 06:03:00', '2022-12-03 06:03:51'),
(3031, 43, 3, 8, '48', NULL, NULL, '2022-12-03 06:03:00', '2022-12-03 06:03:51'),
(3032, 43, 3, 9, '48', NULL, NULL, '2022-12-03 06:03:00', '2022-12-03 06:03:51'),
(3033, 43, 3, 10, '48', NULL, NULL, '2022-12-03 06:03:00', '2022-12-03 06:03:51'),
(3034, 43, 3, 11, '48', NULL, NULL, '2022-12-03 06:03:00', '2022-12-03 06:03:51'),
(3035, 43, 3, 12, '48', NULL, NULL, '2022-12-03 06:03:00', '2022-12-03 06:03:51'),
(3036, 43, 3, 13, '48', NULL, NULL, '2022-12-03 06:03:00', '2022-12-03 06:03:51'),
(3037, 43, 3, 14, '48', NULL, NULL, '2022-12-03 06:03:00', '2022-12-03 06:03:51'),
(3038, 43, 4, 15, '48', NULL, NULL, '2022-12-03 06:03:00', '2022-12-03 06:03:51'),
(3039, 43, 4, 16, '48', NULL, NULL, '2022-12-03 06:03:00', '2022-12-03 06:03:51'),
(3040, 43, 5, 17, '48', NULL, NULL, '2022-12-03 06:03:00', '2022-12-03 06:03:51'),
(3041, 43, 5, 18, '48', NULL, NULL, '2022-12-03 06:03:00', '2022-12-03 06:03:51'),
(3042, 43, 5, 19, '48', NULL, NULL, '2022-12-03 06:03:00', '2022-12-03 06:03:51'),
(3043, 43, 5, 20, '48', NULL, NULL, '2022-12-03 06:03:00', '2022-12-03 06:03:51'),
(3044, 43, 5, 21, '48', NULL, NULL, '2022-12-03 06:03:00', '2022-12-03 06:03:51'),
(3045, 43, 5, 22, '48', NULL, NULL, '2022-12-03 06:03:00', '2022-12-03 06:03:51'),
(3046, 43, 5, 23, '48', NULL, NULL, '2022-12-03 06:03:00', '2022-12-03 06:03:51'),
(3047, 43, 6, 24, '48', NULL, NULL, '2022-12-03 06:03:00', '2022-12-03 06:03:51'),
(3048, 43, 6, 25, '48', NULL, NULL, '2022-12-03 06:03:00', '2022-12-03 06:03:51'),
(3049, 43, 7, 26, '48', NULL, NULL, '2022-12-03 06:03:00', '2022-12-03 06:03:51'),
(3050, 43, 7, 27, '48', NULL, NULL, '2022-12-03 06:03:00', '2022-12-03 06:03:51'),
(3051, 43, 7, 28, '48', NULL, NULL, '2022-12-03 06:03:00', '2022-12-03 06:03:51'),
(3052, 43, 7, 29, '48', NULL, NULL, '2022-12-03 06:03:00', '2022-12-03 06:03:51'),
(3053, 43, 7, 30, '48', NULL, NULL, '2022-12-03 06:03:00', '2022-12-03 06:03:51'),
(3054, 43, 7, 31, '48', NULL, NULL, '2022-12-03 06:03:00', '2022-12-03 06:03:51'),
(3055, 43, 7, 32, '48', NULL, NULL, '2022-12-03 06:03:00', '2022-12-03 06:03:51'),
(3056, 43, 7, 33, '48', NULL, NULL, '2022-12-03 06:03:00', '2022-12-03 06:03:51'),
(3057, 43, 7, 34, '48', NULL, NULL, '2022-12-03 06:03:00', '2022-12-03 06:03:51'),
(3058, 43, 7, 35, '48', NULL, NULL, '2022-12-03 06:03:00', '2022-12-03 06:03:51'),
(3059, 43, 7, 36, '48', NULL, NULL, '2022-12-03 06:03:00', '2022-12-03 06:03:51'),
(3060, 43, 7, 37, '48', NULL, NULL, '2022-12-03 06:03:00', '2022-12-03 06:03:51'),
(3061, 43, 8, 38, '48', NULL, NULL, '2022-12-03 06:03:00', '2022-12-03 06:03:51'),
(3062, 43, 8, 39, '48', NULL, NULL, '2022-12-03 06:03:00', '2022-12-03 06:03:51'),
(3063, 43, 8, 40, '48', NULL, NULL, '2022-12-03 06:03:00', '2022-12-03 06:03:51'),
(3064, 43, 8, 41, '48', NULL, NULL, '2022-12-03 06:03:00', '2022-12-03 06:03:51'),
(3065, 43, 8, 42, '48', NULL, NULL, '2022-12-03 06:03:00', '2022-12-03 06:03:51'),
(3066, 43, 9, 43, '48', NULL, NULL, '2022-12-03 06:03:00', '2022-12-03 06:03:51'),
(3067, 43, 9, 44, '48', NULL, NULL, '2022-12-03 06:03:00', '2022-12-03 06:03:51'),
(3068, 43, 9, 45, '48', NULL, NULL, '2022-12-03 06:03:00', '2022-12-03 06:03:51'),
(3069, 43, 9, 46, '48', NULL, NULL, '2022-12-03 06:03:00', '2022-12-03 06:03:51'),
(3070, 43, 9, 47, '48', NULL, NULL, '2022-12-03 06:03:00', '2022-12-03 06:03:51'),
(3071, 43, 10, 48, '48', NULL, NULL, '2022-12-03 06:03:00', '2022-12-03 06:03:51'),
(3072, 43, 10, 49, '48', NULL, NULL, '2022-12-03 06:03:00', '2022-12-03 06:03:51'),
(3073, 43, 11, 50, '48', NULL, NULL, '2022-12-03 06:03:00', '2022-12-03 06:03:51'),
(3074, 43, 11, 51, '48', NULL, NULL, '2022-12-03 06:03:00', '2022-12-03 06:03:51'),
(3075, 43, 11, 52, '48', NULL, NULL, '2022-12-03 06:03:00', '2022-12-03 06:03:51'),
(3076, 43, 11, 53, '48', NULL, NULL, '2022-12-03 06:03:00', '2022-12-03 06:03:51'),
(3077, 43, 11, 54, '48', NULL, NULL, '2022-12-03 06:03:00', '2022-12-03 06:03:51'),
(3078, 43, 11, 55, '48', NULL, NULL, '2022-12-03 06:03:00', '2022-12-03 06:03:51'),
(3079, 43, 12, 56, '48', NULL, NULL, '2022-12-03 06:03:00', '2022-12-03 06:03:51'),
(3080, 43, 12, 57, '48', NULL, NULL, '2022-12-03 06:03:00', '2022-12-03 06:03:51'),
(3081, 43, 12, 58, '48', NULL, NULL, '2022-12-03 06:03:00', '2022-12-03 06:03:51'),
(3082, 43, 12, 59, '48', NULL, NULL, '2022-12-03 06:03:00', '2022-12-03 06:03:51'),
(3083, 43, 12, 60, '48', NULL, NULL, '2022-12-03 06:03:00', '2022-12-03 06:03:51'),
(3084, 43, 12, 61, '48', NULL, NULL, '2022-12-03 06:03:00', '2022-12-03 06:03:51'),
(3085, 43, 13, 62, '48', NULL, NULL, '2022-12-03 06:03:00', '2022-12-03 06:03:51'),
(3086, 43, 13, 63, '48', NULL, NULL, '2022-12-03 06:03:00', '2022-12-03 06:03:51'),
(3087, 43, 13, 64, '48', NULL, NULL, '2022-12-03 06:03:00', '2022-12-03 06:03:51'),
(3088, 43, 13, 65, '48', NULL, NULL, '2022-12-03 06:03:00', '2022-12-03 06:03:51'),
(3089, 43, 13, 66, '48', NULL, NULL, '2022-12-03 06:03:00', '2022-12-03 06:03:51'),
(3090, 43, 14, 67, '48', NULL, NULL, '2022-12-03 06:03:00', '2022-12-03 06:03:51'),
(3091, 43, 14, 68, '48', NULL, NULL, '2022-12-03 06:03:00', '2022-12-03 06:03:51'),
(3092, 43, 14, 69, '48', NULL, NULL, '2022-12-03 06:03:00', '2022-12-03 06:03:51'),
(3093, 43, 14, 70, '48', NULL, NULL, '2022-12-03 06:03:00', '2022-12-03 06:03:51'),
(3094, 43, 15, 71, '48', NULL, NULL, '2022-12-03 06:03:00', '2022-12-03 06:03:51'),
(3095, 43, 15, 72, '48', NULL, NULL, '2022-12-03 06:03:00', '2022-12-03 06:03:51'),
(3096, 43, 16, 73, '48', NULL, NULL, '2022-12-03 06:03:00', '2022-12-03 06:03:51'),
(3097, 43, 16, 74, '48', NULL, NULL, '2022-12-03 06:03:00', '2022-12-03 06:03:51'),
(3098, 43, 16, 75, '48', NULL, NULL, '2022-12-03 06:03:00', '2022-12-03 06:03:51'),
(3099, 43, 16, 76, '48', NULL, NULL, '2022-12-03 06:03:00', '2022-12-03 06:03:51'),
(3100, 43, 17, 77, '48', NULL, NULL, '2022-12-03 06:03:00', '2022-12-03 06:03:51'),
(3101, 43, 17, 78, '48', NULL, NULL, '2022-12-03 06:03:00', '2022-12-03 06:03:51'),
(3102, 43, 17, 79, '48', NULL, NULL, '2022-12-03 06:03:00', '2022-12-03 06:03:51'),
(3103, 44, 1, 1, '48', NULL, NULL, '2022-12-03 06:14:14', '2022-12-03 06:16:50'),
(3104, 44, 1, 2, '48', NULL, NULL, '2022-12-03 06:14:14', '2022-12-03 06:16:50'),
(3105, 44, 1, 3, '48', NULL, NULL, '2022-12-03 06:14:14', '2022-12-03 06:16:50'),
(3106, 44, 2, 4, '48', NULL, NULL, '2022-12-03 06:14:14', '2022-12-03 06:16:50'),
(3107, 44, 2, 5, '48', NULL, NULL, '2022-12-03 06:14:14', '2022-12-03 06:16:50'),
(3108, 44, 3, 6, '48', NULL, NULL, '2022-12-03 06:14:14', '2022-12-03 06:16:50'),
(3109, 44, 3, 7, '48', NULL, NULL, '2022-12-03 06:14:14', '2022-12-03 06:16:50'),
(3110, 44, 3, 8, '48', NULL, NULL, '2022-12-03 06:14:14', '2022-12-03 06:16:50'),
(3111, 44, 3, 9, '48', NULL, NULL, '2022-12-03 06:14:14', '2022-12-03 06:16:50'),
(3112, 44, 3, 10, '48', NULL, NULL, '2022-12-03 06:14:14', '2022-12-03 06:16:50'),
(3113, 44, 3, 11, '48', NULL, NULL, '2022-12-03 06:14:14', '2022-12-03 06:16:50'),
(3114, 44, 3, 12, '48', NULL, NULL, '2022-12-03 06:14:14', '2022-12-03 06:16:50'),
(3115, 44, 3, 13, '48', NULL, NULL, '2022-12-03 06:14:14', '2022-12-03 06:16:50'),
(3116, 44, 3, 14, '48', NULL, NULL, '2022-12-03 06:14:14', '2022-12-03 06:16:50'),
(3117, 44, 4, 15, '48', NULL, NULL, '2022-12-03 06:14:14', '2022-12-03 06:16:50'),
(3118, 44, 4, 16, '48', NULL, NULL, '2022-12-03 06:14:14', '2022-12-03 06:16:50'),
(3119, 44, 5, 17, '48', NULL, NULL, '2022-12-03 06:14:14', '2022-12-03 06:16:50'),
(3120, 44, 5, 18, '48', NULL, NULL, '2022-12-03 06:14:14', '2022-12-03 06:16:50'),
(3121, 44, 5, 19, '48', NULL, NULL, '2022-12-03 06:14:14', '2022-12-03 06:16:50'),
(3122, 44, 5, 20, '48', NULL, NULL, '2022-12-03 06:14:14', '2022-12-03 06:16:50'),
(3123, 44, 5, 21, '48', NULL, NULL, '2022-12-03 06:14:14', '2022-12-03 06:16:50'),
(3124, 44, 5, 22, '48', NULL, NULL, '2022-12-03 06:14:14', '2022-12-03 06:16:50'),
(3125, 44, 5, 23, '48', NULL, NULL, '2022-12-03 06:14:14', '2022-12-03 06:16:50'),
(3126, 44, 6, 24, '48', NULL, NULL, '2022-12-03 06:14:14', '2022-12-03 06:16:50'),
(3127, 44, 6, 25, '48', NULL, NULL, '2022-12-03 06:14:14', '2022-12-03 06:16:50'),
(3128, 44, 7, 26, '48', NULL, NULL, '2022-12-03 06:14:14', '2022-12-03 06:16:50'),
(3129, 44, 7, 27, '48', NULL, NULL, '2022-12-03 06:14:14', '2022-12-03 06:16:50'),
(3130, 44, 7, 28, '48', NULL, NULL, '2022-12-03 06:14:14', '2022-12-03 06:16:50'),
(3131, 44, 7, 29, '48', NULL, NULL, '2022-12-03 06:14:14', '2022-12-03 06:16:50'),
(3132, 44, 7, 30, '48', NULL, NULL, '2022-12-03 06:14:14', '2022-12-03 06:16:50'),
(3133, 44, 7, 31, '48', NULL, NULL, '2022-12-03 06:14:14', '2022-12-03 06:16:50'),
(3134, 44, 7, 32, '48', NULL, NULL, '2022-12-03 06:14:14', '2022-12-03 06:16:50'),
(3135, 44, 7, 33, '48', NULL, NULL, '2022-12-03 06:14:14', '2022-12-03 06:16:50'),
(3136, 44, 7, 34, '48', NULL, NULL, '2022-12-03 06:14:14', '2022-12-03 06:16:50'),
(3137, 44, 7, 35, '48', NULL, NULL, '2022-12-03 06:14:14', '2022-12-03 06:16:50'),
(3138, 44, 7, 36, '48', NULL, NULL, '2022-12-03 06:14:14', '2022-12-03 06:16:50'),
(3139, 44, 7, 37, '48', NULL, NULL, '2022-12-03 06:14:14', '2022-12-03 06:16:50'),
(3140, 44, 8, 38, '48', NULL, NULL, '2022-12-03 06:14:14', '2022-12-03 06:16:50'),
(3141, 44, 8, 39, '48', NULL, NULL, '2022-12-03 06:14:14', '2022-12-03 06:16:50'),
(3142, 44, 8, 40, '48', NULL, NULL, '2022-12-03 06:14:14', '2022-12-03 06:16:50'),
(3143, 44, 8, 41, '48', NULL, NULL, '2022-12-03 06:14:14', '2022-12-03 06:16:50'),
(3144, 44, 8, 42, '48', NULL, NULL, '2022-12-03 06:14:14', '2022-12-03 06:16:50'),
(3145, 44, 9, 43, '48', NULL, NULL, '2022-12-03 06:14:14', '2022-12-03 06:16:50'),
(3146, 44, 9, 44, '48', NULL, NULL, '2022-12-03 06:14:14', '2022-12-03 06:16:50'),
(3147, 44, 9, 45, '48', NULL, NULL, '2022-12-03 06:14:14', '2022-12-03 06:16:50'),
(3148, 44, 9, 46, '48', NULL, NULL, '2022-12-03 06:16:33', '2022-12-03 06:16:50'),
(3149, 44, 9, 47, '48', NULL, NULL, '2022-12-03 06:16:33', '2022-12-03 06:16:50'),
(3150, 44, 10, 48, '48', NULL, NULL, '2022-12-03 06:16:33', '2022-12-03 06:16:50'),
(3151, 44, 10, 49, '48', NULL, NULL, '2022-12-03 06:16:33', '2022-12-03 06:16:50'),
(3152, 44, 11, 50, '48', NULL, NULL, '2022-12-03 06:16:33', '2022-12-03 06:16:50'),
(3153, 44, 11, 51, '48', NULL, NULL, '2022-12-03 06:16:33', '2022-12-03 06:16:50'),
(3154, 44, 11, 52, '48', NULL, NULL, '2022-12-03 06:16:33', '2022-12-03 06:16:50'),
(3155, 44, 11, 53, '48', NULL, NULL, '2022-12-03 06:16:33', '2022-12-03 06:16:50'),
(3156, 44, 11, 54, '48', NULL, NULL, '2022-12-03 06:16:33', '2022-12-03 06:16:50'),
(3157, 44, 11, 55, '48', NULL, NULL, '2022-12-03 06:16:33', '2022-12-03 06:16:50'),
(3158, 44, 12, 56, '48', NULL, NULL, '2022-12-03 06:16:33', '2022-12-03 06:16:50'),
(3159, 44, 12, 57, '48', NULL, NULL, '2022-12-03 06:16:33', '2022-12-03 06:16:50'),
(3160, 44, 12, 58, '48', NULL, NULL, '2022-12-03 06:16:33', '2022-12-03 06:16:50'),
(3161, 44, 12, 59, '48', NULL, NULL, '2022-12-03 06:16:33', '2022-12-03 06:16:50'),
(3162, 44, 12, 60, '48', NULL, NULL, '2022-12-03 06:16:33', '2022-12-03 06:16:50'),
(3163, 44, 12, 61, '48', NULL, NULL, '2022-12-03 06:16:33', '2022-12-03 06:16:50'),
(3164, 44, 13, 62, '48', NULL, NULL, '2022-12-03 06:16:33', '2022-12-03 06:16:50'),
(3165, 44, 13, 63, '48', NULL, NULL, '2022-12-03 06:16:33', '2022-12-03 06:16:50'),
(3166, 44, 13, 64, '48', NULL, NULL, '2022-12-03 06:16:33', '2022-12-03 06:16:50'),
(3167, 44, 13, 65, '48', NULL, NULL, '2022-12-03 06:16:33', '2022-12-03 06:16:50'),
(3168, 44, 13, 66, '48', NULL, NULL, '2022-12-03 06:16:33', '2022-12-03 06:16:50'),
(3169, 44, 14, 67, '48', NULL, NULL, '2022-12-03 06:16:33', '2022-12-03 06:16:50'),
(3170, 44, 14, 68, '48', NULL, NULL, '2022-12-03 06:16:33', '2022-12-03 06:16:50'),
(3171, 44, 14, 69, '48', NULL, NULL, '2022-12-03 06:16:33', '2022-12-03 06:16:50'),
(3172, 44, 14, 70, '48', NULL, NULL, '2022-12-03 06:16:33', '2022-12-03 06:16:50'),
(3173, 44, 15, 71, '48', NULL, NULL, '2022-12-03 06:16:33', '2022-12-03 06:16:50'),
(3174, 44, 15, 72, '48', NULL, NULL, '2022-12-03 06:16:33', '2022-12-03 06:16:50'),
(3175, 44, 16, 73, '48', NULL, NULL, '2022-12-03 06:16:33', '2022-12-03 06:16:50'),
(3176, 44, 16, 74, '48', NULL, NULL, '2022-12-03 06:16:33', '2022-12-03 06:16:50'),
(3177, 44, 16, 75, '48', NULL, NULL, '2022-12-03 06:16:33', '2022-12-03 06:16:50'),
(3178, 44, 16, 76, '48', NULL, NULL, '2022-12-03 06:16:33', '2022-12-03 06:16:50'),
(3179, 44, 17, 77, '48', NULL, NULL, '2022-12-03 06:16:33', '2022-12-03 06:16:50'),
(3180, 44, 17, 78, '48', NULL, NULL, '2022-12-03 06:16:33', '2022-12-03 06:16:50'),
(3181, 44, 17, 79, '48', NULL, NULL, '2022-12-03 06:16:33', '2022-12-03 06:16:50'),
(3182, 45, 1, 1, '48', NULL, NULL, '2022-12-03 06:22:27', '2022-12-03 06:22:36'),
(3183, 45, 1, 2, '48', NULL, NULL, '2022-12-03 06:22:27', '2022-12-03 06:22:36'),
(3184, 45, 1, 3, '48', NULL, NULL, '2022-12-03 06:22:27', '2022-12-03 06:22:36'),
(3185, 45, 2, 4, '48', NULL, NULL, '2022-12-03 06:22:27', '2022-12-03 06:22:36'),
(3186, 45, 2, 5, '48', NULL, NULL, '2022-12-03 06:22:27', '2022-12-03 06:22:36'),
(3187, 45, 3, 6, '48', NULL, NULL, '2022-12-03 06:22:27', '2022-12-03 06:22:36'),
(3188, 45, 3, 7, '48', NULL, NULL, '2022-12-03 06:22:27', '2022-12-03 06:22:36'),
(3189, 45, 3, 8, '48', NULL, NULL, '2022-12-03 06:22:27', '2022-12-03 06:22:36'),
(3190, 45, 3, 9, '48', NULL, NULL, '2022-12-03 06:22:27', '2022-12-03 06:22:36'),
(3191, 45, 3, 10, '48', NULL, NULL, '2022-12-03 06:22:27', '2022-12-03 06:22:36'),
(3192, 45, 3, 11, '48', NULL, NULL, '2022-12-03 06:22:27', '2022-12-03 06:22:36'),
(3193, 45, 3, 12, '48', NULL, NULL, '2022-12-03 06:22:27', '2022-12-03 06:22:36'),
(3194, 45, 3, 13, '48', NULL, NULL, '2022-12-03 06:22:27', '2022-12-03 06:22:36'),
(3195, 45, 3, 14, '48', NULL, NULL, '2022-12-03 06:22:27', '2022-12-03 06:22:36'),
(3196, 45, 4, 15, '48', NULL, NULL, '2022-12-03 06:22:27', '2022-12-03 06:22:36'),
(3197, 45, 4, 16, '48', NULL, NULL, '2022-12-03 06:22:27', '2022-12-03 06:22:36'),
(3198, 45, 5, 17, '48', NULL, NULL, '2022-12-03 06:22:27', '2022-12-03 06:22:36'),
(3199, 45, 5, 18, '48', NULL, NULL, '2022-12-03 06:22:27', '2022-12-03 06:22:36'),
(3200, 45, 5, 19, '48', NULL, NULL, '2022-12-03 06:22:27', '2022-12-03 06:22:36'),
(3201, 45, 5, 20, '48', NULL, NULL, '2022-12-03 06:22:27', '2022-12-03 06:22:36'),
(3202, 45, 5, 21, '48', NULL, NULL, '2022-12-03 06:22:27', '2022-12-03 06:22:36'),
(3203, 45, 5, 22, '48', NULL, NULL, '2022-12-03 06:22:27', '2022-12-03 06:22:36'),
(3204, 45, 5, 23, '48', NULL, NULL, '2022-12-03 06:22:27', '2022-12-03 06:22:36'),
(3205, 45, 6, 24, '48', NULL, NULL, '2022-12-03 06:22:27', '2022-12-03 06:22:36'),
(3206, 45, 6, 25, '48', NULL, NULL, '2022-12-03 06:22:27', '2022-12-03 06:22:36'),
(3207, 45, 7, 26, '48', NULL, NULL, '2022-12-03 06:22:27', '2022-12-03 06:22:36'),
(3208, 45, 7, 27, '48', NULL, NULL, '2022-12-03 06:22:27', '2022-12-03 06:22:36'),
(3209, 45, 7, 28, '48', NULL, NULL, '2022-12-03 06:22:27', '2022-12-03 06:22:36'),
(3210, 45, 7, 29, '48', NULL, NULL, '2022-12-03 06:22:27', '2022-12-03 06:22:36'),
(3211, 45, 7, 30, '48', NULL, NULL, '2022-12-03 06:22:27', '2022-12-03 06:22:36'),
(3212, 45, 7, 31, '48', NULL, NULL, '2022-12-03 06:22:27', '2022-12-03 06:22:36'),
(3213, 45, 7, 32, '48', NULL, NULL, '2022-12-03 06:22:27', '2022-12-03 06:22:36'),
(3214, 45, 7, 33, '48', NULL, NULL, '2022-12-03 06:22:27', '2022-12-03 06:22:36'),
(3215, 45, 7, 34, '48', NULL, NULL, '2022-12-03 06:22:27', '2022-12-03 06:22:36'),
(3216, 45, 7, 35, '48', NULL, NULL, '2022-12-03 06:22:27', '2022-12-03 06:22:36'),
(3217, 45, 7, 36, '48', NULL, NULL, '2022-12-03 06:22:27', '2022-12-03 06:22:36'),
(3218, 45, 7, 37, '48', NULL, NULL, '2022-12-03 06:22:27', '2022-12-03 06:22:36'),
(3219, 45, 8, 38, '48', NULL, NULL, '2022-12-03 06:22:27', '2022-12-03 06:22:36'),
(3220, 45, 8, 39, '48', NULL, NULL, '2022-12-03 06:22:27', '2022-12-03 06:22:36'),
(3221, 45, 8, 40, '48', NULL, NULL, '2022-12-03 06:22:27', '2022-12-03 06:22:36'),
(3222, 45, 8, 41, '48', NULL, NULL, '2022-12-03 06:22:27', '2022-12-03 06:22:36'),
(3223, 45, 8, 42, '48', NULL, NULL, '2022-12-03 06:22:27', '2022-12-03 06:22:36'),
(3224, 45, 9, 43, '48', NULL, NULL, '2022-12-03 06:22:27', '2022-12-03 06:22:36'),
(3225, 45, 9, 44, '48', NULL, NULL, '2022-12-03 06:22:27', '2022-12-03 06:22:36'),
(3226, 45, 9, 45, '48', NULL, NULL, '2022-12-03 06:22:27', '2022-12-03 06:22:36'),
(3227, 45, 9, 46, '48', NULL, NULL, '2022-12-03 06:22:27', '2022-12-03 06:22:36'),
(3228, 45, 9, 47, '48', NULL, NULL, '2022-12-03 06:22:27', '2022-12-03 06:22:36'),
(3229, 45, 10, 48, '48', NULL, NULL, '2022-12-03 06:22:27', '2022-12-03 06:22:36'),
(3230, 45, 10, 49, '48', NULL, NULL, '2022-12-03 06:22:27', '2022-12-03 06:22:36'),
(3231, 45, 11, 50, '48', NULL, NULL, '2022-12-03 06:22:27', '2022-12-03 06:22:36'),
(3232, 45, 11, 51, '48', NULL, NULL, '2022-12-03 06:22:27', '2022-12-03 06:22:36'),
(3233, 45, 11, 52, '48', NULL, NULL, '2022-12-03 06:22:27', '2022-12-03 06:22:36'),
(3234, 45, 11, 53, '48', NULL, NULL, '2022-12-03 06:22:27', '2022-12-03 06:22:36'),
(3235, 45, 11, 54, '48', NULL, NULL, '2022-12-03 06:22:27', '2022-12-03 06:22:36'),
(3236, 45, 11, 55, '48', NULL, NULL, '2022-12-03 06:22:27', '2022-12-03 06:22:36'),
(3237, 45, 12, 56, '48', NULL, NULL, '2022-12-03 06:22:27', '2022-12-03 06:22:36'),
(3238, 45, 12, 57, '48', NULL, NULL, '2022-12-03 06:22:27', '2022-12-03 06:22:36'),
(3239, 45, 12, 58, '48', NULL, NULL, '2022-12-03 06:22:27', '2022-12-03 06:22:36'),
(3240, 45, 12, 59, '48', NULL, NULL, '2022-12-03 06:22:27', '2022-12-03 06:22:36'),
(3241, 45, 12, 60, '48', NULL, NULL, '2022-12-03 06:22:27', '2022-12-03 06:22:36'),
(3242, 45, 12, 61, '48', NULL, NULL, '2022-12-03 06:22:27', '2022-12-03 06:22:36'),
(3243, 45, 13, 62, '48', NULL, NULL, '2022-12-03 06:22:27', '2022-12-03 06:22:36'),
(3244, 45, 13, 63, '48', NULL, NULL, '2022-12-03 06:22:27', '2022-12-03 06:22:36'),
(3245, 45, 13, 64, '48', NULL, NULL, '2022-12-03 06:22:27', '2022-12-03 06:22:36'),
(3246, 45, 13, 65, '48', NULL, NULL, '2022-12-03 06:22:27', '2022-12-03 06:22:36'),
(3247, 45, 13, 66, '48', NULL, NULL, '2022-12-03 06:22:27', '2022-12-03 06:22:36'),
(3248, 45, 14, 67, '48', NULL, NULL, '2022-12-03 06:22:27', '2022-12-03 06:22:36'),
(3249, 45, 14, 68, '48', NULL, NULL, '2022-12-03 06:22:27', '2022-12-03 06:22:36'),
(3250, 45, 14, 69, '48', NULL, NULL, '2022-12-03 06:22:27', '2022-12-03 06:22:36'),
(3251, 45, 14, 70, '48', NULL, NULL, '2022-12-03 06:22:27', '2022-12-03 06:22:36'),
(3252, 45, 15, 71, '48', NULL, NULL, '2022-12-03 06:22:27', '2022-12-03 06:22:36'),
(3253, 45, 15, 72, '48', NULL, NULL, '2022-12-03 06:22:27', '2022-12-03 06:22:36'),
(3254, 45, 16, 73, '48', NULL, NULL, '2022-12-03 06:22:27', '2022-12-03 06:22:36'),
(3255, 45, 16, 74, '48', NULL, NULL, '2022-12-03 06:22:27', '2022-12-03 06:22:36'),
(3256, 45, 16, 75, '48', NULL, NULL, '2022-12-03 06:22:27', '2022-12-03 06:22:36'),
(3257, 45, 16, 76, '48', NULL, NULL, '2022-12-03 06:22:27', '2022-12-03 06:22:36'),
(3258, 45, 17, 77, '48', NULL, NULL, '2022-12-03 06:22:27', '2022-12-03 06:22:36'),
(3259, 45, 17, 78, '48', NULL, NULL, '2022-12-03 06:22:27', '2022-12-03 06:22:36'),
(3260, 45, 17, 79, '48', NULL, NULL, '2022-12-03 06:22:27', '2022-12-03 06:22:36'),
(3261, 46, 1, 1, '48', NULL, NULL, '2022-12-03 06:29:38', '2022-12-03 06:29:49'),
(3262, 46, 1, 2, '48', NULL, NULL, '2022-12-03 06:29:38', '2022-12-03 06:29:49'),
(3263, 46, 1, 3, '48', NULL, NULL, '2022-12-03 06:29:38', '2022-12-03 06:29:49'),
(3264, 46, 2, 4, '48', NULL, NULL, '2022-12-03 06:29:38', '2022-12-03 06:29:49'),
(3265, 46, 2, 5, '48', NULL, NULL, '2022-12-03 06:29:38', '2022-12-03 06:29:49'),
(3266, 46, 3, 6, '48', NULL, NULL, '2022-12-03 06:29:38', '2022-12-03 06:29:49'),
(3267, 46, 3, 7, '48', NULL, NULL, '2022-12-03 06:29:38', '2022-12-03 06:29:49'),
(3268, 46, 3, 8, '48', NULL, NULL, '2022-12-03 06:29:38', '2022-12-03 06:29:49'),
(3269, 46, 3, 9, '48', NULL, NULL, '2022-12-03 06:29:38', '2022-12-03 06:29:49'),
(3270, 46, 3, 10, '48', NULL, NULL, '2022-12-03 06:29:38', '2022-12-03 06:29:49'),
(3271, 46, 3, 11, '48', NULL, NULL, '2022-12-03 06:29:38', '2022-12-03 06:29:49'),
(3272, 46, 3, 12, '48', NULL, NULL, '2022-12-03 06:29:38', '2022-12-03 06:29:49'),
(3273, 46, 3, 13, '48', NULL, NULL, '2022-12-03 06:29:38', '2022-12-03 06:29:49'),
(3274, 46, 3, 14, '48', NULL, NULL, '2022-12-03 06:29:38', '2022-12-03 06:29:49'),
(3275, 46, 4, 15, '48', NULL, NULL, '2022-12-03 06:29:38', '2022-12-03 06:29:49'),
(3276, 46, 4, 16, '48', NULL, NULL, '2022-12-03 06:29:38', '2022-12-03 06:29:49'),
(3277, 46, 5, 17, '48', NULL, NULL, '2022-12-03 06:29:38', '2022-12-03 06:29:49'),
(3278, 46, 5, 18, '48', NULL, NULL, '2022-12-03 06:29:38', '2022-12-03 06:29:49'),
(3279, 46, 5, 19, '48', NULL, NULL, '2022-12-03 06:29:38', '2022-12-03 06:29:49'),
(3280, 46, 5, 20, '48', NULL, NULL, '2022-12-03 06:29:38', '2022-12-03 06:29:49'),
(3281, 46, 5, 21, '48', NULL, NULL, '2022-12-03 06:29:38', '2022-12-03 06:29:49'),
(3282, 46, 5, 22, '48', NULL, NULL, '2022-12-03 06:29:38', '2022-12-03 06:29:49'),
(3283, 46, 5, 23, '48', NULL, NULL, '2022-12-03 06:29:38', '2022-12-03 06:29:49'),
(3284, 46, 6, 24, '48', NULL, NULL, '2022-12-03 06:29:38', '2022-12-03 06:29:49'),
(3285, 46, 6, 25, '48', NULL, NULL, '2022-12-03 06:29:38', '2022-12-03 06:29:49'),
(3286, 46, 7, 26, '48', NULL, NULL, '2022-12-03 06:29:38', '2022-12-03 06:29:49'),
(3287, 46, 7, 27, '48', NULL, NULL, '2022-12-03 06:29:38', '2022-12-03 06:29:49'),
(3288, 46, 7, 28, '48', NULL, NULL, '2022-12-03 06:29:38', '2022-12-03 06:29:49'),
(3289, 46, 7, 29, '48', NULL, NULL, '2022-12-03 06:29:38', '2022-12-03 06:29:49'),
(3290, 46, 7, 30, '48', NULL, NULL, '2022-12-03 06:29:38', '2022-12-03 06:29:49'),
(3291, 46, 7, 31, '48', NULL, NULL, '2022-12-03 06:29:38', '2022-12-03 06:29:49'),
(3292, 46, 7, 32, '48', NULL, NULL, '2022-12-03 06:29:38', '2022-12-03 06:29:49'),
(3293, 46, 7, 33, '48', NULL, NULL, '2022-12-03 06:29:38', '2022-12-03 06:29:49'),
(3294, 46, 7, 34, '48', NULL, NULL, '2022-12-03 06:29:38', '2022-12-03 06:29:49'),
(3295, 46, 7, 35, '48', NULL, NULL, '2022-12-03 06:29:38', '2022-12-03 06:29:49'),
(3296, 46, 7, 36, '48', NULL, NULL, '2022-12-03 06:29:38', '2022-12-03 06:29:49'),
(3297, 46, 7, 37, '48', NULL, NULL, '2022-12-03 06:29:38', '2022-12-03 06:29:49'),
(3298, 46, 8, 38, '48', NULL, NULL, '2022-12-03 06:29:38', '2022-12-03 06:29:49'),
(3299, 46, 8, 39, '48', NULL, NULL, '2022-12-03 06:29:38', '2022-12-03 06:29:49'),
(3300, 46, 8, 40, '48', NULL, NULL, '2022-12-03 06:29:38', '2022-12-03 06:29:49'),
(3301, 46, 8, 41, '48', NULL, NULL, '2022-12-03 06:29:38', '2022-12-03 06:29:49'),
(3302, 46, 8, 42, '48', NULL, NULL, '2022-12-03 06:29:38', '2022-12-03 06:29:49'),
(3303, 46, 9, 43, '48', NULL, NULL, '2022-12-03 06:29:38', '2022-12-03 06:29:49'),
(3304, 46, 9, 44, '48', NULL, NULL, '2022-12-03 06:29:38', '2022-12-03 06:29:49'),
(3305, 46, 9, 45, '48', NULL, NULL, '2022-12-03 06:29:38', '2022-12-03 06:29:49'),
(3306, 46, 9, 46, '48', NULL, NULL, '2022-12-03 06:29:38', '2022-12-03 06:29:49'),
(3307, 46, 9, 47, '48', NULL, NULL, '2022-12-03 06:29:38', '2022-12-03 06:29:49'),
(3308, 46, 10, 48, '48', NULL, NULL, '2022-12-03 06:29:38', '2022-12-03 06:29:49'),
(3309, 46, 10, 49, '48', NULL, NULL, '2022-12-03 06:29:38', '2022-12-03 06:29:49'),
(3310, 46, 11, 50, '48', NULL, NULL, '2022-12-03 06:29:38', '2022-12-03 06:29:49'),
(3311, 46, 11, 51, '48', NULL, NULL, '2022-12-03 06:29:38', '2022-12-03 06:29:49'),
(3312, 46, 11, 52, '48', NULL, NULL, '2022-12-03 06:29:38', '2022-12-03 06:29:49'),
(3313, 46, 11, 53, '48', NULL, NULL, '2022-12-03 06:29:38', '2022-12-03 06:29:49'),
(3314, 46, 11, 54, '48', NULL, NULL, '2022-12-03 06:29:38', '2022-12-03 06:29:49'),
(3315, 46, 11, 55, '48', NULL, NULL, '2022-12-03 06:29:38', '2022-12-03 06:29:49'),
(3316, 46, 12, 56, '48', NULL, NULL, '2022-12-03 06:29:38', '2022-12-03 06:29:49'),
(3317, 46, 12, 57, '48', NULL, NULL, '2022-12-03 06:29:38', '2022-12-03 06:29:49'),
(3318, 46, 12, 58, '48', NULL, NULL, '2022-12-03 06:29:38', '2022-12-03 06:29:49'),
(3319, 46, 12, 59, '48', NULL, NULL, '2022-12-03 06:29:38', '2022-12-03 06:29:49'),
(3320, 46, 12, 60, '48', NULL, NULL, '2022-12-03 06:29:38', '2022-12-03 06:29:49'),
(3321, 46, 12, 61, '48', NULL, NULL, '2022-12-03 06:29:38', '2022-12-03 06:29:49'),
(3322, 46, 13, 62, '48', NULL, NULL, '2022-12-03 06:29:38', '2022-12-03 06:29:49'),
(3323, 46, 13, 63, '48', NULL, NULL, '2022-12-03 06:29:38', '2022-12-03 06:29:49'),
(3324, 46, 13, 64, '48', NULL, NULL, '2022-12-03 06:29:38', '2022-12-03 06:29:49'),
(3325, 46, 13, 65, '48', NULL, NULL, '2022-12-03 06:29:38', '2022-12-03 06:29:49'),
(3326, 46, 13, 66, '48', NULL, NULL, '2022-12-03 06:29:38', '2022-12-03 06:29:49'),
(3327, 46, 14, 67, '48', NULL, NULL, '2022-12-03 06:29:38', '2022-12-03 06:29:49'),
(3328, 46, 14, 68, '48', NULL, NULL, '2022-12-03 06:29:38', '2022-12-03 06:29:49'),
(3329, 46, 14, 69, '48', NULL, NULL, '2022-12-03 06:29:38', '2022-12-03 06:29:49');
INSERT INTO `up_analyses_details` (`id`, `analyses_id`, `category_id`, `product_id`, `target_monthly_sales`, `type_of_analysis`, `action`, `created_at`, `updated_at`) VALUES
(3330, 46, 14, 70, '48', NULL, NULL, '2022-12-03 06:29:38', '2022-12-03 06:29:49'),
(3331, 46, 15, 71, '48', NULL, NULL, '2022-12-03 06:29:38', '2022-12-03 06:29:49'),
(3332, 46, 15, 72, '48', NULL, NULL, '2022-12-03 06:29:38', '2022-12-03 06:29:49'),
(3333, 46, 16, 73, '48', NULL, NULL, '2022-12-03 06:29:38', '2022-12-03 06:29:49'),
(3334, 46, 16, 74, '48', NULL, NULL, '2022-12-03 06:29:38', '2022-12-03 06:29:49'),
(3335, 46, 16, 75, '48', NULL, NULL, '2022-12-03 06:29:38', '2022-12-03 06:29:49'),
(3336, 46, 16, 76, '48', NULL, NULL, '2022-12-03 06:29:38', '2022-12-03 06:29:49'),
(3337, 46, 17, 77, '48', NULL, NULL, '2022-12-03 06:29:38', '2022-12-03 06:29:49'),
(3338, 46, 17, 78, '48', NULL, NULL, '2022-12-03 06:29:38', '2022-12-03 06:29:49'),
(3339, 46, 17, 79, '48', NULL, NULL, '2022-12-03 06:29:38', '2022-12-03 06:29:49'),
(3340, 47, 1, 1, '48', NULL, NULL, '2022-12-03 06:40:42', NULL),
(3341, 47, 1, 2, '48', NULL, NULL, '2022-12-03 06:40:42', NULL),
(3342, 47, 1, 3, '48', NULL, NULL, '2022-12-03 06:40:42', NULL),
(3343, 47, 2, 4, '48', NULL, NULL, '2022-12-03 06:40:42', NULL),
(3344, 47, 2, 5, '48', NULL, NULL, '2022-12-03 06:40:42', NULL),
(3345, 47, 3, 6, '48', NULL, NULL, '2022-12-03 06:40:42', NULL),
(3346, 47, 3, 7, '48', NULL, NULL, '2022-12-03 06:40:42', NULL),
(3347, 47, 3, 8, '48', NULL, NULL, '2022-12-03 06:40:42', NULL),
(3348, 47, 3, 9, '48', NULL, NULL, '2022-12-03 06:40:42', NULL),
(3349, 47, 3, 10, '48', NULL, NULL, '2022-12-03 06:40:42', NULL),
(3350, 47, 3, 11, '48', NULL, NULL, '2022-12-03 06:40:42', NULL),
(3351, 47, 3, 12, '48', NULL, NULL, '2022-12-03 06:40:42', NULL),
(3352, 47, 3, 13, '48', NULL, NULL, '2022-12-03 06:40:42', NULL),
(3353, 47, 3, 14, '48', NULL, NULL, '2022-12-03 06:40:42', NULL),
(3354, 47, 4, 15, '48', NULL, NULL, '2022-12-03 06:40:42', NULL),
(3355, 47, 4, 16, '48', NULL, NULL, '2022-12-03 06:40:42', NULL),
(3356, 47, 5, 17, '48', NULL, NULL, '2022-12-03 06:40:42', NULL),
(3357, 47, 5, 18, '48', NULL, NULL, '2022-12-03 06:40:42', NULL),
(3358, 47, 5, 19, '48', NULL, NULL, '2022-12-03 06:40:42', NULL),
(3359, 47, 5, 20, '48', NULL, NULL, '2022-12-03 06:40:42', NULL),
(3360, 47, 5, 21, '48', NULL, NULL, '2022-12-03 06:40:42', NULL),
(3361, 47, 5, 22, '48', NULL, NULL, '2022-12-03 06:40:42', NULL),
(3362, 47, 5, 23, '48', NULL, NULL, '2022-12-03 06:40:42', NULL),
(3363, 47, 6, 24, '48', NULL, NULL, '2022-12-03 06:40:42', NULL),
(3364, 47, 6, 25, '48', NULL, NULL, '2022-12-03 06:40:42', NULL),
(3365, 47, 7, 26, '48', NULL, NULL, '2022-12-03 06:40:42', NULL),
(3366, 47, 7, 27, '48', NULL, NULL, '2022-12-03 06:40:42', NULL),
(3367, 47, 7, 28, '48', NULL, NULL, '2022-12-03 06:40:42', NULL),
(3368, 47, 7, 29, '48', NULL, NULL, '2022-12-03 06:40:42', NULL),
(3369, 47, 7, 30, '48', NULL, NULL, '2022-12-03 06:40:42', NULL),
(3370, 47, 7, 31, '48', NULL, NULL, '2022-12-03 06:40:42', NULL),
(3371, 47, 7, 32, '48', NULL, NULL, '2022-12-03 06:40:42', NULL),
(3372, 47, 7, 33, '48', NULL, NULL, '2022-12-03 06:40:42', NULL),
(3373, 47, 7, 34, '48', NULL, NULL, '2022-12-03 06:40:42', NULL),
(3374, 47, 7, 35, '48', NULL, NULL, '2022-12-03 06:40:42', NULL),
(3375, 47, 7, 36, '48', NULL, NULL, '2022-12-03 06:40:42', NULL),
(3376, 47, 7, 37, '48', NULL, NULL, '2022-12-03 06:40:42', NULL),
(3377, 47, 8, 38, '48', NULL, NULL, '2022-12-03 06:40:42', NULL),
(3378, 47, 8, 39, '48', NULL, NULL, '2022-12-03 06:40:42', NULL),
(3379, 47, 8, 40, '48', NULL, NULL, '2022-12-03 06:40:42', NULL),
(3380, 47, 8, 41, '48', NULL, NULL, '2022-12-03 06:40:42', NULL),
(3381, 47, 8, 42, '48', NULL, NULL, '2022-12-03 06:40:42', NULL),
(3382, 47, 9, 43, '48', NULL, NULL, '2022-12-03 06:40:42', NULL),
(3383, 47, 9, 44, '48', NULL, NULL, '2022-12-03 06:40:42', NULL),
(3384, 47, 9, 45, '48', NULL, NULL, '2022-12-03 06:40:42', NULL),
(3385, 47, 9, 46, '48', NULL, NULL, '2022-12-03 06:40:42', NULL),
(3386, 47, 9, 47, '48', NULL, NULL, '2022-12-03 06:40:42', NULL),
(3387, 47, 10, 48, '48', NULL, NULL, '2022-12-03 06:40:42', NULL),
(3388, 47, 10, 49, '48', NULL, NULL, '2022-12-03 06:40:42', NULL),
(3389, 47, 11, 50, '48', NULL, NULL, '2022-12-03 06:40:42', NULL),
(3390, 47, 11, 51, '48', NULL, NULL, '2022-12-03 06:40:42', NULL),
(3391, 47, 11, 52, '48', NULL, NULL, '2022-12-03 06:40:42', NULL),
(3392, 47, 11, 53, '48', NULL, NULL, '2022-12-03 06:40:42', NULL),
(3393, 47, 11, 54, '48', NULL, NULL, '2022-12-03 06:40:42', NULL),
(3394, 47, 11, 55, '48', NULL, NULL, '2022-12-03 06:40:42', NULL),
(3395, 47, 12, 56, '48', NULL, NULL, '2022-12-03 06:40:42', NULL),
(3396, 47, 12, 57, '48', NULL, NULL, '2022-12-03 06:40:42', NULL),
(3397, 47, 12, 58, '48', NULL, NULL, '2022-12-03 06:40:42', NULL),
(3398, 47, 12, 59, '48', NULL, NULL, '2022-12-03 06:40:42', NULL),
(3399, 47, 12, 60, '48', NULL, NULL, '2022-12-03 06:40:42', NULL),
(3400, 47, 12, 61, '48', NULL, NULL, '2022-12-03 06:40:42', NULL),
(3401, 47, 13, 62, '48', NULL, NULL, '2022-12-03 06:40:42', NULL),
(3402, 47, 13, 63, '48', NULL, NULL, '2022-12-03 06:40:42', NULL),
(3403, 47, 13, 64, '48', NULL, NULL, '2022-12-03 06:40:42', NULL),
(3404, 47, 13, 65, '48', NULL, NULL, '2022-12-03 06:40:42', NULL),
(3405, 47, 13, 66, '48', NULL, NULL, '2022-12-03 06:40:42', NULL),
(3406, 47, 14, 67, '48', NULL, NULL, '2022-12-03 06:40:42', NULL),
(3407, 47, 14, 68, '48', NULL, NULL, '2022-12-03 06:40:42', NULL),
(3408, 47, 14, 69, '48', NULL, NULL, '2022-12-03 06:40:42', NULL),
(3409, 47, 14, 70, '48', NULL, NULL, '2022-12-03 06:40:42', NULL),
(3410, 47, 15, 71, '48', NULL, NULL, '2022-12-03 06:40:42', NULL),
(3411, 47, 15, 72, '48', NULL, NULL, '2022-12-03 06:40:42', NULL),
(3412, 47, 16, 73, '48', NULL, NULL, '2022-12-03 06:40:42', NULL),
(3413, 47, 16, 74, '48', NULL, NULL, '2022-12-03 06:40:42', NULL),
(3414, 47, 16, 75, '48', NULL, NULL, '2022-12-03 06:40:42', NULL),
(3415, 47, 16, 76, '48', NULL, NULL, '2022-12-03 06:40:42', NULL),
(3416, 47, 17, 77, '48', NULL, NULL, '2022-12-03 06:40:42', NULL),
(3417, 47, 17, 78, '48', NULL, NULL, '2022-12-03 06:40:42', NULL),
(3418, 47, 17, 79, '48', NULL, NULL, '2022-12-03 06:40:42', NULL),
(3419, 48, 1, 1, '48', NULL, NULL, '2022-12-03 06:58:17', '2022-12-03 06:59:11'),
(3420, 48, 1, 2, '48', NULL, NULL, '2022-12-03 06:58:17', '2022-12-03 06:59:11'),
(3421, 48, 1, 3, '48', NULL, NULL, '2022-12-03 06:58:17', '2022-12-03 06:59:11'),
(3422, 48, 2, 4, '48', NULL, NULL, '2022-12-03 06:58:17', '2022-12-03 06:59:11'),
(3423, 48, 2, 5, '48', NULL, NULL, '2022-12-03 06:58:17', '2022-12-03 06:59:11'),
(3424, 48, 3, 6, '48', NULL, NULL, '2022-12-03 06:58:17', '2022-12-03 06:59:11'),
(3425, 48, 3, 7, '48', NULL, NULL, '2022-12-03 06:58:17', '2022-12-03 06:59:11'),
(3426, 48, 3, 8, '48', NULL, NULL, '2022-12-03 06:58:17', '2022-12-03 06:59:11'),
(3427, 48, 3, 9, '48', NULL, NULL, '2022-12-03 06:58:17', '2022-12-03 06:59:11'),
(3428, 48, 3, 10, '48', NULL, NULL, '2022-12-03 06:58:17', '2022-12-03 06:59:11'),
(3429, 48, 3, 11, '48', NULL, NULL, '2022-12-03 06:58:17', '2022-12-03 06:59:11'),
(3430, 48, 3, 12, '48', NULL, NULL, '2022-12-03 06:58:17', '2022-12-03 06:59:11'),
(3431, 48, 3, 13, '48', NULL, NULL, '2022-12-03 06:58:17', '2022-12-03 06:59:11'),
(3432, 48, 3, 14, '48', NULL, NULL, '2022-12-03 06:58:17', '2022-12-03 06:59:11'),
(3433, 48, 4, 15, '48', NULL, NULL, '2022-12-03 06:58:17', '2022-12-03 06:59:11'),
(3434, 48, 4, 16, '48', NULL, NULL, '2022-12-03 06:58:17', '2022-12-03 06:59:11'),
(3435, 48, 5, 17, '48', NULL, NULL, '2022-12-03 06:58:17', '2022-12-03 06:59:11'),
(3436, 48, 5, 18, '48', NULL, NULL, '2022-12-03 06:58:17', '2022-12-03 06:59:11'),
(3437, 48, 5, 19, '48', NULL, NULL, '2022-12-03 06:58:17', '2022-12-03 06:59:11'),
(3438, 48, 5, 20, '48', NULL, NULL, '2022-12-03 06:58:17', '2022-12-03 06:59:11'),
(3439, 48, 5, 21, '48', NULL, NULL, '2022-12-03 06:58:17', '2022-12-03 06:59:11'),
(3440, 48, 5, 22, '48', NULL, NULL, '2022-12-03 06:58:17', '2022-12-03 06:59:11'),
(3441, 48, 5, 23, '48', NULL, NULL, '2022-12-03 06:58:17', '2022-12-03 06:59:11'),
(3442, 48, 6, 24, '48', NULL, NULL, '2022-12-03 06:58:17', '2022-12-03 06:59:11'),
(3443, 48, 6, 25, '48', NULL, NULL, '2022-12-03 06:58:17', '2022-12-03 06:59:11'),
(3444, 48, 7, 26, '48', NULL, NULL, '2022-12-03 06:58:17', '2022-12-03 06:59:11'),
(3445, 48, 7, 27, '48', NULL, NULL, '2022-12-03 06:58:17', '2022-12-03 06:59:11'),
(3446, 48, 7, 28, '48', NULL, NULL, '2022-12-03 06:58:17', '2022-12-03 06:59:11'),
(3447, 48, 7, 29, '48', NULL, NULL, '2022-12-03 06:58:17', '2022-12-03 06:59:11'),
(3448, 48, 7, 30, '48', NULL, NULL, '2022-12-03 06:58:17', '2022-12-03 06:59:11'),
(3449, 48, 7, 31, '48', NULL, NULL, '2022-12-03 06:58:17', '2022-12-03 06:59:11'),
(3450, 48, 7, 32, '48', NULL, NULL, '2022-12-03 06:58:17', '2022-12-03 06:59:11'),
(3451, 48, 7, 33, '48', NULL, NULL, '2022-12-03 06:58:17', '2022-12-03 06:59:11'),
(3452, 48, 7, 34, '48', NULL, NULL, '2022-12-03 06:58:17', '2022-12-03 06:59:11'),
(3453, 48, 7, 35, '48', NULL, NULL, '2022-12-03 06:58:17', '2022-12-03 06:59:11'),
(3454, 48, 7, 36, '48', NULL, NULL, '2022-12-03 06:58:17', '2022-12-03 06:59:11'),
(3455, 48, 7, 37, '48', NULL, NULL, '2022-12-03 06:58:17', '2022-12-03 06:59:11'),
(3456, 48, 8, 38, '48', NULL, NULL, '2022-12-03 06:58:17', '2022-12-03 06:59:11'),
(3457, 48, 8, 39, '48', NULL, NULL, '2022-12-03 06:58:17', '2022-12-03 06:59:11'),
(3458, 48, 8, 40, '48', NULL, NULL, '2022-12-03 06:58:17', '2022-12-03 06:59:11'),
(3459, 48, 8, 41, '48', NULL, NULL, '2022-12-03 06:58:17', '2022-12-03 06:59:11'),
(3460, 48, 8, 42, '48', NULL, NULL, '2022-12-03 06:58:17', '2022-12-03 06:59:11'),
(3461, 48, 9, 43, '48', NULL, NULL, '2022-12-03 06:58:17', '2022-12-03 06:59:11'),
(3462, 48, 9, 44, '48', NULL, NULL, '2022-12-03 06:58:17', '2022-12-03 06:59:11'),
(3463, 48, 9, 45, '48', NULL, NULL, '2022-12-03 06:58:17', '2022-12-03 06:59:11'),
(3464, 48, 9, 46, '48', NULL, NULL, '2022-12-03 06:58:17', '2022-12-03 06:59:11'),
(3465, 48, 9, 47, '48', NULL, NULL, '2022-12-03 06:58:17', '2022-12-03 06:59:11'),
(3466, 48, 10, 48, '48', NULL, NULL, '2022-12-03 06:58:17', '2022-12-03 06:59:11'),
(3467, 48, 10, 49, '48', NULL, NULL, '2022-12-03 06:58:17', '2022-12-03 06:59:11'),
(3468, 48, 11, 50, '48', NULL, NULL, '2022-12-03 06:58:17', '2022-12-03 06:59:11'),
(3469, 48, 11, 51, '48', NULL, NULL, '2022-12-03 06:58:17', '2022-12-03 06:59:11'),
(3470, 48, 11, 52, '48', NULL, NULL, '2022-12-03 06:58:17', '2022-12-03 06:59:11'),
(3471, 48, 11, 53, '48', NULL, NULL, '2022-12-03 06:58:17', '2022-12-03 06:59:11'),
(3472, 48, 11, 54, '48', NULL, NULL, '2022-12-03 06:58:17', '2022-12-03 06:59:11'),
(3473, 48, 11, 55, '48', NULL, NULL, '2022-12-03 06:58:17', '2022-12-03 06:59:11'),
(3474, 48, 12, 56, '48', NULL, NULL, '2022-12-03 06:58:17', '2022-12-03 06:59:11'),
(3475, 48, 12, 57, '48', NULL, NULL, '2022-12-03 06:58:17', '2022-12-03 06:59:11'),
(3476, 48, 12, 58, '48', NULL, NULL, '2022-12-03 06:58:17', '2022-12-03 06:59:11'),
(3477, 48, 12, 59, '48', NULL, NULL, '2022-12-03 06:58:17', '2022-12-03 06:59:11'),
(3478, 48, 12, 60, '48', NULL, NULL, '2022-12-03 06:58:17', '2022-12-03 06:59:11'),
(3479, 48, 12, 61, '48', NULL, NULL, '2022-12-03 06:58:17', '2022-12-03 06:59:11'),
(3480, 48, 13, 62, '48', NULL, NULL, '2022-12-03 06:58:17', '2022-12-03 06:59:11'),
(3481, 48, 13, 63, '48', NULL, NULL, '2022-12-03 06:58:17', '2022-12-03 06:59:11'),
(3482, 48, 13, 64, '48', NULL, NULL, '2022-12-03 06:58:17', '2022-12-03 06:59:11'),
(3483, 48, 13, 65, '48', NULL, NULL, '2022-12-03 06:58:17', '2022-12-03 06:59:11'),
(3484, 48, 13, 66, '48', NULL, NULL, '2022-12-03 06:58:17', '2022-12-03 06:59:11'),
(3485, 48, 14, 67, '48', NULL, NULL, '2022-12-03 06:58:17', '2022-12-03 06:59:11'),
(3486, 48, 14, 68, '48', NULL, NULL, '2022-12-03 06:58:17', '2022-12-03 06:59:11'),
(3487, 48, 14, 69, '48', NULL, NULL, '2022-12-03 06:58:17', '2022-12-03 06:59:11'),
(3488, 48, 14, 70, '48', NULL, NULL, '2022-12-03 06:58:17', '2022-12-03 06:59:11'),
(3489, 48, 15, 71, '48', NULL, NULL, '2022-12-03 06:58:17', '2022-12-03 06:59:11'),
(3490, 48, 15, 72, '48', NULL, NULL, '2022-12-03 06:58:17', '2022-12-03 06:59:11'),
(3491, 48, 16, 73, '48', NULL, NULL, '2022-12-03 06:58:17', '2022-12-03 06:59:11'),
(3492, 48, 16, 74, '48', NULL, NULL, '2022-12-03 06:58:17', '2022-12-03 06:59:11'),
(3493, 48, 16, 75, '48', NULL, NULL, '2022-12-03 06:58:17', '2022-12-03 06:59:11'),
(3494, 48, 16, 76, '48', NULL, NULL, '2022-12-03 06:58:17', '2022-12-03 06:59:11'),
(3495, 48, 17, 77, '48', NULL, NULL, '2022-12-03 06:58:17', '2022-12-03 06:59:11'),
(3496, 48, 17, 78, '48', NULL, NULL, '2022-12-03 06:58:17', '2022-12-03 06:59:11'),
(3497, 48, 17, 79, '48', NULL, NULL, '2022-12-03 06:58:17', '2022-12-03 06:59:11'),
(3498, 49, 1, 1, '48', NULL, NULL, '2022-12-03 07:09:20', '2022-12-03 07:12:03'),
(3499, 49, 1, 2, '48', NULL, NULL, '2022-12-03 07:09:20', '2022-12-03 07:12:03'),
(3500, 49, 1, 3, '48', NULL, NULL, '2022-12-03 07:09:20', '2022-12-03 07:12:03'),
(3501, 49, 2, 4, '48', NULL, NULL, '2022-12-03 07:09:20', '2022-12-03 07:12:03'),
(3502, 49, 2, 5, '48', NULL, NULL, '2022-12-03 07:09:20', '2022-12-03 07:12:03'),
(3503, 49, 3, 6, '48', NULL, NULL, '2022-12-03 07:09:20', '2022-12-03 07:12:03'),
(3504, 49, 3, 7, '48', NULL, NULL, '2022-12-03 07:09:20', '2022-12-03 07:12:03'),
(3505, 49, 3, 8, '48', NULL, NULL, '2022-12-03 07:09:20', '2022-12-03 07:12:03'),
(3506, 49, 3, 9, '48', NULL, NULL, '2022-12-03 07:09:20', '2022-12-03 07:12:03'),
(3507, 49, 3, 10, '48', NULL, NULL, '2022-12-03 07:09:20', '2022-12-03 07:12:03'),
(3508, 49, 3, 11, '48', NULL, NULL, '2022-12-03 07:09:20', '2022-12-03 07:12:03'),
(3509, 49, 3, 12, '48', NULL, NULL, '2022-12-03 07:09:20', '2022-12-03 07:12:03'),
(3510, 49, 3, 13, '48', NULL, NULL, '2022-12-03 07:09:20', '2022-12-03 07:12:03'),
(3511, 49, 3, 14, '48', NULL, NULL, '2022-12-03 07:09:20', '2022-12-03 07:12:03'),
(3512, 49, 4, 15, '48', NULL, NULL, '2022-12-03 07:09:20', '2022-12-03 07:12:03'),
(3513, 49, 4, 16, '48', NULL, NULL, '2022-12-03 07:09:20', '2022-12-03 07:12:03'),
(3514, 49, 5, 17, '48', NULL, NULL, '2022-12-03 07:09:20', '2022-12-03 07:12:03'),
(3515, 49, 5, 18, '48', NULL, NULL, '2022-12-03 07:09:20', '2022-12-03 07:12:03'),
(3516, 49, 5, 19, '48', NULL, NULL, '2022-12-03 07:09:20', '2022-12-03 07:12:03'),
(3517, 49, 5, 20, '48', NULL, NULL, '2022-12-03 07:09:20', '2022-12-03 07:12:03'),
(3518, 49, 5, 21, '48', NULL, NULL, '2022-12-03 07:09:20', '2022-12-03 07:12:03'),
(3519, 49, 5, 22, '48', NULL, NULL, '2022-12-03 07:09:20', '2022-12-03 07:12:03'),
(3520, 49, 5, 23, '48', NULL, NULL, '2022-12-03 07:09:20', '2022-12-03 07:12:03'),
(3521, 49, 6, 24, '48', NULL, NULL, '2022-12-03 07:09:20', '2022-12-03 07:12:03'),
(3522, 49, 6, 25, '48', NULL, NULL, '2022-12-03 07:09:20', '2022-12-03 07:12:03'),
(3523, 49, 7, 26, '48', NULL, NULL, '2022-12-03 07:09:20', '2022-12-03 07:12:03'),
(3524, 49, 7, 27, '48', NULL, NULL, '2022-12-03 07:09:20', '2022-12-03 07:12:03'),
(3525, 49, 7, 28, '48', NULL, NULL, '2022-12-03 07:09:20', '2022-12-03 07:12:03'),
(3526, 49, 7, 29, '48', NULL, NULL, '2022-12-03 07:09:20', '2022-12-03 07:12:03'),
(3527, 49, 7, 30, '48', NULL, NULL, '2022-12-03 07:09:20', '2022-12-03 07:12:03'),
(3528, 49, 7, 31, '48', NULL, NULL, '2022-12-03 07:09:20', '2022-12-03 07:12:03'),
(3529, 49, 7, 32, '48', NULL, NULL, '2022-12-03 07:09:20', '2022-12-03 07:12:03'),
(3530, 49, 7, 33, '48', NULL, NULL, '2022-12-03 07:09:20', '2022-12-03 07:12:03'),
(3531, 49, 7, 34, '48', NULL, NULL, '2022-12-03 07:09:20', '2022-12-03 07:12:03'),
(3532, 49, 7, 35, '48', NULL, NULL, '2022-12-03 07:09:20', '2022-12-03 07:12:03'),
(3533, 49, 7, 36, '48', NULL, NULL, '2022-12-03 07:09:20', '2022-12-03 07:12:03'),
(3534, 49, 7, 37, '48', NULL, NULL, '2022-12-03 07:09:20', '2022-12-03 07:12:03'),
(3535, 49, 8, 38, '48', NULL, NULL, '2022-12-03 07:09:20', '2022-12-03 07:12:03'),
(3536, 49, 8, 39, '48', NULL, NULL, '2022-12-03 07:09:20', '2022-12-03 07:12:03'),
(3537, 49, 8, 40, '48', NULL, NULL, '2022-12-03 07:09:20', '2022-12-03 07:12:03'),
(3538, 49, 8, 41, '48', NULL, NULL, '2022-12-03 07:09:20', '2022-12-03 07:12:03'),
(3539, 49, 8, 42, '48', NULL, NULL, '2022-12-03 07:09:20', '2022-12-03 07:12:03'),
(3540, 49, 9, 43, '48', NULL, NULL, '2022-12-03 07:09:20', '2022-12-03 07:12:03'),
(3541, 49, 9, 44, '48', NULL, NULL, '2022-12-03 07:09:20', '2022-12-03 07:12:03'),
(3542, 49, 9, 45, '48', NULL, NULL, '2022-12-03 07:09:20', '2022-12-03 07:12:03'),
(3543, 49, 9, 46, '48', NULL, NULL, '2022-12-03 07:09:20', '2022-12-03 07:12:03'),
(3544, 49, 9, 47, '48', NULL, NULL, '2022-12-03 07:09:20', '2022-12-03 07:12:03'),
(3545, 49, 10, 48, '48', NULL, NULL, '2022-12-03 07:09:20', '2022-12-03 07:12:03'),
(3546, 49, 10, 49, '48', NULL, NULL, '2022-12-03 07:09:20', '2022-12-03 07:12:03'),
(3547, 49, 11, 50, '48', NULL, NULL, '2022-12-03 07:09:20', '2022-12-03 07:12:03'),
(3548, 49, 11, 51, '48', NULL, NULL, '2022-12-03 07:09:20', '2022-12-03 07:12:03'),
(3549, 49, 11, 52, '48', NULL, NULL, '2022-12-03 07:09:20', '2022-12-03 07:12:03'),
(3550, 49, 11, 53, '48', NULL, NULL, '2022-12-03 07:09:20', '2022-12-03 07:12:03'),
(3551, 49, 11, 54, '48', NULL, NULL, '2022-12-03 07:09:20', '2022-12-03 07:12:03'),
(3552, 49, 11, 55, '48', NULL, NULL, '2022-12-03 07:09:20', '2022-12-03 07:12:03'),
(3553, 49, 12, 56, '48', NULL, NULL, '2022-12-03 07:09:20', '2022-12-03 07:12:03'),
(3554, 49, 12, 57, '48', NULL, NULL, '2022-12-03 07:09:20', '2022-12-03 07:12:03'),
(3555, 49, 12, 58, '48', NULL, NULL, '2022-12-03 07:09:20', '2022-12-03 07:12:03'),
(3556, 49, 12, 59, '48', NULL, NULL, '2022-12-03 07:09:20', '2022-12-03 07:12:03'),
(3557, 49, 12, 60, '48', NULL, NULL, '2022-12-03 07:09:20', '2022-12-03 07:12:03'),
(3558, 49, 12, 61, '48', NULL, NULL, '2022-12-03 07:09:20', '2022-12-03 07:12:03'),
(3559, 49, 13, 62, '48', NULL, NULL, '2022-12-03 07:09:20', '2022-12-03 07:12:03'),
(3560, 49, 13, 63, '48', NULL, NULL, '2022-12-03 07:09:20', '2022-12-03 07:12:03'),
(3561, 49, 13, 64, '48', NULL, NULL, '2022-12-03 07:09:20', '2022-12-03 07:12:03'),
(3562, 49, 13, 65, '48', NULL, NULL, '2022-12-03 07:09:20', '2022-12-03 07:12:03'),
(3563, 49, 13, 66, '48', NULL, NULL, '2022-12-03 07:09:20', '2022-12-03 07:12:03'),
(3564, 49, 14, 67, '48', NULL, NULL, '2022-12-03 07:09:20', '2022-12-03 07:12:03'),
(3565, 49, 14, 68, '48', NULL, NULL, '2022-12-03 07:09:20', '2022-12-03 07:12:03'),
(3566, 49, 14, 69, '48', NULL, NULL, '2022-12-03 07:09:20', '2022-12-03 07:12:03'),
(3567, 49, 14, 70, '48', NULL, NULL, '2022-12-03 07:09:20', '2022-12-03 07:12:03'),
(3568, 49, 15, 71, '48', NULL, NULL, '2022-12-03 07:09:20', '2022-12-03 07:12:03'),
(3569, 49, 15, 72, '48', NULL, NULL, '2022-12-03 07:09:20', '2022-12-03 07:12:03'),
(3570, 49, 16, 73, '48', NULL, NULL, '2022-12-03 07:09:20', '2022-12-03 07:12:03'),
(3571, 49, 16, 74, '48', NULL, NULL, '2022-12-03 07:09:20', '2022-12-03 07:12:03'),
(3572, 49, 16, 75, '48', NULL, NULL, '2022-12-03 07:09:20', '2022-12-03 07:12:03'),
(3573, 49, 16, 76, '48', NULL, NULL, '2022-12-03 07:09:20', '2022-12-03 07:12:03'),
(3574, 49, 17, 77, '48', NULL, NULL, '2022-12-03 07:09:20', '2022-12-03 07:12:03'),
(3575, 49, 17, 78, '48', NULL, NULL, '2022-12-03 07:09:20', '2022-12-03 07:12:03'),
(3576, 49, 17, 79, '48', NULL, NULL, '2022-12-03 07:09:20', '2022-12-03 07:12:03'),
(3577, 50, 1, 1, '48', NULL, NULL, '2022-12-03 07:18:53', '2022-12-03 07:19:18'),
(3578, 50, 1, 2, '48', NULL, NULL, '2022-12-03 07:18:53', '2022-12-03 07:19:18'),
(3579, 50, 1, 3, '48', NULL, NULL, '2022-12-03 07:18:53', '2022-12-03 07:19:18'),
(3580, 50, 2, 4, '48', NULL, NULL, '2022-12-03 07:18:53', '2022-12-03 07:19:18'),
(3581, 50, 2, 5, '48', NULL, NULL, '2022-12-03 07:18:53', '2022-12-03 07:19:18'),
(3582, 50, 3, 6, '48', NULL, NULL, '2022-12-03 07:18:53', '2022-12-03 07:19:18'),
(3583, 50, 3, 7, '48', NULL, NULL, '2022-12-03 07:18:53', '2022-12-03 07:19:18'),
(3584, 50, 3, 8, '48', NULL, NULL, '2022-12-03 07:18:53', '2022-12-03 07:19:18'),
(3585, 50, 3, 9, '48', NULL, NULL, '2022-12-03 07:18:53', '2022-12-03 07:19:18'),
(3586, 50, 3, 10, '48', NULL, NULL, '2022-12-03 07:18:53', '2022-12-03 07:19:18'),
(3587, 50, 3, 11, '48', NULL, NULL, '2022-12-03 07:18:53', '2022-12-03 07:19:18'),
(3588, 50, 3, 12, '48', NULL, NULL, '2022-12-03 07:18:53', '2022-12-03 07:19:18'),
(3589, 50, 3, 13, '48', NULL, NULL, '2022-12-03 07:18:53', '2022-12-03 07:19:18'),
(3590, 50, 3, 14, '48', NULL, NULL, '2022-12-03 07:18:53', '2022-12-03 07:19:18'),
(3591, 50, 4, 15, '48', NULL, NULL, '2022-12-03 07:18:53', '2022-12-03 07:19:18'),
(3592, 50, 4, 16, '48', NULL, NULL, '2022-12-03 07:18:53', '2022-12-03 07:19:18'),
(3593, 50, 5, 17, '48', NULL, NULL, '2022-12-03 07:18:53', '2022-12-03 07:19:18'),
(3594, 50, 5, 18, '48', NULL, NULL, '2022-12-03 07:18:53', '2022-12-03 07:19:18'),
(3595, 50, 5, 19, '48', NULL, NULL, '2022-12-03 07:18:53', '2022-12-03 07:19:18'),
(3596, 50, 5, 20, '48', NULL, NULL, '2022-12-03 07:18:53', '2022-12-03 07:19:18'),
(3597, 50, 5, 21, '48', NULL, NULL, '2022-12-03 07:18:53', '2022-12-03 07:19:18'),
(3598, 50, 5, 22, '48', NULL, NULL, '2022-12-03 07:18:53', '2022-12-03 07:19:18'),
(3599, 50, 5, 23, '48', NULL, NULL, '2022-12-03 07:18:53', '2022-12-03 07:19:18'),
(3600, 50, 6, 24, '48', NULL, NULL, '2022-12-03 07:18:53', '2022-12-03 07:19:18'),
(3601, 50, 6, 25, '48', NULL, NULL, '2022-12-03 07:18:53', '2022-12-03 07:19:18'),
(3602, 50, 7, 26, '48', NULL, NULL, '2022-12-03 07:18:53', '2022-12-03 07:19:18'),
(3603, 50, 7, 27, '48', NULL, NULL, '2022-12-03 07:18:53', '2022-12-03 07:19:18'),
(3604, 50, 7, 28, '48', NULL, NULL, '2022-12-03 07:18:53', '2022-12-03 07:19:18'),
(3605, 50, 7, 29, '48', NULL, NULL, '2022-12-03 07:18:53', '2022-12-03 07:19:18'),
(3606, 50, 7, 30, '48', NULL, NULL, '2022-12-03 07:18:53', '2022-12-03 07:19:18'),
(3607, 50, 7, 31, '48', NULL, NULL, '2022-12-03 07:18:53', '2022-12-03 07:19:18'),
(3608, 50, 7, 32, '48', NULL, NULL, '2022-12-03 07:18:53', '2022-12-03 07:19:18'),
(3609, 50, 7, 33, '48', NULL, NULL, '2022-12-03 07:18:53', '2022-12-03 07:19:18'),
(3610, 50, 7, 34, '48', NULL, NULL, '2022-12-03 07:18:53', '2022-12-03 07:19:18'),
(3611, 50, 7, 35, '48', NULL, NULL, '2022-12-03 07:18:53', '2022-12-03 07:19:18'),
(3612, 50, 7, 36, '48', NULL, NULL, '2022-12-03 07:18:53', '2022-12-03 07:19:18'),
(3613, 50, 7, 37, '48', NULL, NULL, '2022-12-03 07:18:53', '2022-12-03 07:19:18'),
(3614, 50, 8, 38, '48', NULL, NULL, '2022-12-03 07:18:53', '2022-12-03 07:19:18'),
(3615, 50, 8, 39, '48', NULL, NULL, '2022-12-03 07:18:53', '2022-12-03 07:19:18'),
(3616, 50, 8, 40, '48', NULL, NULL, '2022-12-03 07:18:53', '2022-12-03 07:19:18'),
(3617, 50, 8, 41, '48', NULL, NULL, '2022-12-03 07:18:53', '2022-12-03 07:19:18'),
(3618, 50, 8, 42, '48', NULL, NULL, '2022-12-03 07:18:53', '2022-12-03 07:19:18'),
(3619, 50, 9, 43, '48', NULL, NULL, '2022-12-03 07:18:53', '2022-12-03 07:19:18'),
(3620, 50, 9, 44, '48', NULL, NULL, '2022-12-03 07:18:53', '2022-12-03 07:19:18'),
(3621, 50, 9, 45, '48', NULL, NULL, '2022-12-03 07:18:53', '2022-12-03 07:19:18'),
(3622, 50, 9, 46, '48', NULL, NULL, '2022-12-03 07:18:53', '2022-12-03 07:19:18'),
(3623, 50, 9, 47, '48', NULL, NULL, '2022-12-03 07:18:53', '2022-12-03 07:19:18'),
(3624, 50, 10, 48, '48', NULL, NULL, '2022-12-03 07:18:53', '2022-12-03 07:19:18'),
(3625, 50, 10, 49, '48', NULL, NULL, '2022-12-03 07:18:53', '2022-12-03 07:19:18'),
(3626, 50, 11, 50, '48', NULL, NULL, '2022-12-03 07:18:53', '2022-12-03 07:19:18'),
(3627, 50, 11, 51, '48', NULL, NULL, '2022-12-03 07:18:53', '2022-12-03 07:19:18'),
(3628, 50, 11, 52, '48', NULL, NULL, '2022-12-03 07:18:53', '2022-12-03 07:19:18'),
(3629, 50, 11, 53, '48', NULL, NULL, '2022-12-03 07:18:53', '2022-12-03 07:19:18'),
(3630, 50, 11, 54, '48', NULL, NULL, '2022-12-03 07:18:53', '2022-12-03 07:19:18'),
(3631, 50, 11, 55, '48', NULL, NULL, '2022-12-03 07:18:53', '2022-12-03 07:19:18'),
(3632, 50, 12, 56, '48', NULL, NULL, '2022-12-03 07:18:53', '2022-12-03 07:19:18'),
(3633, 50, 12, 57, '48', NULL, NULL, '2022-12-03 07:18:53', '2022-12-03 07:19:18'),
(3634, 50, 12, 58, '48', NULL, NULL, '2022-12-03 07:18:53', '2022-12-03 07:19:18'),
(3635, 50, 12, 59, '48', NULL, NULL, '2022-12-03 07:18:53', '2022-12-03 07:19:18'),
(3636, 50, 12, 60, '48', NULL, NULL, '2022-12-03 07:18:53', '2022-12-03 07:19:18'),
(3637, 50, 12, 61, '48', NULL, NULL, '2022-12-03 07:18:53', '2022-12-03 07:19:18'),
(3638, 50, 13, 62, '48', NULL, NULL, '2022-12-03 07:18:53', '2022-12-03 07:19:18'),
(3639, 50, 13, 63, '48', NULL, NULL, '2022-12-03 07:18:53', '2022-12-03 07:19:18'),
(3640, 50, 13, 64, '48', NULL, NULL, '2022-12-03 07:18:53', '2022-12-03 07:19:18'),
(3641, 50, 13, 65, '48', NULL, NULL, '2022-12-03 07:18:53', '2022-12-03 07:19:18'),
(3642, 50, 13, 66, '48', NULL, NULL, '2022-12-03 07:18:53', '2022-12-03 07:19:18'),
(3643, 50, 14, 67, '48', NULL, NULL, '2022-12-03 07:18:53', '2022-12-03 07:19:18'),
(3644, 50, 14, 68, '48', NULL, NULL, '2022-12-03 07:18:53', '2022-12-03 07:19:18'),
(3645, 50, 14, 69, '48', NULL, NULL, '2022-12-03 07:18:53', '2022-12-03 07:19:18'),
(3646, 50, 14, 70, '48', NULL, NULL, '2022-12-03 07:18:53', '2022-12-03 07:19:18'),
(3647, 50, 15, 71, '48', NULL, NULL, '2022-12-03 07:18:53', '2022-12-03 07:19:18'),
(3648, 50, 15, 72, '48', NULL, NULL, '2022-12-03 07:18:53', '2022-12-03 07:19:18'),
(3649, 50, 16, 73, '48', NULL, NULL, '2022-12-03 07:18:53', '2022-12-03 07:19:18'),
(3650, 50, 16, 74, '48', NULL, NULL, '2022-12-03 07:18:53', '2022-12-03 07:19:18'),
(3651, 50, 16, 75, '48', NULL, NULL, '2022-12-03 07:18:53', '2022-12-03 07:19:18'),
(3652, 50, 16, 76, '48', NULL, NULL, '2022-12-03 07:18:53', '2022-12-03 07:19:18'),
(3653, 50, 17, 77, '48', NULL, NULL, '2022-12-03 07:18:53', '2022-12-03 07:19:18'),
(3654, 50, 17, 78, '48', NULL, NULL, '2022-12-03 07:18:53', '2022-12-03 07:19:18'),
(3655, 50, 17, 79, '48', NULL, NULL, '2022-12-03 07:18:53', '2022-12-03 07:19:18'),
(3656, 51, 1, 1, '48', NULL, NULL, '2022-12-03 07:26:08', '2022-12-03 07:26:17'),
(3657, 51, 1, 2, '48', NULL, NULL, '2022-12-03 07:26:08', '2022-12-03 07:26:17'),
(3658, 51, 1, 3, '48', NULL, NULL, '2022-12-03 07:26:08', '2022-12-03 07:26:17'),
(3659, 51, 2, 4, '48', NULL, NULL, '2022-12-03 07:26:08', '2022-12-03 07:26:17'),
(3660, 51, 2, 5, '48', NULL, NULL, '2022-12-03 07:26:08', '2022-12-03 07:26:17'),
(3661, 51, 3, 6, '48', NULL, NULL, '2022-12-03 07:26:08', '2022-12-03 07:26:17'),
(3662, 51, 3, 7, '48', NULL, NULL, '2022-12-03 07:26:08', '2022-12-03 07:26:17'),
(3663, 51, 3, 8, '48', NULL, NULL, '2022-12-03 07:26:08', '2022-12-03 07:26:17'),
(3664, 51, 3, 9, '48', NULL, NULL, '2022-12-03 07:26:08', '2022-12-03 07:26:17'),
(3665, 51, 3, 10, '48', NULL, NULL, '2022-12-03 07:26:08', '2022-12-03 07:26:17'),
(3666, 51, 3, 11, '48', NULL, NULL, '2022-12-03 07:26:08', '2022-12-03 07:26:17'),
(3667, 51, 3, 12, '48', NULL, NULL, '2022-12-03 07:26:08', '2022-12-03 07:26:17'),
(3668, 51, 3, 13, '48', NULL, NULL, '2022-12-03 07:26:08', '2022-12-03 07:26:17'),
(3669, 51, 3, 14, '48', NULL, NULL, '2022-12-03 07:26:08', '2022-12-03 07:26:17'),
(3670, 51, 4, 15, '48', NULL, NULL, '2022-12-03 07:26:08', '2022-12-03 07:26:17'),
(3671, 51, 4, 16, '48', NULL, NULL, '2022-12-03 07:26:08', '2022-12-03 07:26:17'),
(3672, 51, 5, 17, '48', NULL, NULL, '2022-12-03 07:26:08', '2022-12-03 07:26:17'),
(3673, 51, 5, 18, '48', NULL, NULL, '2022-12-03 07:26:08', '2022-12-03 07:26:17'),
(3674, 51, 5, 19, '48', NULL, NULL, '2022-12-03 07:26:08', '2022-12-03 07:26:17'),
(3675, 51, 5, 20, '48', NULL, NULL, '2022-12-03 07:26:08', '2022-12-03 07:26:17'),
(3676, 51, 5, 21, '48', NULL, NULL, '2022-12-03 07:26:08', '2022-12-03 07:26:17'),
(3677, 51, 5, 22, '48', NULL, NULL, '2022-12-03 07:26:08', '2022-12-03 07:26:17'),
(3678, 51, 5, 23, '48', NULL, NULL, '2022-12-03 07:26:08', '2022-12-03 07:26:17'),
(3679, 51, 6, 24, '48', NULL, NULL, '2022-12-03 07:26:08', '2022-12-03 07:26:17'),
(3680, 51, 6, 25, '48', NULL, NULL, '2022-12-03 07:26:08', '2022-12-03 07:26:17'),
(3681, 51, 7, 26, '48', NULL, NULL, '2022-12-03 07:26:08', '2022-12-03 07:26:17'),
(3682, 51, 7, 27, '48', NULL, NULL, '2022-12-03 07:26:08', '2022-12-03 07:26:17'),
(3683, 51, 7, 28, '48', NULL, NULL, '2022-12-03 07:26:08', '2022-12-03 07:26:17'),
(3684, 51, 7, 29, '48', NULL, NULL, '2022-12-03 07:26:08', '2022-12-03 07:26:17'),
(3685, 51, 7, 30, '48', NULL, NULL, '2022-12-03 07:26:08', '2022-12-03 07:26:17'),
(3686, 51, 7, 31, '48', NULL, NULL, '2022-12-03 07:26:08', '2022-12-03 07:26:17'),
(3687, 51, 7, 32, '48', NULL, NULL, '2022-12-03 07:26:08', '2022-12-03 07:26:17'),
(3688, 51, 7, 33, '48', NULL, NULL, '2022-12-03 07:26:08', '2022-12-03 07:26:17'),
(3689, 51, 7, 34, '48', NULL, NULL, '2022-12-03 07:26:08', '2022-12-03 07:26:17'),
(3690, 51, 7, 35, '48', NULL, NULL, '2022-12-03 07:26:08', '2022-12-03 07:26:17'),
(3691, 51, 7, 36, '48', NULL, NULL, '2022-12-03 07:26:08', '2022-12-03 07:26:17'),
(3692, 51, 7, 37, '48', NULL, NULL, '2022-12-03 07:26:08', '2022-12-03 07:26:17'),
(3693, 51, 8, 38, '48', NULL, NULL, '2022-12-03 07:26:08', '2022-12-03 07:26:17'),
(3694, 51, 8, 39, '48', NULL, NULL, '2022-12-03 07:26:08', '2022-12-03 07:26:17'),
(3695, 51, 8, 40, '48', NULL, NULL, '2022-12-03 07:26:08', '2022-12-03 07:26:17'),
(3696, 51, 8, 41, '48', NULL, NULL, '2022-12-03 07:26:08', '2022-12-03 07:26:17'),
(3697, 51, 8, 42, '48', NULL, NULL, '2022-12-03 07:26:08', '2022-12-03 07:26:17'),
(3698, 51, 9, 43, '48', NULL, NULL, '2022-12-03 07:26:08', '2022-12-03 07:26:17'),
(3699, 51, 9, 44, '48', NULL, NULL, '2022-12-03 07:26:08', '2022-12-03 07:26:17'),
(3700, 51, 9, 45, '48', NULL, NULL, '2022-12-03 07:26:08', '2022-12-03 07:26:17'),
(3701, 51, 9, 46, '48', NULL, NULL, '2022-12-03 07:26:08', '2022-12-03 07:26:17'),
(3702, 51, 9, 47, '48', NULL, NULL, '2022-12-03 07:26:08', '2022-12-03 07:26:17'),
(3703, 51, 10, 48, '48', NULL, NULL, '2022-12-03 07:26:08', '2022-12-03 07:26:17'),
(3704, 51, 10, 49, '48', NULL, NULL, '2022-12-03 07:26:08', '2022-12-03 07:26:17'),
(3705, 51, 11, 50, '48', NULL, NULL, '2022-12-03 07:26:08', '2022-12-03 07:26:17'),
(3706, 51, 11, 51, '48', NULL, NULL, '2022-12-03 07:26:08', '2022-12-03 07:26:17'),
(3707, 51, 11, 52, '48', NULL, NULL, '2022-12-03 07:26:08', '2022-12-03 07:26:17'),
(3708, 51, 11, 53, '48', NULL, NULL, '2022-12-03 07:26:08', '2022-12-03 07:26:17'),
(3709, 51, 11, 54, '48', NULL, NULL, '2022-12-03 07:26:08', '2022-12-03 07:26:17'),
(3710, 51, 11, 55, '48', NULL, NULL, '2022-12-03 07:26:08', '2022-12-03 07:26:17'),
(3711, 51, 12, 56, '48', NULL, NULL, '2022-12-03 07:26:08', '2022-12-03 07:26:17'),
(3712, 51, 12, 57, '48', NULL, NULL, '2022-12-03 07:26:08', '2022-12-03 07:26:17'),
(3713, 51, 12, 58, '48', NULL, NULL, '2022-12-03 07:26:08', '2022-12-03 07:26:17'),
(3714, 51, 12, 59, '48', NULL, NULL, '2022-12-03 07:26:08', '2022-12-03 07:26:17'),
(3715, 51, 12, 60, '48', NULL, NULL, '2022-12-03 07:26:08', '2022-12-03 07:26:17'),
(3716, 51, 12, 61, '48', NULL, NULL, '2022-12-03 07:26:08', '2022-12-03 07:26:17'),
(3717, 51, 13, 62, '48', NULL, NULL, '2022-12-03 07:26:08', '2022-12-03 07:26:17'),
(3718, 51, 13, 63, '48', NULL, NULL, '2022-12-03 07:26:08', '2022-12-03 07:26:17'),
(3719, 51, 13, 64, '48', NULL, NULL, '2022-12-03 07:26:08', '2022-12-03 07:26:17'),
(3720, 51, 13, 65, '48', NULL, NULL, '2022-12-03 07:26:08', '2022-12-03 07:26:17'),
(3721, 51, 13, 66, '48', NULL, NULL, '2022-12-03 07:26:08', '2022-12-03 07:26:17'),
(3722, 51, 14, 67, '48', NULL, NULL, '2022-12-03 07:26:08', '2022-12-03 07:26:17'),
(3723, 51, 14, 68, '48', NULL, NULL, '2022-12-03 07:26:08', '2022-12-03 07:26:17'),
(3724, 51, 14, 69, '48', NULL, NULL, '2022-12-03 07:26:08', '2022-12-03 07:26:17'),
(3725, 51, 14, 70, '48', NULL, NULL, '2022-12-03 07:26:08', '2022-12-03 07:26:17'),
(3726, 51, 15, 71, '48', NULL, NULL, '2022-12-03 07:26:08', '2022-12-03 07:26:17'),
(3727, 51, 15, 72, '48', NULL, NULL, '2022-12-03 07:26:08', '2022-12-03 07:26:17'),
(3728, 51, 16, 73, '48', NULL, NULL, '2022-12-03 07:26:08', '2022-12-03 07:26:17'),
(3729, 51, 16, 74, '48', NULL, NULL, '2022-12-03 07:26:08', '2022-12-03 07:26:17'),
(3730, 51, 16, 75, '48', NULL, NULL, '2022-12-03 07:26:08', '2022-12-03 07:26:17'),
(3731, 51, 16, 76, '48', NULL, NULL, '2022-12-03 07:26:08', '2022-12-03 07:26:17'),
(3732, 51, 17, 77, '48', NULL, NULL, '2022-12-03 07:26:08', '2022-12-03 07:26:17'),
(3733, 51, 17, 78, '48', NULL, NULL, '2022-12-03 07:26:08', '2022-12-03 07:26:17'),
(3734, 51, 17, 79, '48', NULL, NULL, '2022-12-03 07:26:08', '2022-12-03 07:26:17'),
(3735, 52, 1, 1, '48', NULL, NULL, '2022-12-03 07:33:33', '2022-12-03 07:33:52'),
(3736, 52, 1, 2, '48', NULL, NULL, '2022-12-03 07:33:33', '2022-12-03 07:33:52'),
(3737, 52, 1, 3, '48', NULL, NULL, '2022-12-03 07:33:33', '2022-12-03 07:33:52'),
(3738, 52, 2, 4, '48', NULL, NULL, '2022-12-03 07:33:33', '2022-12-03 07:33:52'),
(3739, 52, 2, 5, '48', NULL, NULL, '2022-12-03 07:33:33', '2022-12-03 07:33:52'),
(3740, 52, 3, 6, '48', NULL, NULL, '2022-12-03 07:33:33', '2022-12-03 07:33:52'),
(3741, 52, 3, 7, '48', NULL, NULL, '2022-12-03 07:33:33', '2022-12-03 07:33:52'),
(3742, 52, 3, 8, '48', NULL, NULL, '2022-12-03 07:33:33', '2022-12-03 07:33:52'),
(3743, 52, 3, 9, '48', NULL, NULL, '2022-12-03 07:33:33', '2022-12-03 07:33:52'),
(3744, 52, 3, 10, '48', NULL, NULL, '2022-12-03 07:33:33', '2022-12-03 07:33:52'),
(3745, 52, 3, 11, '48', NULL, NULL, '2022-12-03 07:33:33', '2022-12-03 07:33:52'),
(3746, 52, 3, 12, '48', NULL, NULL, '2022-12-03 07:33:33', '2022-12-03 07:33:52'),
(3747, 52, 3, 13, '48', NULL, NULL, '2022-12-03 07:33:33', '2022-12-03 07:33:52'),
(3748, 52, 3, 14, '48', NULL, NULL, '2022-12-03 07:33:33', '2022-12-03 07:33:52'),
(3749, 52, 4, 15, '48', NULL, NULL, '2022-12-03 07:33:33', '2022-12-03 07:33:52'),
(3750, 52, 4, 16, '48', NULL, NULL, '2022-12-03 07:33:33', '2022-12-03 07:33:52'),
(3751, 52, 5, 17, '48', NULL, NULL, '2022-12-03 07:33:33', '2022-12-03 07:33:52'),
(3752, 52, 5, 18, '48', NULL, NULL, '2022-12-03 07:33:33', '2022-12-03 07:33:52'),
(3753, 52, 5, 19, '48', NULL, NULL, '2022-12-03 07:33:33', '2022-12-03 07:33:52'),
(3754, 52, 5, 20, '48', NULL, NULL, '2022-12-03 07:33:33', '2022-12-03 07:33:52'),
(3755, 52, 5, 21, '48', NULL, NULL, '2022-12-03 07:33:33', '2022-12-03 07:33:52'),
(3756, 52, 5, 22, '48', NULL, NULL, '2022-12-03 07:33:33', '2022-12-03 07:33:52'),
(3757, 52, 5, 23, '48', NULL, NULL, '2022-12-03 07:33:33', '2022-12-03 07:33:52'),
(3758, 52, 6, 24, '48', NULL, NULL, '2022-12-03 07:33:33', '2022-12-03 07:33:52'),
(3759, 52, 6, 25, '48', NULL, NULL, '2022-12-03 07:33:33', '2022-12-03 07:33:52'),
(3760, 52, 7, 26, '48', NULL, NULL, '2022-12-03 07:33:33', '2022-12-03 07:33:52'),
(3761, 52, 7, 27, '48', NULL, NULL, '2022-12-03 07:33:33', '2022-12-03 07:33:52'),
(3762, 52, 7, 28, '48', NULL, NULL, '2022-12-03 07:33:33', '2022-12-03 07:33:52'),
(3763, 52, 7, 29, '48', NULL, NULL, '2022-12-03 07:33:33', '2022-12-03 07:33:52'),
(3764, 52, 7, 30, '48', NULL, NULL, '2022-12-03 07:33:33', '2022-12-03 07:33:52'),
(3765, 52, 7, 31, '48', NULL, NULL, '2022-12-03 07:33:33', '2022-12-03 07:33:52'),
(3766, 52, 7, 32, '48', NULL, NULL, '2022-12-03 07:33:33', '2022-12-03 07:33:52'),
(3767, 52, 7, 33, '48', NULL, NULL, '2022-12-03 07:33:33', '2022-12-03 07:33:52'),
(3768, 52, 7, 34, '48', NULL, NULL, '2022-12-03 07:33:33', '2022-12-03 07:33:52'),
(3769, 52, 7, 35, '48', NULL, NULL, '2022-12-03 07:33:33', '2022-12-03 07:33:52'),
(3770, 52, 7, 36, '48', NULL, NULL, '2022-12-03 07:33:33', '2022-12-03 07:33:52'),
(3771, 52, 7, 37, '48', NULL, NULL, '2022-12-03 07:33:33', '2022-12-03 07:33:52'),
(3772, 52, 8, 38, '48', NULL, NULL, '2022-12-03 07:33:33', '2022-12-03 07:33:52'),
(3773, 52, 8, 39, '48', NULL, NULL, '2022-12-03 07:33:33', '2022-12-03 07:33:52'),
(3774, 52, 8, 40, '48', NULL, NULL, '2022-12-03 07:33:33', '2022-12-03 07:33:52'),
(3775, 52, 8, 41, '48', NULL, NULL, '2022-12-03 07:33:33', '2022-12-03 07:33:52'),
(3776, 52, 8, 42, '48', NULL, NULL, '2022-12-03 07:33:33', '2022-12-03 07:33:52'),
(3777, 52, 9, 43, '48', NULL, NULL, '2022-12-03 07:33:33', '2022-12-03 07:33:52'),
(3778, 52, 9, 44, '48', NULL, NULL, '2022-12-03 07:33:33', '2022-12-03 07:33:52'),
(3779, 52, 9, 45, '48', NULL, NULL, '2022-12-03 07:33:33', '2022-12-03 07:33:52'),
(3780, 52, 9, 46, '48', NULL, NULL, '2022-12-03 07:33:33', '2022-12-03 07:33:52'),
(3781, 52, 9, 47, '48', NULL, NULL, '2022-12-03 07:33:33', '2022-12-03 07:33:52'),
(3782, 52, 10, 48, '48', NULL, NULL, '2022-12-03 07:33:33', '2022-12-03 07:33:52'),
(3783, 52, 10, 49, '48', NULL, NULL, '2022-12-03 07:33:33', '2022-12-03 07:33:52'),
(3784, 52, 11, 50, '48', NULL, NULL, '2022-12-03 07:33:33', '2022-12-03 07:33:52'),
(3785, 52, 11, 51, '48', NULL, NULL, '2022-12-03 07:33:33', '2022-12-03 07:33:52'),
(3786, 52, 11, 52, '48', NULL, NULL, '2022-12-03 07:33:33', '2022-12-03 07:33:52'),
(3787, 52, 11, 53, '48', NULL, NULL, '2022-12-03 07:33:33', '2022-12-03 07:33:52'),
(3788, 52, 11, 54, '48', NULL, NULL, '2022-12-03 07:33:33', '2022-12-03 07:33:52'),
(3789, 52, 11, 55, '48', NULL, NULL, '2022-12-03 07:33:33', '2022-12-03 07:33:52'),
(3790, 52, 12, 56, '48', NULL, NULL, '2022-12-03 07:33:33', '2022-12-03 07:33:52'),
(3791, 52, 12, 57, '48', NULL, NULL, '2022-12-03 07:33:33', '2022-12-03 07:33:52'),
(3792, 52, 12, 58, '48', NULL, NULL, '2022-12-03 07:33:33', '2022-12-03 07:33:52'),
(3793, 52, 12, 59, '48', NULL, NULL, '2022-12-03 07:33:33', '2022-12-03 07:33:52'),
(3794, 52, 12, 60, '48', NULL, NULL, '2022-12-03 07:33:33', '2022-12-03 07:33:52'),
(3795, 52, 12, 61, '48', NULL, NULL, '2022-12-03 07:33:33', '2022-12-03 07:33:52'),
(3796, 52, 13, 62, '48', NULL, NULL, '2022-12-03 07:33:33', '2022-12-03 07:33:52'),
(3797, 52, 13, 63, '48', NULL, NULL, '2022-12-03 07:33:33', '2022-12-03 07:33:52'),
(3798, 52, 13, 64, '48', NULL, NULL, '2022-12-03 07:33:33', '2022-12-03 07:33:52'),
(3799, 52, 13, 65, '48', NULL, NULL, '2022-12-03 07:33:33', '2022-12-03 07:33:52'),
(3800, 52, 13, 66, '48', NULL, NULL, '2022-12-03 07:33:33', '2022-12-03 07:33:52'),
(3801, 52, 14, 67, '48', NULL, NULL, '2022-12-03 07:33:33', '2022-12-03 07:33:52'),
(3802, 52, 14, 68, '48', NULL, NULL, '2022-12-03 07:33:33', '2022-12-03 07:33:52'),
(3803, 52, 14, 69, '48', NULL, NULL, '2022-12-03 07:33:33', '2022-12-03 07:33:52'),
(3804, 52, 14, 70, '48', NULL, NULL, '2022-12-03 07:33:33', '2022-12-03 07:33:52'),
(3805, 52, 15, 71, '48', NULL, NULL, '2022-12-03 07:33:33', '2022-12-03 07:33:52'),
(3806, 52, 15, 72, '48', NULL, NULL, '2022-12-03 07:33:33', '2022-12-03 07:33:52'),
(3807, 52, 16, 73, '48', NULL, NULL, '2022-12-03 07:33:33', '2022-12-03 07:33:52'),
(3808, 52, 16, 74, '48', NULL, NULL, '2022-12-03 07:33:33', '2022-12-03 07:33:52'),
(3809, 52, 16, 75, '48', NULL, NULL, '2022-12-03 07:33:33', '2022-12-03 07:33:52'),
(3810, 52, 16, 76, '48', NULL, NULL, '2022-12-03 07:33:33', '2022-12-03 07:33:52'),
(3811, 52, 17, 77, '48', NULL, NULL, '2022-12-03 07:33:33', '2022-12-03 07:33:52'),
(3812, 52, 17, 78, '48', NULL, NULL, '2022-12-03 07:33:33', '2022-12-03 07:33:52'),
(3813, 52, 17, 79, '48', NULL, NULL, '2022-12-03 07:33:33', '2022-12-03 07:33:52'),
(3814, 53, 1, 1, '48', NULL, NULL, '2022-12-03 07:45:48', '2022-12-03 07:50:34'),
(3815, 53, 1, 2, '48', NULL, NULL, '2022-12-03 07:45:48', '2022-12-03 07:50:34'),
(3816, 53, 1, 3, '48', NULL, NULL, '2022-12-03 07:45:48', '2022-12-03 07:50:34'),
(3817, 53, 2, 4, '48', NULL, NULL, '2022-12-03 07:45:48', '2022-12-03 07:50:34'),
(3818, 53, 2, 5, '48', NULL, NULL, '2022-12-03 07:45:48', '2022-12-03 07:50:34'),
(3819, 53, 3, 6, '48', NULL, NULL, '2022-12-03 07:45:48', '2022-12-03 07:50:34'),
(3820, 53, 3, 7, '48', NULL, NULL, '2022-12-03 07:45:48', '2022-12-03 07:50:34'),
(3821, 53, 3, 8, '48', NULL, NULL, '2022-12-03 07:45:48', '2022-12-03 07:50:34'),
(3822, 53, 3, 9, '48', NULL, NULL, '2022-12-03 07:45:48', '2022-12-03 07:50:34'),
(3823, 53, 3, 10, '48', NULL, NULL, '2022-12-03 07:45:48', '2022-12-03 07:50:34'),
(3824, 53, 3, 11, '48', NULL, NULL, '2022-12-03 07:45:48', '2022-12-03 07:50:34'),
(3825, 53, 3, 12, '48', NULL, NULL, '2022-12-03 07:45:48', '2022-12-03 07:50:34'),
(3826, 53, 3, 13, '48', NULL, NULL, '2022-12-03 07:45:48', '2022-12-03 07:50:34'),
(3827, 53, 3, 14, '48', NULL, NULL, '2022-12-03 07:45:48', '2022-12-03 07:50:34'),
(3828, 53, 4, 15, '48', NULL, NULL, '2022-12-03 07:45:48', '2022-12-03 07:50:34'),
(3829, 53, 4, 16, '48', NULL, NULL, '2022-12-03 07:45:48', '2022-12-03 07:50:34'),
(3830, 53, 5, 17, '48', NULL, NULL, '2022-12-03 07:45:48', '2022-12-03 07:50:34'),
(3831, 53, 5, 18, '48', NULL, NULL, '2022-12-03 07:45:48', '2022-12-03 07:50:34'),
(3832, 53, 5, 19, '48', NULL, NULL, '2022-12-03 07:45:48', '2022-12-03 07:50:34'),
(3833, 53, 5, 20, '48', NULL, NULL, '2022-12-03 07:45:48', '2022-12-03 07:50:34'),
(3834, 53, 5, 21, '48', NULL, NULL, '2022-12-03 07:45:48', '2022-12-03 07:50:34'),
(3835, 53, 5, 22, '48', NULL, NULL, '2022-12-03 07:45:48', '2022-12-03 07:50:34'),
(3836, 53, 5, 23, '48', NULL, NULL, '2022-12-03 07:45:48', '2022-12-03 07:50:34'),
(3837, 53, 6, 24, '48', NULL, NULL, '2022-12-03 07:45:48', '2022-12-03 07:50:34'),
(3838, 53, 6, 25, '48', NULL, NULL, '2022-12-03 07:45:48', '2022-12-03 07:50:34'),
(3839, 53, 7, 26, '48', NULL, NULL, '2022-12-03 07:45:48', '2022-12-03 07:50:34'),
(3840, 53, 7, 27, '48', NULL, NULL, '2022-12-03 07:45:48', '2022-12-03 07:50:34'),
(3841, 53, 7, 28, '48', NULL, NULL, '2022-12-03 07:45:48', '2022-12-03 07:50:34'),
(3842, 53, 7, 29, '48', NULL, NULL, '2022-12-03 07:45:48', '2022-12-03 07:50:34'),
(3843, 53, 7, 30, '48', NULL, NULL, '2022-12-03 07:45:48', '2022-12-03 07:50:34'),
(3844, 53, 7, 31, '48', NULL, NULL, '2022-12-03 07:45:48', '2022-12-03 07:50:34'),
(3845, 53, 7, 32, '48', NULL, NULL, '2022-12-03 07:45:48', '2022-12-03 07:50:34'),
(3846, 53, 7, 33, '48', NULL, NULL, '2022-12-03 07:45:48', '2022-12-03 07:50:34'),
(3847, 53, 7, 34, '48', NULL, NULL, '2022-12-03 07:45:48', '2022-12-03 07:50:34'),
(3848, 53, 7, 35, '48', NULL, NULL, '2022-12-03 07:45:48', '2022-12-03 07:50:34'),
(3849, 53, 7, 36, '48', NULL, NULL, '2022-12-03 07:45:48', '2022-12-03 07:50:34'),
(3850, 53, 7, 37, '48', NULL, NULL, '2022-12-03 07:45:48', '2022-12-03 07:50:34'),
(3851, 53, 8, 38, '48', NULL, NULL, '2022-12-03 07:45:48', '2022-12-03 07:50:34'),
(3852, 53, 8, 39, '48', NULL, NULL, '2022-12-03 07:45:48', '2022-12-03 07:50:34'),
(3853, 53, 8, 40, '48', NULL, NULL, '2022-12-03 07:45:48', '2022-12-03 07:50:34'),
(3854, 53, 8, 41, '48', NULL, NULL, '2022-12-03 07:45:48', '2022-12-03 07:50:34'),
(3855, 53, 8, 42, '48', NULL, NULL, '2022-12-03 07:45:48', '2022-12-03 07:50:34'),
(3856, 53, 9, 43, '48', NULL, NULL, '2022-12-03 07:45:48', '2022-12-03 07:50:34'),
(3857, 53, 9, 44, '48', NULL, NULL, '2022-12-03 07:45:48', '2022-12-03 07:50:34'),
(3858, 53, 9, 45, '48', NULL, NULL, '2022-12-03 07:45:48', '2022-12-03 07:50:34'),
(3859, 53, 9, 46, '48', NULL, NULL, '2022-12-03 07:45:48', '2022-12-03 07:50:34'),
(3860, 53, 9, 47, '48', NULL, NULL, '2022-12-03 07:45:48', '2022-12-03 07:50:34'),
(3861, 53, 10, 48, '48', NULL, NULL, '2022-12-03 07:45:48', '2022-12-03 07:50:34'),
(3862, 53, 10, 49, '48', NULL, NULL, '2022-12-03 07:45:48', '2022-12-03 07:50:34'),
(3863, 53, 11, 50, '48', NULL, NULL, '2022-12-03 07:45:48', '2022-12-03 07:50:34'),
(3864, 53, 11, 51, '48', NULL, NULL, '2022-12-03 07:45:48', '2022-12-03 07:50:34'),
(3865, 53, 11, 52, '48', NULL, NULL, '2022-12-03 07:45:48', '2022-12-03 07:50:34'),
(3866, 53, 11, 53, '48', NULL, NULL, '2022-12-03 07:45:48', '2022-12-03 07:50:34'),
(3867, 53, 11, 54, '48', NULL, NULL, '2022-12-03 07:45:48', '2022-12-03 07:50:34'),
(3868, 53, 11, 55, '48', NULL, NULL, '2022-12-03 07:45:48', '2022-12-03 07:50:34'),
(3869, 53, 12, 56, '48', NULL, NULL, '2022-12-03 07:45:48', '2022-12-03 07:50:34'),
(3870, 53, 12, 57, '48', NULL, NULL, '2022-12-03 07:45:48', '2022-12-03 07:50:34'),
(3871, 53, 12, 58, '48', NULL, NULL, '2022-12-03 07:45:48', '2022-12-03 07:50:34'),
(3872, 53, 12, 59, '48', NULL, NULL, '2022-12-03 07:45:48', '2022-12-03 07:50:34'),
(3873, 53, 12, 60, '48', NULL, NULL, '2022-12-03 07:45:48', '2022-12-03 07:50:34'),
(3874, 53, 12, 61, '48', NULL, NULL, '2022-12-03 07:45:48', '2022-12-03 07:50:34'),
(3875, 53, 13, 62, '48', NULL, NULL, '2022-12-03 07:45:48', '2022-12-03 07:50:34'),
(3876, 53, 13, 63, '48', NULL, NULL, '2022-12-03 07:45:48', '2022-12-03 07:50:34'),
(3877, 53, 13, 64, '48', NULL, NULL, '2022-12-03 07:45:48', '2022-12-03 07:50:34'),
(3878, 53, 13, 65, '48', NULL, NULL, '2022-12-03 07:45:48', '2022-12-03 07:50:34'),
(3879, 53, 13, 66, '48', NULL, NULL, '2022-12-03 07:45:48', '2022-12-03 07:50:34'),
(3880, 53, 14, 67, '48', NULL, NULL, '2022-12-03 07:45:48', '2022-12-03 07:50:34'),
(3881, 53, 14, 68, '48', NULL, NULL, '2022-12-03 07:45:48', '2022-12-03 07:50:34'),
(3882, 53, 14, 69, '48', NULL, NULL, '2022-12-03 07:45:48', '2022-12-03 07:50:34'),
(3883, 53, 14, 70, '48', NULL, NULL, '2022-12-03 07:45:48', '2022-12-03 07:50:34'),
(3884, 53, 15, 71, '48', NULL, NULL, '2022-12-03 07:45:48', '2022-12-03 07:50:34'),
(3885, 53, 15, 72, '48', NULL, NULL, '2022-12-03 07:45:48', '2022-12-03 07:50:34'),
(3886, 53, 16, 73, '48', NULL, NULL, '2022-12-03 07:45:48', '2022-12-03 07:50:34'),
(3887, 53, 16, 74, '48', NULL, NULL, '2022-12-03 07:45:48', '2022-12-03 07:50:34'),
(3888, 53, 16, 75, '48', NULL, NULL, '2022-12-03 07:45:48', '2022-12-03 07:50:34'),
(3889, 53, 16, 76, '48', NULL, NULL, '2022-12-03 07:45:48', '2022-12-03 07:50:34'),
(3890, 53, 17, 77, '48', NULL, NULL, '2022-12-03 07:45:48', '2022-12-03 07:50:34'),
(3891, 53, 17, 78, '48', NULL, NULL, '2022-12-03 07:45:48', '2022-12-03 07:50:34'),
(3892, 53, 17, 79, '48', NULL, NULL, '2022-12-03 07:45:48', '2022-12-03 07:50:34'),
(3893, 54, 1, 1, '48', NULL, NULL, '2022-12-03 07:55:57', '2022-12-03 07:56:07'),
(3894, 54, 1, 2, '48', NULL, NULL, '2022-12-03 07:55:57', '2022-12-03 07:56:07'),
(3895, 54, 1, 3, '48', NULL, NULL, '2022-12-03 07:55:57', '2022-12-03 07:56:07'),
(3896, 54, 2, 4, '48', NULL, NULL, '2022-12-03 07:55:57', '2022-12-03 07:56:07'),
(3897, 54, 2, 5, '48', NULL, NULL, '2022-12-03 07:55:57', '2022-12-03 07:56:07'),
(3898, 54, 3, 6, '48', NULL, NULL, '2022-12-03 07:55:57', '2022-12-03 07:56:07'),
(3899, 54, 3, 7, '48', NULL, NULL, '2022-12-03 07:55:57', '2022-12-03 07:56:07'),
(3900, 54, 3, 8, '48', NULL, NULL, '2022-12-03 07:55:57', '2022-12-03 07:56:07'),
(3901, 54, 3, 9, '48', NULL, NULL, '2022-12-03 07:55:57', '2022-12-03 07:56:07'),
(3902, 54, 3, 10, '48', NULL, NULL, '2022-12-03 07:55:57', '2022-12-03 07:56:07'),
(3903, 54, 3, 11, '48', NULL, NULL, '2022-12-03 07:55:57', '2022-12-03 07:56:07'),
(3904, 54, 3, 12, '48', NULL, NULL, '2022-12-03 07:55:57', '2022-12-03 07:56:07'),
(3905, 54, 3, 13, '48', NULL, NULL, '2022-12-03 07:55:57', '2022-12-03 07:56:07'),
(3906, 54, 3, 14, '48', NULL, NULL, '2022-12-03 07:55:57', '2022-12-03 07:56:07'),
(3907, 54, 4, 15, '48', NULL, NULL, '2022-12-03 07:55:57', '2022-12-03 07:56:07'),
(3908, 54, 4, 16, '48', NULL, NULL, '2022-12-03 07:55:57', '2022-12-03 07:56:07'),
(3909, 54, 5, 17, '48', NULL, NULL, '2022-12-03 07:55:57', '2022-12-03 07:56:07'),
(3910, 54, 5, 18, '48', NULL, NULL, '2022-12-03 07:55:57', '2022-12-03 07:56:07'),
(3911, 54, 5, 19, '48', NULL, NULL, '2022-12-03 07:55:57', '2022-12-03 07:56:07'),
(3912, 54, 5, 20, '48', NULL, NULL, '2022-12-03 07:55:57', '2022-12-03 07:56:07'),
(3913, 54, 5, 21, '48', NULL, NULL, '2022-12-03 07:55:57', '2022-12-03 07:56:07'),
(3914, 54, 5, 22, '48', NULL, NULL, '2022-12-03 07:55:57', '2022-12-03 07:56:07'),
(3915, 54, 5, 23, '48', NULL, NULL, '2022-12-03 07:55:57', '2022-12-03 07:56:07'),
(3916, 54, 6, 24, '48', NULL, NULL, '2022-12-03 07:55:57', '2022-12-03 07:56:07'),
(3917, 54, 6, 25, '48', NULL, NULL, '2022-12-03 07:55:57', '2022-12-03 07:56:07'),
(3918, 54, 7, 26, '48', NULL, NULL, '2022-12-03 07:55:57', '2022-12-03 07:56:07'),
(3919, 54, 7, 27, '48', NULL, NULL, '2022-12-03 07:55:57', '2022-12-03 07:56:07'),
(3920, 54, 7, 28, '48', NULL, NULL, '2022-12-03 07:55:57', '2022-12-03 07:56:07'),
(3921, 54, 7, 29, '48', NULL, NULL, '2022-12-03 07:55:57', '2022-12-03 07:56:07'),
(3922, 54, 7, 30, '48', NULL, NULL, '2022-12-03 07:55:57', '2022-12-03 07:56:07'),
(3923, 54, 7, 31, '48', NULL, NULL, '2022-12-03 07:55:57', '2022-12-03 07:56:07'),
(3924, 54, 7, 32, '48', NULL, NULL, '2022-12-03 07:55:57', '2022-12-03 07:56:07'),
(3925, 54, 7, 33, '48', NULL, NULL, '2022-12-03 07:55:57', '2022-12-03 07:56:07'),
(3926, 54, 7, 34, '48', NULL, NULL, '2022-12-03 07:55:57', '2022-12-03 07:56:07'),
(3927, 54, 7, 35, '48', NULL, NULL, '2022-12-03 07:55:57', '2022-12-03 07:56:07'),
(3928, 54, 7, 36, '48', NULL, NULL, '2022-12-03 07:55:57', '2022-12-03 07:56:07'),
(3929, 54, 7, 37, '48', NULL, NULL, '2022-12-03 07:55:57', '2022-12-03 07:56:07'),
(3930, 54, 8, 38, '48', NULL, NULL, '2022-12-03 07:55:57', '2022-12-03 07:56:07'),
(3931, 54, 8, 39, '48', NULL, NULL, '2022-12-03 07:55:57', '2022-12-03 07:56:07'),
(3932, 54, 8, 40, '48', NULL, NULL, '2022-12-03 07:55:57', '2022-12-03 07:56:07'),
(3933, 54, 8, 41, '48', NULL, NULL, '2022-12-03 07:55:57', '2022-12-03 07:56:07'),
(3934, 54, 8, 42, '48', NULL, NULL, '2022-12-03 07:55:57', '2022-12-03 07:56:07'),
(3935, 54, 9, 43, '48', NULL, NULL, '2022-12-03 07:55:57', '2022-12-03 07:56:07'),
(3936, 54, 9, 44, '48', NULL, NULL, '2022-12-03 07:55:57', '2022-12-03 07:56:07'),
(3937, 54, 9, 45, '48', NULL, NULL, '2022-12-03 07:55:57', '2022-12-03 07:56:07'),
(3938, 54, 9, 46, '48', NULL, NULL, '2022-12-03 07:55:57', '2022-12-03 07:56:07'),
(3939, 54, 9, 47, '48', NULL, NULL, '2022-12-03 07:55:57', '2022-12-03 07:56:07'),
(3940, 54, 10, 48, '48', NULL, NULL, '2022-12-03 07:55:57', '2022-12-03 07:56:07'),
(3941, 54, 10, 49, '48', NULL, NULL, '2022-12-03 07:55:57', '2022-12-03 07:56:07'),
(3942, 54, 11, 50, '48', NULL, NULL, '2022-12-03 07:55:57', '2022-12-03 07:56:07'),
(3943, 54, 11, 51, '48', NULL, NULL, '2022-12-03 07:55:57', '2022-12-03 07:56:07'),
(3944, 54, 11, 52, '48', NULL, NULL, '2022-12-03 07:55:57', '2022-12-03 07:56:07'),
(3945, 54, 11, 53, '48', NULL, NULL, '2022-12-03 07:55:57', '2022-12-03 07:56:07'),
(3946, 54, 11, 54, '48', NULL, NULL, '2022-12-03 07:55:57', '2022-12-03 07:56:07'),
(3947, 54, 11, 55, '48', NULL, NULL, '2022-12-03 07:55:57', '2022-12-03 07:56:07'),
(3948, 54, 12, 56, '48', NULL, NULL, '2022-12-03 07:55:57', '2022-12-03 07:56:07'),
(3949, 54, 12, 57, '48', NULL, NULL, '2022-12-03 07:55:57', '2022-12-03 07:56:07'),
(3950, 54, 12, 58, '48', NULL, NULL, '2022-12-03 07:55:57', '2022-12-03 07:56:07'),
(3951, 54, 12, 59, '48', NULL, NULL, '2022-12-03 07:55:57', '2022-12-03 07:56:07'),
(3952, 54, 12, 60, '48', NULL, NULL, '2022-12-03 07:55:57', '2022-12-03 07:56:07'),
(3953, 54, 12, 61, '48', NULL, NULL, '2022-12-03 07:55:57', '2022-12-03 07:56:07'),
(3954, 54, 13, 62, '48', NULL, NULL, '2022-12-03 07:55:57', '2022-12-03 07:56:07'),
(3955, 54, 13, 63, '48', NULL, NULL, '2022-12-03 07:55:57', '2022-12-03 07:56:07'),
(3956, 54, 13, 64, '48', NULL, NULL, '2022-12-03 07:55:57', '2022-12-03 07:56:07'),
(3957, 54, 13, 65, '48', NULL, NULL, '2022-12-03 07:55:57', '2022-12-03 07:56:07'),
(3958, 54, 13, 66, '48', NULL, NULL, '2022-12-03 07:55:57', '2022-12-03 07:56:07');
INSERT INTO `up_analyses_details` (`id`, `analyses_id`, `category_id`, `product_id`, `target_monthly_sales`, `type_of_analysis`, `action`, `created_at`, `updated_at`) VALUES
(3959, 54, 14, 67, '48', NULL, NULL, '2022-12-03 07:55:57', '2022-12-03 07:56:07'),
(3960, 54, 14, 68, '48', NULL, NULL, '2022-12-03 07:55:57', '2022-12-03 07:56:07'),
(3961, 54, 14, 69, '48', NULL, NULL, '2022-12-03 07:55:57', '2022-12-03 07:56:07'),
(3962, 54, 14, 70, '48', NULL, NULL, '2022-12-03 07:55:57', '2022-12-03 07:56:07'),
(3963, 54, 15, 71, '48', NULL, NULL, '2022-12-03 07:55:57', '2022-12-03 07:56:07'),
(3964, 54, 15, 72, '48', NULL, NULL, '2022-12-03 07:55:57', '2022-12-03 07:56:07'),
(3965, 54, 16, 73, '48', NULL, NULL, '2022-12-03 07:55:57', '2022-12-03 07:56:07'),
(3966, 54, 16, 74, '48', NULL, NULL, '2022-12-03 07:55:57', '2022-12-03 07:56:07'),
(3967, 54, 16, 75, '48', NULL, NULL, '2022-12-03 07:55:57', '2022-12-03 07:56:07'),
(3968, 54, 16, 76, '48', NULL, NULL, '2022-12-03 07:55:57', '2022-12-03 07:56:07'),
(3969, 54, 17, 77, '48', NULL, NULL, '2022-12-03 07:55:57', '2022-12-03 07:56:07'),
(3970, 54, 17, 78, '48', NULL, NULL, '2022-12-03 07:55:57', '2022-12-03 07:56:07'),
(3971, 54, 17, 79, '48', NULL, NULL, '2022-12-03 07:55:57', '2022-12-03 07:56:07'),
(3972, 55, 1, 1, '48', NULL, NULL, '2022-12-03 11:27:47', '2022-12-03 11:27:51'),
(3973, 55, 1, 2, '48', NULL, NULL, '2022-12-03 11:27:47', '2022-12-03 11:27:51'),
(3974, 55, 1, 3, '48', NULL, NULL, '2022-12-03 11:27:47', '2022-12-03 11:27:51'),
(3975, 55, 2, 4, '48', NULL, NULL, '2022-12-03 11:27:47', '2022-12-03 11:27:51'),
(3976, 55, 2, 5, '48', NULL, NULL, '2022-12-03 11:27:47', '2022-12-03 11:27:51'),
(3977, 55, 3, 6, '48', NULL, NULL, '2022-12-03 11:27:47', '2022-12-03 11:27:51'),
(3978, 55, 3, 7, '48', NULL, NULL, '2022-12-03 11:27:47', '2022-12-03 11:27:51'),
(3979, 55, 3, 8, '48', NULL, NULL, '2022-12-03 11:27:47', '2022-12-03 11:27:51'),
(3980, 55, 3, 9, '48', NULL, NULL, '2022-12-03 11:27:47', '2022-12-03 11:27:51'),
(3981, 55, 3, 10, '48', NULL, NULL, '2022-12-03 11:27:47', '2022-12-03 11:27:51'),
(3982, 55, 3, 11, '48', NULL, NULL, '2022-12-03 11:27:47', '2022-12-03 11:27:51'),
(3983, 55, 3, 12, '48', NULL, NULL, '2022-12-03 11:27:47', '2022-12-03 11:27:51'),
(3984, 55, 3, 13, '48', NULL, NULL, '2022-12-03 11:27:47', '2022-12-03 11:27:51'),
(3985, 55, 3, 14, '48', NULL, NULL, '2022-12-03 11:27:47', '2022-12-03 11:27:51'),
(3986, 55, 4, 15, '48', NULL, NULL, '2022-12-03 11:27:47', '2022-12-03 11:27:51'),
(3987, 55, 4, 16, '48', NULL, NULL, '2022-12-03 11:27:47', '2022-12-03 11:27:51'),
(3988, 55, 5, 17, '48', NULL, NULL, '2022-12-03 11:27:47', '2022-12-03 11:27:51'),
(3989, 55, 5, 18, '48', NULL, NULL, '2022-12-03 11:27:47', '2022-12-03 11:27:51'),
(3990, 55, 5, 19, '48', NULL, NULL, '2022-12-03 11:27:47', '2022-12-03 11:27:51'),
(3991, 55, 5, 20, '48', NULL, NULL, '2022-12-03 11:27:47', '2022-12-03 11:27:51'),
(3992, 55, 5, 21, '48', NULL, NULL, '2022-12-03 11:27:47', '2022-12-03 11:27:51'),
(3993, 55, 5, 22, '48', NULL, NULL, '2022-12-03 11:27:47', '2022-12-03 11:27:51'),
(3994, 55, 5, 23, '48', NULL, NULL, '2022-12-03 11:27:47', '2022-12-03 11:27:51'),
(3995, 55, 6, 24, '48', NULL, NULL, '2022-12-03 11:27:47', '2022-12-03 11:27:51'),
(3996, 55, 6, 25, '48', NULL, NULL, '2022-12-03 11:27:47', '2022-12-03 11:27:51'),
(3997, 55, 7, 26, '48', NULL, NULL, '2022-12-03 11:27:47', '2022-12-03 11:27:51'),
(3998, 55, 7, 27, '48', NULL, NULL, '2022-12-03 11:27:47', '2022-12-03 11:27:51'),
(3999, 55, 7, 28, '48', NULL, NULL, '2022-12-03 11:27:47', '2022-12-03 11:27:51'),
(4000, 55, 7, 29, '48', NULL, NULL, '2022-12-03 11:27:47', '2022-12-03 11:27:51'),
(4001, 55, 7, 30, '48', NULL, NULL, '2022-12-03 11:27:47', '2022-12-03 11:27:51'),
(4002, 55, 7, 31, '48', NULL, NULL, '2022-12-03 11:27:47', '2022-12-03 11:27:51'),
(4003, 55, 7, 32, '48', NULL, NULL, '2022-12-03 11:27:47', '2022-12-03 11:27:51'),
(4004, 55, 7, 33, '48', NULL, NULL, '2022-12-03 11:27:47', '2022-12-03 11:27:51'),
(4005, 55, 7, 34, '48', NULL, NULL, '2022-12-03 11:27:47', '2022-12-03 11:27:51'),
(4006, 55, 7, 35, '48', NULL, NULL, '2022-12-03 11:27:47', '2022-12-03 11:27:51'),
(4007, 55, 7, 36, '48', NULL, NULL, '2022-12-03 11:27:47', '2022-12-03 11:27:51'),
(4008, 55, 7, 37, '48', NULL, NULL, '2022-12-03 11:27:47', '2022-12-03 11:27:51'),
(4009, 55, 8, 38, '48', NULL, NULL, '2022-12-03 11:27:47', '2022-12-03 11:27:51'),
(4010, 55, 8, 39, '48', NULL, NULL, '2022-12-03 11:27:47', '2022-12-03 11:27:51'),
(4011, 55, 8, 40, '48', NULL, NULL, '2022-12-03 11:27:47', '2022-12-03 11:27:51'),
(4012, 55, 8, 41, '48', NULL, NULL, '2022-12-03 11:27:47', '2022-12-03 11:27:51'),
(4013, 55, 8, 42, '48', NULL, NULL, '2022-12-03 11:27:47', '2022-12-03 11:27:51'),
(4014, 55, 9, 43, '48', NULL, NULL, '2022-12-03 11:27:47', '2022-12-03 11:27:51'),
(4015, 55, 9, 44, '48', NULL, NULL, '2022-12-03 11:27:47', '2022-12-03 11:27:51'),
(4016, 55, 9, 45, '48', NULL, NULL, '2022-12-03 11:27:47', '2022-12-03 11:27:51'),
(4017, 55, 9, 46, '48', NULL, NULL, '2022-12-03 11:27:47', '2022-12-03 11:27:51'),
(4018, 55, 9, 47, '48', NULL, NULL, '2022-12-03 11:27:47', '2022-12-03 11:27:51'),
(4019, 55, 10, 48, '48', NULL, NULL, '2022-12-03 11:27:47', '2022-12-03 11:27:51'),
(4020, 55, 10, 49, '48', NULL, NULL, '2022-12-03 11:27:47', '2022-12-03 11:27:51'),
(4021, 55, 11, 50, '48', NULL, NULL, '2022-12-03 11:27:47', '2022-12-03 11:27:51'),
(4022, 55, 11, 51, '48', NULL, NULL, '2022-12-03 11:27:47', '2022-12-03 11:27:51'),
(4023, 55, 11, 52, '48', NULL, NULL, '2022-12-03 11:27:47', '2022-12-03 11:27:51'),
(4024, 55, 11, 53, '48', NULL, NULL, '2022-12-03 11:27:47', '2022-12-03 11:27:51'),
(4025, 55, 11, 54, '48', NULL, NULL, '2022-12-03 11:27:47', '2022-12-03 11:27:51'),
(4026, 55, 11, 55, '48', NULL, NULL, '2022-12-03 11:27:47', '2022-12-03 11:27:51'),
(4027, 55, 12, 56, '48', NULL, NULL, '2022-12-03 11:27:47', '2022-12-03 11:27:51'),
(4028, 55, 12, 57, '48', NULL, NULL, '2022-12-03 11:27:47', '2022-12-03 11:27:51'),
(4029, 55, 12, 58, '48', NULL, NULL, '2022-12-03 11:27:47', '2022-12-03 11:27:51'),
(4030, 55, 12, 59, '48', NULL, NULL, '2022-12-03 11:27:47', '2022-12-03 11:27:51'),
(4031, 55, 12, 60, '48', NULL, NULL, '2022-12-03 11:27:47', '2022-12-03 11:27:51'),
(4032, 55, 12, 61, '48', NULL, NULL, '2022-12-03 11:27:47', '2022-12-03 11:27:51'),
(4033, 55, 13, 62, '48', NULL, NULL, '2022-12-03 11:27:47', '2022-12-03 11:27:51'),
(4034, 55, 13, 63, '48', NULL, NULL, '2022-12-03 11:27:47', '2022-12-03 11:27:51'),
(4035, 55, 13, 64, '48', NULL, NULL, '2022-12-03 11:27:47', '2022-12-03 11:27:51'),
(4036, 55, 13, 65, '48', NULL, NULL, '2022-12-03 11:27:47', '2022-12-03 11:27:51'),
(4037, 55, 13, 66, '48', NULL, NULL, '2022-12-03 11:27:47', '2022-12-03 11:27:51'),
(4038, 55, 14, 67, '48', NULL, NULL, '2022-12-03 11:27:47', '2022-12-03 11:27:51'),
(4039, 55, 14, 68, '48', NULL, NULL, '2022-12-03 11:27:47', '2022-12-03 11:27:51'),
(4040, 55, 14, 69, '48', NULL, NULL, '2022-12-03 11:27:47', '2022-12-03 11:27:51'),
(4041, 55, 14, 70, '48', NULL, NULL, '2022-12-03 11:27:47', '2022-12-03 11:27:51'),
(4042, 55, 15, 71, '48', NULL, NULL, '2022-12-03 11:27:47', '2022-12-03 11:27:51'),
(4043, 55, 15, 72, '48', NULL, NULL, '2022-12-03 11:27:47', '2022-12-03 11:27:51'),
(4044, 55, 16, 73, '48', NULL, NULL, '2022-12-03 11:27:47', '2022-12-03 11:27:51'),
(4045, 55, 16, 74, '48', NULL, NULL, '2022-12-03 11:27:47', '2022-12-03 11:27:51'),
(4046, 55, 16, 75, '48', NULL, NULL, '2022-12-03 11:27:47', '2022-12-03 11:27:51'),
(4047, 55, 16, 76, '48', NULL, NULL, '2022-12-03 11:27:47', '2022-12-03 11:27:51'),
(4048, 55, 17, 77, '48', NULL, NULL, '2022-12-03 11:27:47', '2022-12-03 11:27:51'),
(4049, 55, 17, 78, '48', NULL, NULL, '2022-12-03 11:27:47', '2022-12-03 11:27:51'),
(4050, 55, 17, 79, '48', NULL, NULL, '2022-12-03 11:27:47', '2022-12-03 11:27:51'),
(4051, 56, 1, 1, '48', NULL, NULL, '2022-12-03 11:33:29', '2022-12-03 11:33:33'),
(4052, 56, 1, 2, '48', NULL, NULL, '2022-12-03 11:33:29', '2022-12-03 11:33:33'),
(4053, 56, 1, 3, '48', NULL, NULL, '2022-12-03 11:33:29', '2022-12-03 11:33:33'),
(4054, 56, 2, 4, '48', NULL, NULL, '2022-12-03 11:33:29', '2022-12-03 11:33:33'),
(4055, 56, 2, 5, '48', NULL, NULL, '2022-12-03 11:33:29', '2022-12-03 11:33:33'),
(4056, 56, 3, 6, '48', NULL, NULL, '2022-12-03 11:33:29', '2022-12-03 11:33:33'),
(4057, 56, 3, 7, '48', NULL, NULL, '2022-12-03 11:33:29', '2022-12-03 11:33:33'),
(4058, 56, 3, 8, '48', NULL, NULL, '2022-12-03 11:33:29', '2022-12-03 11:33:33'),
(4059, 56, 3, 9, '48', NULL, NULL, '2022-12-03 11:33:29', '2022-12-03 11:33:33'),
(4060, 56, 3, 10, '48', NULL, NULL, '2022-12-03 11:33:29', '2022-12-03 11:33:33'),
(4061, 56, 3, 11, '48', NULL, NULL, '2022-12-03 11:33:29', '2022-12-03 11:33:33'),
(4062, 56, 3, 12, '48', NULL, NULL, '2022-12-03 11:33:29', '2022-12-03 11:33:33'),
(4063, 56, 3, 13, '48', NULL, NULL, '2022-12-03 11:33:29', '2022-12-03 11:33:33'),
(4064, 56, 3, 14, '48', NULL, NULL, '2022-12-03 11:33:29', '2022-12-03 11:33:33'),
(4065, 56, 4, 15, '48', NULL, NULL, '2022-12-03 11:33:29', '2022-12-03 11:33:33'),
(4066, 56, 4, 16, '48', NULL, NULL, '2022-12-03 11:33:29', '2022-12-03 11:33:33'),
(4067, 56, 5, 17, '48', NULL, NULL, '2022-12-03 11:33:29', '2022-12-03 11:33:33'),
(4068, 56, 5, 18, '48', NULL, NULL, '2022-12-03 11:33:29', '2022-12-03 11:33:33'),
(4069, 56, 5, 19, '48', NULL, NULL, '2022-12-03 11:33:29', '2022-12-03 11:33:33'),
(4070, 56, 5, 20, '48', NULL, NULL, '2022-12-03 11:33:29', '2022-12-03 11:33:33'),
(4071, 56, 5, 21, '48', NULL, NULL, '2022-12-03 11:33:29', '2022-12-03 11:33:33'),
(4072, 56, 5, 22, '48', NULL, NULL, '2022-12-03 11:33:29', '2022-12-03 11:33:33'),
(4073, 56, 5, 23, '48', NULL, NULL, '2022-12-03 11:33:29', '2022-12-03 11:33:33'),
(4074, 56, 6, 24, '48', NULL, NULL, '2022-12-03 11:33:29', '2022-12-03 11:33:33'),
(4075, 56, 6, 25, '48', NULL, NULL, '2022-12-03 11:33:29', '2022-12-03 11:33:33'),
(4076, 56, 7, 26, '48', NULL, NULL, '2022-12-03 11:33:29', '2022-12-03 11:33:33'),
(4077, 56, 7, 27, '48', NULL, NULL, '2022-12-03 11:33:29', '2022-12-03 11:33:33'),
(4078, 56, 7, 28, '48', NULL, NULL, '2022-12-03 11:33:29', '2022-12-03 11:33:33'),
(4079, 56, 7, 29, '48', NULL, NULL, '2022-12-03 11:33:29', '2022-12-03 11:33:33'),
(4080, 56, 7, 30, '48', NULL, NULL, '2022-12-03 11:33:29', '2022-12-03 11:33:33'),
(4081, 56, 7, 31, '48', NULL, NULL, '2022-12-03 11:33:29', '2022-12-03 11:33:33'),
(4082, 56, 7, 32, '48', NULL, NULL, '2022-12-03 11:33:29', '2022-12-03 11:33:33'),
(4083, 56, 7, 33, '48', NULL, NULL, '2022-12-03 11:33:29', '2022-12-03 11:33:33'),
(4084, 56, 7, 34, '48', NULL, NULL, '2022-12-03 11:33:29', '2022-12-03 11:33:33'),
(4085, 56, 7, 35, '48', NULL, NULL, '2022-12-03 11:33:29', '2022-12-03 11:33:33'),
(4086, 56, 7, 36, '48', NULL, NULL, '2022-12-03 11:33:29', '2022-12-03 11:33:33'),
(4087, 56, 7, 37, '48', NULL, NULL, '2022-12-03 11:33:29', '2022-12-03 11:33:33'),
(4088, 56, 8, 38, '48', NULL, NULL, '2022-12-03 11:33:29', '2022-12-03 11:33:33'),
(4089, 56, 8, 39, '48', NULL, NULL, '2022-12-03 11:33:29', '2022-12-03 11:33:33'),
(4090, 56, 8, 40, '48', NULL, NULL, '2022-12-03 11:33:29', '2022-12-03 11:33:33'),
(4091, 56, 8, 41, '48', NULL, NULL, '2022-12-03 11:33:29', '2022-12-03 11:33:33'),
(4092, 56, 8, 42, '48', NULL, NULL, '2022-12-03 11:33:29', '2022-12-03 11:33:33'),
(4093, 56, 9, 43, '48', NULL, NULL, '2022-12-03 11:33:29', '2022-12-03 11:33:33'),
(4094, 56, 9, 44, '48', NULL, NULL, '2022-12-03 11:33:29', '2022-12-03 11:33:33'),
(4095, 56, 9, 45, '48', NULL, NULL, '2022-12-03 11:33:29', '2022-12-03 11:33:33'),
(4096, 56, 9, 46, '48', NULL, NULL, '2022-12-03 11:33:29', '2022-12-03 11:33:33'),
(4097, 56, 9, 47, '48', NULL, NULL, '2022-12-03 11:33:29', '2022-12-03 11:33:33'),
(4098, 56, 10, 48, '48', NULL, NULL, '2022-12-03 11:33:29', '2022-12-03 11:33:33'),
(4099, 56, 10, 49, '48', NULL, NULL, '2022-12-03 11:33:29', '2022-12-03 11:33:33'),
(4100, 56, 11, 50, '48', NULL, NULL, '2022-12-03 11:33:29', '2022-12-03 11:33:33'),
(4101, 56, 11, 51, '48', NULL, NULL, '2022-12-03 11:33:29', '2022-12-03 11:33:33'),
(4102, 56, 11, 52, '48', NULL, NULL, '2022-12-03 11:33:29', '2022-12-03 11:33:33'),
(4103, 56, 11, 53, '48', NULL, NULL, '2022-12-03 11:33:29', '2022-12-03 11:33:33'),
(4104, 56, 11, 54, '48', NULL, NULL, '2022-12-03 11:33:29', '2022-12-03 11:33:33'),
(4105, 56, 11, 55, '48', NULL, NULL, '2022-12-03 11:33:29', '2022-12-03 11:33:33'),
(4106, 56, 12, 56, '48', NULL, NULL, '2022-12-03 11:33:29', '2022-12-03 11:33:33'),
(4107, 56, 12, 57, '48', NULL, NULL, '2022-12-03 11:33:29', '2022-12-03 11:33:33'),
(4108, 56, 12, 58, '48', NULL, NULL, '2022-12-03 11:33:29', '2022-12-03 11:33:33'),
(4109, 56, 12, 59, '48', NULL, NULL, '2022-12-03 11:33:29', '2022-12-03 11:33:33'),
(4110, 56, 12, 60, '48', NULL, NULL, '2022-12-03 11:33:29', '2022-12-03 11:33:33'),
(4111, 56, 12, 61, '48', NULL, NULL, '2022-12-03 11:33:29', '2022-12-03 11:33:33'),
(4112, 56, 13, 62, '48', NULL, NULL, '2022-12-03 11:33:29', '2022-12-03 11:33:33'),
(4113, 56, 13, 63, '48', NULL, NULL, '2022-12-03 11:33:29', '2022-12-03 11:33:33'),
(4114, 56, 13, 64, '48', NULL, NULL, '2022-12-03 11:33:29', '2022-12-03 11:33:33'),
(4115, 56, 13, 65, '48', NULL, NULL, '2022-12-03 11:33:29', '2022-12-03 11:33:33'),
(4116, 56, 13, 66, '48', NULL, NULL, '2022-12-03 11:33:29', '2022-12-03 11:33:33'),
(4117, 56, 14, 67, '48', NULL, NULL, '2022-12-03 11:33:29', '2022-12-03 11:33:33'),
(4118, 56, 14, 68, '48', NULL, NULL, '2022-12-03 11:33:29', '2022-12-03 11:33:33'),
(4119, 56, 14, 69, '48', NULL, NULL, '2022-12-03 11:33:29', '2022-12-03 11:33:33'),
(4120, 56, 14, 70, '48', NULL, NULL, '2022-12-03 11:33:29', '2022-12-03 11:33:33'),
(4121, 56, 15, 71, '48', NULL, NULL, '2022-12-03 11:33:29', '2022-12-03 11:33:33'),
(4122, 56, 15, 72, '48', NULL, NULL, '2022-12-03 11:33:29', '2022-12-03 11:33:33'),
(4123, 56, 16, 73, '48', NULL, NULL, '2022-12-03 11:33:29', '2022-12-03 11:33:33'),
(4124, 56, 16, 74, '48', NULL, NULL, '2022-12-03 11:33:29', '2022-12-03 11:33:33'),
(4125, 56, 16, 75, '48', NULL, NULL, '2022-12-03 11:33:29', '2022-12-03 11:33:33'),
(4126, 56, 16, 76, '48', NULL, NULL, '2022-12-03 11:33:29', '2022-12-03 11:33:33'),
(4127, 56, 17, 77, '48', NULL, NULL, '2022-12-03 11:33:29', '2022-12-03 11:33:33'),
(4128, 56, 17, 78, '48', NULL, NULL, '2022-12-03 11:33:29', '2022-12-03 11:33:33'),
(4129, 56, 17, 79, '48', NULL, NULL, '2022-12-03 11:33:29', '2022-12-03 11:33:33'),
(4130, 57, 1, 1, '48', NULL, NULL, '2022-12-03 11:38:23', '2022-12-03 11:38:27'),
(4131, 57, 1, 2, '48', NULL, NULL, '2022-12-03 11:38:23', '2022-12-03 11:38:27'),
(4132, 57, 1, 3, '48', NULL, NULL, '2022-12-03 11:38:23', '2022-12-03 11:38:27'),
(4133, 57, 2, 4, '48', NULL, NULL, '2022-12-03 11:38:23', '2022-12-03 11:38:27'),
(4134, 57, 2, 5, '48', NULL, NULL, '2022-12-03 11:38:23', '2022-12-03 11:38:27'),
(4135, 57, 3, 6, '48', NULL, NULL, '2022-12-03 11:38:23', '2022-12-03 11:38:27'),
(4136, 57, 3, 7, '48', NULL, NULL, '2022-12-03 11:38:23', '2022-12-03 11:38:27'),
(4137, 57, 3, 8, '48', NULL, NULL, '2022-12-03 11:38:23', '2022-12-03 11:38:27'),
(4138, 57, 3, 9, '48', NULL, NULL, '2022-12-03 11:38:23', '2022-12-03 11:38:27'),
(4139, 57, 3, 10, '48', NULL, NULL, '2022-12-03 11:38:23', '2022-12-03 11:38:27'),
(4140, 57, 3, 11, '48', NULL, NULL, '2022-12-03 11:38:23', '2022-12-03 11:38:27'),
(4141, 57, 3, 12, '48', NULL, NULL, '2022-12-03 11:38:23', '2022-12-03 11:38:27'),
(4142, 57, 3, 13, '48', NULL, NULL, '2022-12-03 11:38:23', '2022-12-03 11:38:27'),
(4143, 57, 3, 14, '48', NULL, NULL, '2022-12-03 11:38:23', '2022-12-03 11:38:27'),
(4144, 57, 4, 15, '48', NULL, NULL, '2022-12-03 11:38:23', '2022-12-03 11:38:27'),
(4145, 57, 4, 16, '48', NULL, NULL, '2022-12-03 11:38:23', '2022-12-03 11:38:27'),
(4146, 57, 5, 17, '48', NULL, NULL, '2022-12-03 11:38:23', '2022-12-03 11:38:27'),
(4147, 57, 5, 18, '48', NULL, NULL, '2022-12-03 11:38:23', '2022-12-03 11:38:27'),
(4148, 57, 5, 19, '48', NULL, NULL, '2022-12-03 11:38:23', '2022-12-03 11:38:27'),
(4149, 57, 5, 20, '48', NULL, NULL, '2022-12-03 11:38:23', '2022-12-03 11:38:27'),
(4150, 57, 5, 21, '48', NULL, NULL, '2022-12-03 11:38:23', '2022-12-03 11:38:27'),
(4151, 57, 5, 22, '48', NULL, NULL, '2022-12-03 11:38:23', '2022-12-03 11:38:27'),
(4152, 57, 5, 23, '48', NULL, NULL, '2022-12-03 11:38:23', '2022-12-03 11:38:27'),
(4153, 57, 6, 24, '48', NULL, NULL, '2022-12-03 11:38:23', '2022-12-03 11:38:27'),
(4154, 57, 6, 25, '48', NULL, NULL, '2022-12-03 11:38:23', '2022-12-03 11:38:27'),
(4155, 57, 7, 26, '48', NULL, NULL, '2022-12-03 11:38:23', '2022-12-03 11:38:27'),
(4156, 57, 7, 27, '48', NULL, NULL, '2022-12-03 11:38:23', '2022-12-03 11:38:27'),
(4157, 57, 7, 28, '48', NULL, NULL, '2022-12-03 11:38:23', '2022-12-03 11:38:27'),
(4158, 57, 7, 29, '48', NULL, NULL, '2022-12-03 11:38:23', '2022-12-03 11:38:27'),
(4159, 57, 7, 30, '48', NULL, NULL, '2022-12-03 11:38:23', '2022-12-03 11:38:27'),
(4160, 57, 7, 31, '48', NULL, NULL, '2022-12-03 11:38:23', '2022-12-03 11:38:27'),
(4161, 57, 7, 32, '48', NULL, NULL, '2022-12-03 11:38:23', '2022-12-03 11:38:27'),
(4162, 57, 7, 33, '48', NULL, NULL, '2022-12-03 11:38:23', '2022-12-03 11:38:27'),
(4163, 57, 7, 34, '48', NULL, NULL, '2022-12-03 11:38:23', '2022-12-03 11:38:27'),
(4164, 57, 7, 35, '48', NULL, NULL, '2022-12-03 11:38:23', '2022-12-03 11:38:27'),
(4165, 57, 7, 36, '48', NULL, NULL, '2022-12-03 11:38:23', '2022-12-03 11:38:27'),
(4166, 57, 7, 37, '48', NULL, NULL, '2022-12-03 11:38:23', '2022-12-03 11:38:27'),
(4167, 57, 8, 38, '48', NULL, NULL, '2022-12-03 11:38:23', '2022-12-03 11:38:27'),
(4168, 57, 8, 39, '48', NULL, NULL, '2022-12-03 11:38:23', '2022-12-03 11:38:27'),
(4169, 57, 8, 40, '48', NULL, NULL, '2022-12-03 11:38:23', '2022-12-03 11:38:27'),
(4170, 57, 8, 41, '48', NULL, NULL, '2022-12-03 11:38:23', '2022-12-03 11:38:27'),
(4171, 57, 8, 42, '48', NULL, NULL, '2022-12-03 11:38:23', '2022-12-03 11:38:27'),
(4172, 57, 9, 43, '48', NULL, NULL, '2022-12-03 11:38:23', '2022-12-03 11:38:27'),
(4173, 57, 9, 44, '48', NULL, NULL, '2022-12-03 11:38:23', '2022-12-03 11:38:27'),
(4174, 57, 9, 45, '48', NULL, NULL, '2022-12-03 11:38:23', '2022-12-03 11:38:27'),
(4175, 57, 9, 46, '48', NULL, NULL, '2022-12-03 11:38:23', '2022-12-03 11:38:27'),
(4176, 57, 9, 47, '48', NULL, NULL, '2022-12-03 11:38:23', '2022-12-03 11:38:27'),
(4177, 57, 10, 48, '48', NULL, NULL, '2022-12-03 11:38:23', '2022-12-03 11:38:27'),
(4178, 57, 10, 49, '48', NULL, NULL, '2022-12-03 11:38:23', '2022-12-03 11:38:27'),
(4179, 57, 11, 50, '48', NULL, NULL, '2022-12-03 11:38:23', '2022-12-03 11:38:27'),
(4180, 57, 11, 51, '48', NULL, NULL, '2022-12-03 11:38:23', '2022-12-03 11:38:27'),
(4181, 57, 11, 52, '48', NULL, NULL, '2022-12-03 11:38:23', '2022-12-03 11:38:27'),
(4182, 57, 11, 53, '48', NULL, NULL, '2022-12-03 11:38:23', '2022-12-03 11:38:27'),
(4183, 57, 11, 54, '48', NULL, NULL, '2022-12-03 11:38:23', '2022-12-03 11:38:27'),
(4184, 57, 11, 55, '48', NULL, NULL, '2022-12-03 11:38:23', '2022-12-03 11:38:27'),
(4185, 57, 12, 56, '48', NULL, NULL, '2022-12-03 11:38:23', '2022-12-03 11:38:27'),
(4186, 57, 12, 57, '48', NULL, NULL, '2022-12-03 11:38:23', '2022-12-03 11:38:27'),
(4187, 57, 12, 58, '48', NULL, NULL, '2022-12-03 11:38:23', '2022-12-03 11:38:27'),
(4188, 57, 12, 59, '48', NULL, NULL, '2022-12-03 11:38:23', '2022-12-03 11:38:27'),
(4189, 57, 12, 60, '48', NULL, NULL, '2022-12-03 11:38:23', '2022-12-03 11:38:27'),
(4190, 57, 12, 61, '48', NULL, NULL, '2022-12-03 11:38:23', '2022-12-03 11:38:27'),
(4191, 57, 13, 62, '48', NULL, NULL, '2022-12-03 11:38:23', '2022-12-03 11:38:27'),
(4192, 57, 13, 63, '48', NULL, NULL, '2022-12-03 11:38:23', '2022-12-03 11:38:27'),
(4193, 57, 13, 64, '48', NULL, NULL, '2022-12-03 11:38:23', '2022-12-03 11:38:27'),
(4194, 57, 13, 65, '48', NULL, NULL, '2022-12-03 11:38:23', '2022-12-03 11:38:27'),
(4195, 57, 13, 66, '48', NULL, NULL, '2022-12-03 11:38:23', '2022-12-03 11:38:27'),
(4196, 57, 14, 67, '48', NULL, NULL, '2022-12-03 11:38:23', '2022-12-03 11:38:27'),
(4197, 57, 14, 68, '48', NULL, NULL, '2022-12-03 11:38:23', '2022-12-03 11:38:27'),
(4198, 57, 14, 69, '48', NULL, NULL, '2022-12-03 11:38:23', '2022-12-03 11:38:27'),
(4199, 57, 14, 70, '48', NULL, NULL, '2022-12-03 11:38:23', '2022-12-03 11:38:27'),
(4200, 57, 15, 71, '48', NULL, NULL, '2022-12-03 11:38:23', '2022-12-03 11:38:27'),
(4201, 57, 15, 72, '48', NULL, NULL, '2022-12-03 11:38:23', '2022-12-03 11:38:27'),
(4202, 57, 16, 73, '48', NULL, NULL, '2022-12-03 11:38:23', '2022-12-03 11:38:27'),
(4203, 57, 16, 74, '48', NULL, NULL, '2022-12-03 11:38:23', '2022-12-03 11:38:27'),
(4204, 57, 16, 75, '48', NULL, NULL, '2022-12-03 11:38:23', '2022-12-03 11:38:27'),
(4205, 57, 16, 76, '48', NULL, NULL, '2022-12-03 11:38:23', '2022-12-03 11:38:27'),
(4206, 57, 17, 77, '48', NULL, NULL, '2022-12-03 11:38:23', '2022-12-03 11:38:27'),
(4207, 57, 17, 78, '48', NULL, NULL, '2022-12-03 11:38:23', '2022-12-03 11:38:27'),
(4208, 57, 17, 79, '48', NULL, NULL, '2022-12-03 11:38:23', '2022-12-03 11:38:27'),
(4209, 58, 1, 1, '48', NULL, NULL, '2022-12-03 11:44:30', '2022-12-03 11:44:34'),
(4210, 58, 1, 2, '48', NULL, NULL, '2022-12-03 11:44:30', '2022-12-03 11:44:34'),
(4211, 58, 1, 3, '48', NULL, NULL, '2022-12-03 11:44:30', '2022-12-03 11:44:34'),
(4212, 58, 2, 4, '48', NULL, NULL, '2022-12-03 11:44:30', '2022-12-03 11:44:34'),
(4213, 58, 2, 5, '48', NULL, NULL, '2022-12-03 11:44:30', '2022-12-03 11:44:34'),
(4214, 58, 3, 6, '48', NULL, NULL, '2022-12-03 11:44:30', '2022-12-03 11:44:34'),
(4215, 58, 3, 7, '48', NULL, NULL, '2022-12-03 11:44:30', '2022-12-03 11:44:34'),
(4216, 58, 3, 8, '48', NULL, NULL, '2022-12-03 11:44:30', '2022-12-03 11:44:34'),
(4217, 58, 3, 9, '48', NULL, NULL, '2022-12-03 11:44:30', '2022-12-03 11:44:34'),
(4218, 58, 3, 10, '48', NULL, NULL, '2022-12-03 11:44:30', '2022-12-03 11:44:34'),
(4219, 58, 3, 11, '48', NULL, NULL, '2022-12-03 11:44:30', '2022-12-03 11:44:34'),
(4220, 58, 3, 12, '48', NULL, NULL, '2022-12-03 11:44:30', '2022-12-03 11:44:34'),
(4221, 58, 3, 13, '48', NULL, NULL, '2022-12-03 11:44:30', '2022-12-03 11:44:34'),
(4222, 58, 3, 14, '48', NULL, NULL, '2022-12-03 11:44:30', '2022-12-03 11:44:34'),
(4223, 58, 4, 15, '48', NULL, NULL, '2022-12-03 11:44:30', '2022-12-03 11:44:34'),
(4224, 58, 4, 16, '48', NULL, NULL, '2022-12-03 11:44:30', '2022-12-03 11:44:34'),
(4225, 58, 5, 17, '48', NULL, NULL, '2022-12-03 11:44:30', '2022-12-03 11:44:34'),
(4226, 58, 5, 18, '48', NULL, NULL, '2022-12-03 11:44:30', '2022-12-03 11:44:34'),
(4227, 58, 5, 19, '48', NULL, NULL, '2022-12-03 11:44:30', '2022-12-03 11:44:34'),
(4228, 58, 5, 20, '48', NULL, NULL, '2022-12-03 11:44:30', '2022-12-03 11:44:34'),
(4229, 58, 5, 21, '48', NULL, NULL, '2022-12-03 11:44:30', '2022-12-03 11:44:34'),
(4230, 58, 5, 22, '48', NULL, NULL, '2022-12-03 11:44:30', '2022-12-03 11:44:34'),
(4231, 58, 5, 23, '48', NULL, NULL, '2022-12-03 11:44:30', '2022-12-03 11:44:34'),
(4232, 58, 6, 24, '48', NULL, NULL, '2022-12-03 11:44:30', '2022-12-03 11:44:34'),
(4233, 58, 6, 25, '48', NULL, NULL, '2022-12-03 11:44:30', '2022-12-03 11:44:34'),
(4234, 58, 7, 26, '48', NULL, NULL, '2022-12-03 11:44:30', '2022-12-03 11:44:34'),
(4235, 58, 7, 27, '48', NULL, NULL, '2022-12-03 11:44:30', '2022-12-03 11:44:34'),
(4236, 58, 7, 28, '48', NULL, NULL, '2022-12-03 11:44:30', '2022-12-03 11:44:34'),
(4237, 58, 7, 29, '48', NULL, NULL, '2022-12-03 11:44:30', '2022-12-03 11:44:34'),
(4238, 58, 7, 30, '48', NULL, NULL, '2022-12-03 11:44:30', '2022-12-03 11:44:34'),
(4239, 58, 7, 31, '48', NULL, NULL, '2022-12-03 11:44:30', '2022-12-03 11:44:34'),
(4240, 58, 7, 32, '48', NULL, NULL, '2022-12-03 11:44:30', '2022-12-03 11:44:34'),
(4241, 58, 7, 33, '48', NULL, NULL, '2022-12-03 11:44:30', '2022-12-03 11:44:34'),
(4242, 58, 7, 34, '48', NULL, NULL, '2022-12-03 11:44:30', '2022-12-03 11:44:34'),
(4243, 58, 7, 35, '48', NULL, NULL, '2022-12-03 11:44:30', '2022-12-03 11:44:34'),
(4244, 58, 7, 36, '48', NULL, NULL, '2022-12-03 11:44:30', '2022-12-03 11:44:34'),
(4245, 58, 7, 37, '48', NULL, NULL, '2022-12-03 11:44:30', '2022-12-03 11:44:34'),
(4246, 58, 8, 38, '48', NULL, NULL, '2022-12-03 11:44:30', '2022-12-03 11:44:34'),
(4247, 58, 8, 39, '48', NULL, NULL, '2022-12-03 11:44:30', '2022-12-03 11:44:34'),
(4248, 58, 8, 40, '48', NULL, NULL, '2022-12-03 11:44:30', '2022-12-03 11:44:34'),
(4249, 58, 8, 41, '48', NULL, NULL, '2022-12-03 11:44:30', '2022-12-03 11:44:34'),
(4250, 58, 8, 42, '48', NULL, NULL, '2022-12-03 11:44:30', '2022-12-03 11:44:34'),
(4251, 58, 9, 43, '48', NULL, NULL, '2022-12-03 11:44:30', '2022-12-03 11:44:34'),
(4252, 58, 9, 44, '48', NULL, NULL, '2022-12-03 11:44:30', '2022-12-03 11:44:34'),
(4253, 58, 9, 45, '48', NULL, NULL, '2022-12-03 11:44:30', '2022-12-03 11:44:34'),
(4254, 58, 9, 46, '48', NULL, NULL, '2022-12-03 11:44:30', '2022-12-03 11:44:34'),
(4255, 58, 9, 47, '48', NULL, NULL, '2022-12-03 11:44:30', '2022-12-03 11:44:34'),
(4256, 58, 10, 48, '48', NULL, NULL, '2022-12-03 11:44:30', '2022-12-03 11:44:34'),
(4257, 58, 10, 49, '48', NULL, NULL, '2022-12-03 11:44:30', '2022-12-03 11:44:34'),
(4258, 58, 11, 50, '48', NULL, NULL, '2022-12-03 11:44:30', '2022-12-03 11:44:34'),
(4259, 58, 11, 51, '48', NULL, NULL, '2022-12-03 11:44:30', '2022-12-03 11:44:34'),
(4260, 58, 11, 52, '48', NULL, NULL, '2022-12-03 11:44:30', '2022-12-03 11:44:34'),
(4261, 58, 11, 53, '48', NULL, NULL, '2022-12-03 11:44:30', '2022-12-03 11:44:34'),
(4262, 58, 11, 54, '48', NULL, NULL, '2022-12-03 11:44:30', '2022-12-03 11:44:34'),
(4263, 58, 11, 55, '48', NULL, NULL, '2022-12-03 11:44:30', '2022-12-03 11:44:34'),
(4264, 58, 12, 56, '48', NULL, NULL, '2022-12-03 11:44:30', '2022-12-03 11:44:34'),
(4265, 58, 12, 57, '48', NULL, NULL, '2022-12-03 11:44:30', '2022-12-03 11:44:34'),
(4266, 58, 12, 58, '48', NULL, NULL, '2022-12-03 11:44:30', '2022-12-03 11:44:34'),
(4267, 58, 12, 59, '48', NULL, NULL, '2022-12-03 11:44:30', '2022-12-03 11:44:34'),
(4268, 58, 12, 60, '48', NULL, NULL, '2022-12-03 11:44:30', '2022-12-03 11:44:34'),
(4269, 58, 12, 61, '48', NULL, NULL, '2022-12-03 11:44:30', '2022-12-03 11:44:34'),
(4270, 58, 13, 62, '48', NULL, NULL, '2022-12-03 11:44:30', '2022-12-03 11:44:34'),
(4271, 58, 13, 63, '48', NULL, NULL, '2022-12-03 11:44:30', '2022-12-03 11:44:34'),
(4272, 58, 13, 64, '48', NULL, NULL, '2022-12-03 11:44:30', '2022-12-03 11:44:34'),
(4273, 58, 13, 65, '48', NULL, NULL, '2022-12-03 11:44:30', '2022-12-03 11:44:34'),
(4274, 58, 13, 66, '48', NULL, NULL, '2022-12-03 11:44:30', '2022-12-03 11:44:34'),
(4275, 58, 14, 67, '48', NULL, NULL, '2022-12-03 11:44:30', '2022-12-03 11:44:34'),
(4276, 58, 14, 68, '48', NULL, NULL, '2022-12-03 11:44:30', '2022-12-03 11:44:34'),
(4277, 58, 14, 69, '48', NULL, NULL, '2022-12-03 11:44:30', '2022-12-03 11:44:34'),
(4278, 58, 14, 70, '48', NULL, NULL, '2022-12-03 11:44:30', '2022-12-03 11:44:34'),
(4279, 58, 15, 71, '48', NULL, NULL, '2022-12-03 11:44:30', '2022-12-03 11:44:34'),
(4280, 58, 15, 72, '48', NULL, NULL, '2022-12-03 11:44:30', '2022-12-03 11:44:34'),
(4281, 58, 16, 73, '48', NULL, NULL, '2022-12-03 11:44:30', '2022-12-03 11:44:34'),
(4282, 58, 16, 74, '48', NULL, NULL, '2022-12-03 11:44:30', '2022-12-03 11:44:34'),
(4283, 58, 16, 75, '48', NULL, NULL, '2022-12-03 11:44:30', '2022-12-03 11:44:34'),
(4284, 58, 16, 76, '48', NULL, NULL, '2022-12-03 11:44:30', '2022-12-03 11:44:34'),
(4285, 58, 17, 77, '48', NULL, NULL, '2022-12-03 11:44:30', '2022-12-03 11:44:34'),
(4286, 58, 17, 78, '48', NULL, NULL, '2022-12-03 11:44:30', '2022-12-03 11:44:34'),
(4287, 58, 17, 79, '48', NULL, NULL, '2022-12-03 11:44:30', '2022-12-03 11:44:34'),
(4288, 59, 1, 1, '48', NULL, NULL, '2022-12-03 11:53:01', '2022-12-03 11:53:09'),
(4289, 59, 1, 2, '48', NULL, NULL, '2022-12-03 11:53:01', '2022-12-03 11:53:09'),
(4290, 59, 1, 3, '48', NULL, NULL, '2022-12-03 11:53:01', '2022-12-03 11:53:09'),
(4291, 59, 2, 4, '48', NULL, NULL, '2022-12-03 11:53:01', '2022-12-03 11:53:09'),
(4292, 59, 2, 5, '48', NULL, NULL, '2022-12-03 11:53:01', '2022-12-03 11:53:09'),
(4293, 59, 3, 6, '48', NULL, NULL, '2022-12-03 11:53:01', '2022-12-03 11:53:09'),
(4294, 59, 3, 7, '48', NULL, NULL, '2022-12-03 11:53:01', '2022-12-03 11:53:09'),
(4295, 59, 3, 8, '48', NULL, NULL, '2022-12-03 11:53:01', '2022-12-03 11:53:09'),
(4296, 59, 3, 9, '48', NULL, NULL, '2022-12-03 11:53:01', '2022-12-03 11:53:09'),
(4297, 59, 3, 10, '48', NULL, NULL, '2022-12-03 11:53:01', '2022-12-03 11:53:09'),
(4298, 59, 3, 11, '48', NULL, NULL, '2022-12-03 11:53:01', '2022-12-03 11:53:09'),
(4299, 59, 3, 12, '48', NULL, NULL, '2022-12-03 11:53:01', '2022-12-03 11:53:09'),
(4300, 59, 3, 13, '48', NULL, NULL, '2022-12-03 11:53:01', '2022-12-03 11:53:09'),
(4301, 59, 3, 14, '48', NULL, NULL, '2022-12-03 11:53:01', '2022-12-03 11:53:09'),
(4302, 59, 4, 15, '48', NULL, NULL, '2022-12-03 11:53:01', '2022-12-03 11:53:09'),
(4303, 59, 4, 16, '48', NULL, NULL, '2022-12-03 11:53:01', '2022-12-03 11:53:09'),
(4304, 59, 5, 17, '48', NULL, NULL, '2022-12-03 11:53:01', '2022-12-03 11:53:09'),
(4305, 59, 5, 18, '48', NULL, NULL, '2022-12-03 11:53:01', '2022-12-03 11:53:09'),
(4306, 59, 5, 19, '48', NULL, NULL, '2022-12-03 11:53:01', '2022-12-03 11:53:09'),
(4307, 59, 5, 20, '48', NULL, NULL, '2022-12-03 11:53:01', '2022-12-03 11:53:09'),
(4308, 59, 5, 21, '48', NULL, NULL, '2022-12-03 11:53:01', '2022-12-03 11:53:09'),
(4309, 59, 5, 22, '48', NULL, NULL, '2022-12-03 11:53:01', '2022-12-03 11:53:09'),
(4310, 59, 5, 23, '48', NULL, NULL, '2022-12-03 11:53:01', '2022-12-03 11:53:09'),
(4311, 59, 6, 24, '48', NULL, NULL, '2022-12-03 11:53:01', '2022-12-03 11:53:09'),
(4312, 59, 6, 25, '48', NULL, NULL, '2022-12-03 11:53:01', '2022-12-03 11:53:09'),
(4313, 59, 7, 26, '48', NULL, NULL, '2022-12-03 11:53:01', '2022-12-03 11:53:09'),
(4314, 59, 7, 27, '48', NULL, NULL, '2022-12-03 11:53:01', '2022-12-03 11:53:09'),
(4315, 59, 7, 28, '48', NULL, NULL, '2022-12-03 11:53:01', '2022-12-03 11:53:09'),
(4316, 59, 7, 29, '48', NULL, NULL, '2022-12-03 11:53:01', '2022-12-03 11:53:09'),
(4317, 59, 7, 30, '48', NULL, NULL, '2022-12-03 11:53:01', '2022-12-03 11:53:09'),
(4318, 59, 7, 31, '48', NULL, NULL, '2022-12-03 11:53:01', '2022-12-03 11:53:09'),
(4319, 59, 7, 32, '48', NULL, NULL, '2022-12-03 11:53:01', '2022-12-03 11:53:09'),
(4320, 59, 7, 33, '48', NULL, NULL, '2022-12-03 11:53:01', '2022-12-03 11:53:09'),
(4321, 59, 7, 34, '48', NULL, NULL, '2022-12-03 11:53:01', '2022-12-03 11:53:09'),
(4322, 59, 7, 35, '48', NULL, NULL, '2022-12-03 11:53:01', '2022-12-03 11:53:09'),
(4323, 59, 7, 36, '48', NULL, NULL, '2022-12-03 11:53:01', '2022-12-03 11:53:09'),
(4324, 59, 7, 37, '48', NULL, NULL, '2022-12-03 11:53:01', '2022-12-03 11:53:09'),
(4325, 59, 8, 38, '48', NULL, NULL, '2022-12-03 11:53:01', '2022-12-03 11:53:09'),
(4326, 59, 8, 39, '48', NULL, NULL, '2022-12-03 11:53:01', '2022-12-03 11:53:09'),
(4327, 59, 8, 40, '48', NULL, NULL, '2022-12-03 11:53:01', '2022-12-03 11:53:09'),
(4328, 59, 8, 41, '48', NULL, NULL, '2022-12-03 11:53:01', '2022-12-03 11:53:09'),
(4329, 59, 8, 42, '48', NULL, NULL, '2022-12-03 11:53:01', '2022-12-03 11:53:09'),
(4330, 59, 9, 43, '48', NULL, NULL, '2022-12-03 11:53:01', '2022-12-03 11:53:09'),
(4331, 59, 9, 44, '48', NULL, NULL, '2022-12-03 11:53:01', '2022-12-03 11:53:09'),
(4332, 59, 9, 45, '48', NULL, NULL, '2022-12-03 11:53:01', '2022-12-03 11:53:09'),
(4333, 59, 9, 46, '48', NULL, NULL, '2022-12-03 11:53:01', '2022-12-03 11:53:09'),
(4334, 59, 9, 47, '48', NULL, NULL, '2022-12-03 11:53:01', '2022-12-03 11:53:09'),
(4335, 59, 10, 48, '48', NULL, NULL, '2022-12-03 11:53:01', '2022-12-03 11:53:09'),
(4336, 59, 10, 49, '48', NULL, NULL, '2022-12-03 11:53:01', '2022-12-03 11:53:09'),
(4337, 59, 11, 50, '48', NULL, NULL, '2022-12-03 11:53:01', '2022-12-03 11:53:09'),
(4338, 59, 11, 51, '48', NULL, NULL, '2022-12-03 11:53:01', '2022-12-03 11:53:09'),
(4339, 59, 11, 52, '48', NULL, NULL, '2022-12-03 11:53:01', '2022-12-03 11:53:09'),
(4340, 59, 11, 53, '48', NULL, NULL, '2022-12-03 11:53:01', '2022-12-03 11:53:09'),
(4341, 59, 11, 54, '48', NULL, NULL, '2022-12-03 11:53:01', '2022-12-03 11:53:09'),
(4342, 59, 11, 55, '48', NULL, NULL, '2022-12-03 11:53:01', '2022-12-03 11:53:09'),
(4343, 59, 12, 56, '48', NULL, NULL, '2022-12-03 11:53:01', '2022-12-03 11:53:09'),
(4344, 59, 12, 57, '48', NULL, NULL, '2022-12-03 11:53:01', '2022-12-03 11:53:09'),
(4345, 59, 12, 58, '48', NULL, NULL, '2022-12-03 11:53:01', '2022-12-03 11:53:09'),
(4346, 59, 12, 59, '48', NULL, NULL, '2022-12-03 11:53:01', '2022-12-03 11:53:09'),
(4347, 59, 12, 60, '48', NULL, NULL, '2022-12-03 11:53:01', '2022-12-03 11:53:09'),
(4348, 59, 12, 61, '48', NULL, NULL, '2022-12-03 11:53:01', '2022-12-03 11:53:09'),
(4349, 59, 13, 62, '48', NULL, NULL, '2022-12-03 11:53:01', '2022-12-03 11:53:09'),
(4350, 59, 13, 63, '48', NULL, NULL, '2022-12-03 11:53:01', '2022-12-03 11:53:09'),
(4351, 59, 13, 64, '48', NULL, NULL, '2022-12-03 11:53:01', '2022-12-03 11:53:09'),
(4352, 59, 13, 65, '48', NULL, NULL, '2022-12-03 11:53:01', '2022-12-03 11:53:09'),
(4353, 59, 13, 66, '48', NULL, NULL, '2022-12-03 11:53:01', '2022-12-03 11:53:09'),
(4354, 59, 14, 67, '48', NULL, NULL, '2022-12-03 11:53:01', '2022-12-03 11:53:09'),
(4355, 59, 14, 68, '48', NULL, NULL, '2022-12-03 11:53:01', '2022-12-03 11:53:09'),
(4356, 59, 14, 69, '48', NULL, NULL, '2022-12-03 11:53:01', '2022-12-03 11:53:09'),
(4357, 59, 14, 70, '48', NULL, NULL, '2022-12-03 11:53:01', '2022-12-03 11:53:09'),
(4358, 59, 15, 71, '48', NULL, NULL, '2022-12-03 11:53:01', '2022-12-03 11:53:09'),
(4359, 59, 15, 72, '48', NULL, NULL, '2022-12-03 11:53:01', '2022-12-03 11:53:09'),
(4360, 59, 16, 73, '48', NULL, NULL, '2022-12-03 11:53:01', '2022-12-03 11:53:09'),
(4361, 59, 16, 74, '48', NULL, NULL, '2022-12-03 11:53:01', '2022-12-03 11:53:09'),
(4362, 59, 16, 75, '48', NULL, NULL, '2022-12-03 11:53:01', '2022-12-03 11:53:09'),
(4363, 59, 16, 76, '48', NULL, NULL, '2022-12-03 11:53:01', '2022-12-03 11:53:09'),
(4364, 59, 17, 77, '48', NULL, NULL, '2022-12-03 11:53:01', '2022-12-03 11:53:09'),
(4365, 59, 17, 78, '48', NULL, NULL, '2022-12-03 11:53:01', '2022-12-03 11:53:09'),
(4366, 59, 17, 79, '48', NULL, NULL, '2022-12-03 11:53:01', '2022-12-03 11:53:09'),
(4367, 60, 1, 1, '48', NULL, NULL, '2022-12-08 08:12:28', NULL),
(4368, 60, 1, 2, '48', NULL, NULL, '2022-12-08 08:12:28', NULL),
(4369, 60, 1, 3, '48', NULL, NULL, '2022-12-08 08:12:28', NULL),
(4370, 60, 2, 4, '48', NULL, NULL, '2022-12-08 08:12:28', NULL),
(4371, 60, 2, 5, '48', NULL, NULL, '2022-12-08 08:12:28', NULL),
(4372, 60, 3, 6, '48', NULL, NULL, '2022-12-08 08:12:28', NULL),
(4373, 60, 3, 7, '48', NULL, NULL, '2022-12-08 08:12:28', NULL),
(4374, 60, 3, 8, '48', NULL, NULL, '2022-12-08 08:12:28', NULL),
(4375, 60, 3, 9, '48', NULL, NULL, '2022-12-08 08:12:28', NULL),
(4376, 60, 3, 10, '48', NULL, NULL, '2022-12-08 08:12:28', NULL),
(4377, 60, 3, 11, '48', NULL, NULL, '2022-12-08 08:12:28', NULL),
(4378, 60, 3, 12, '48', NULL, NULL, '2022-12-08 08:12:28', NULL),
(4379, 60, 3, 13, '48', NULL, NULL, '2022-12-08 08:12:28', NULL),
(4380, 60, 3, 14, '48', NULL, NULL, '2022-12-08 08:12:28', NULL),
(4381, 60, 4, 15, '48', NULL, NULL, '2022-12-08 08:12:28', NULL),
(4382, 60, 4, 16, '48', NULL, NULL, '2022-12-08 08:12:28', NULL),
(4383, 60, 5, 17, '48', NULL, NULL, '2022-12-08 08:12:28', NULL),
(4384, 60, 5, 18, '48', NULL, NULL, '2022-12-08 08:12:28', NULL),
(4385, 60, 5, 19, '48', NULL, NULL, '2022-12-08 08:12:28', NULL),
(4386, 60, 5, 20, '48', NULL, NULL, '2022-12-08 08:12:28', NULL),
(4387, 60, 5, 21, '48', NULL, NULL, '2022-12-08 08:12:28', NULL),
(4388, 60, 5, 22, '48', NULL, NULL, '2022-12-08 08:12:28', NULL),
(4389, 60, 5, 23, '48', NULL, NULL, '2022-12-08 08:12:28', NULL),
(4390, 60, 6, 24, '48', NULL, NULL, '2022-12-08 08:12:28', NULL),
(4391, 60, 6, 25, '48', NULL, NULL, '2022-12-08 08:12:28', NULL),
(4392, 60, 7, 26, '48', NULL, NULL, '2022-12-08 08:12:28', NULL),
(4393, 60, 7, 27, '48', NULL, NULL, '2022-12-08 08:12:28', NULL),
(4394, 60, 7, 28, '48', NULL, NULL, '2022-12-08 08:12:28', NULL),
(4395, 60, 7, 29, '48', NULL, NULL, '2022-12-08 08:12:28', NULL),
(4396, 60, 7, 30, '48', NULL, NULL, '2022-12-08 08:12:28', NULL),
(4397, 60, 7, 31, '48', NULL, NULL, '2022-12-08 08:12:28', NULL),
(4398, 60, 7, 32, '48', NULL, NULL, '2022-12-08 08:12:28', NULL),
(4399, 60, 7, 33, '48', NULL, NULL, '2022-12-08 08:12:28', NULL),
(4400, 60, 7, 34, '48', NULL, NULL, '2022-12-08 08:12:28', NULL),
(4401, 60, 7, 35, '48', NULL, NULL, '2022-12-08 08:12:28', NULL),
(4402, 60, 7, 36, '48', NULL, NULL, '2022-12-08 08:12:28', NULL),
(4403, 60, 7, 37, '48', NULL, NULL, '2022-12-08 08:12:28', NULL),
(4404, 60, 8, 38, '48', NULL, NULL, '2022-12-08 08:12:28', NULL),
(4405, 60, 8, 39, '48', NULL, NULL, '2022-12-08 08:12:28', NULL),
(4406, 60, 8, 40, '48', NULL, NULL, '2022-12-08 08:12:28', NULL),
(4407, 60, 8, 41, '48', NULL, NULL, '2022-12-08 08:12:28', NULL),
(4408, 60, 8, 42, '48', NULL, NULL, '2022-12-08 08:12:28', NULL),
(4409, 60, 9, 43, '48', NULL, NULL, '2022-12-08 08:12:28', NULL),
(4410, 60, 9, 44, '48', NULL, NULL, '2022-12-08 08:12:28', NULL),
(4411, 60, 9, 45, '48', NULL, NULL, '2022-12-08 08:12:28', NULL),
(4412, 60, 9, 46, '48', NULL, NULL, '2022-12-08 08:12:28', NULL),
(4413, 60, 9, 47, '48', NULL, NULL, '2022-12-08 08:12:28', NULL),
(4414, 60, 10, 48, '48', NULL, NULL, '2022-12-08 08:12:28', NULL),
(4415, 60, 10, 49, '48', NULL, NULL, '2022-12-08 08:12:28', NULL),
(4416, 60, 11, 50, '48', NULL, NULL, '2022-12-08 08:12:28', NULL),
(4417, 60, 11, 51, '48', NULL, NULL, '2022-12-08 08:12:28', NULL),
(4418, 60, 11, 52, '48', NULL, NULL, '2022-12-08 08:12:28', NULL),
(4419, 60, 11, 53, '48', NULL, NULL, '2022-12-08 08:12:28', NULL),
(4420, 60, 11, 54, '48', NULL, NULL, '2022-12-08 08:12:28', NULL),
(4421, 60, 11, 55, '48', NULL, NULL, '2022-12-08 08:12:28', NULL),
(4422, 60, 12, 56, '48', NULL, NULL, '2022-12-08 08:12:28', NULL),
(4423, 60, 12, 57, '48', NULL, NULL, '2022-12-08 08:12:28', NULL),
(4424, 60, 12, 58, '48', NULL, NULL, '2022-12-08 08:12:28', NULL),
(4425, 60, 12, 59, '48', NULL, NULL, '2022-12-08 08:12:28', NULL),
(4426, 60, 12, 60, '48', NULL, NULL, '2022-12-08 08:12:28', NULL),
(4427, 60, 12, 80, '48', NULL, NULL, '2022-12-08 08:12:28', NULL),
(4428, 60, 12, 61, '48', NULL, NULL, '2022-12-08 08:12:28', NULL),
(4429, 60, 13, 62, '48', NULL, NULL, '2022-12-08 08:12:28', NULL),
(4430, 60, 13, 63, '48', NULL, NULL, '2022-12-08 08:12:28', NULL),
(4431, 60, 13, 64, '48', NULL, NULL, '2022-12-08 08:12:28', NULL),
(4432, 60, 13, 65, '48', NULL, NULL, '2022-12-08 08:12:28', NULL),
(4433, 60, 13, 66, '48', NULL, NULL, '2022-12-08 08:12:28', NULL),
(4434, 60, 14, 67, '48', NULL, NULL, '2022-12-08 08:12:28', NULL),
(4435, 60, 14, 68, '48', NULL, NULL, '2022-12-08 08:12:28', NULL),
(4436, 60, 14, 69, '48', NULL, NULL, '2022-12-08 08:12:28', NULL),
(4437, 60, 14, 70, '48', NULL, NULL, '2022-12-08 08:12:28', NULL),
(4438, 60, 15, 71, '48', NULL, NULL, '2022-12-08 08:12:28', NULL),
(4439, 60, 15, 72, '48', NULL, NULL, '2022-12-08 08:12:28', NULL),
(4440, 60, 16, 73, '48', NULL, NULL, '2022-12-08 08:12:28', NULL),
(4441, 60, 16, 74, '48', NULL, NULL, '2022-12-08 08:12:28', NULL),
(4442, 60, 16, 75, '48', NULL, NULL, '2022-12-08 08:12:28', NULL),
(4443, 60, 16, 76, '48', NULL, NULL, '2022-12-08 08:12:28', NULL),
(4444, 60, 17, 77, '48', NULL, NULL, '2022-12-08 08:12:28', NULL),
(4445, 60, 17, 78, '48', NULL, NULL, '2022-12-08 08:12:28', NULL),
(4446, 60, 17, 79, '48', NULL, NULL, '2022-12-08 08:12:28', NULL),
(4447, 61, 1, 1, '48', NULL, NULL, '2022-12-08 08:21:24', NULL),
(4448, 61, 1, 2, '48', NULL, NULL, '2022-12-08 08:21:24', NULL),
(4449, 61, 1, 3, '48', NULL, NULL, '2022-12-08 08:21:24', NULL),
(4450, 61, 2, 4, '48', NULL, NULL, '2022-12-08 08:21:24', NULL),
(4451, 61, 2, 5, '48', NULL, NULL, '2022-12-08 08:21:24', NULL),
(4452, 61, 3, 6, '48', NULL, NULL, '2022-12-08 08:21:24', NULL),
(4453, 61, 3, 7, '48', NULL, NULL, '2022-12-08 08:21:24', NULL),
(4454, 61, 3, 8, '48', NULL, NULL, '2022-12-08 08:21:24', NULL),
(4455, 61, 3, 9, '48', NULL, NULL, '2022-12-08 08:21:24', NULL),
(4456, 61, 3, 10, '48', NULL, NULL, '2022-12-08 08:21:24', NULL),
(4457, 61, 3, 11, '48', NULL, NULL, '2022-12-08 08:21:24', NULL),
(4458, 61, 3, 12, '48', NULL, NULL, '2022-12-08 08:21:24', NULL),
(4459, 61, 3, 13, '48', NULL, NULL, '2022-12-08 08:21:24', NULL),
(4460, 61, 3, 14, '48', NULL, NULL, '2022-12-08 08:21:24', NULL),
(4461, 61, 4, 15, '48', NULL, NULL, '2022-12-08 08:21:24', NULL),
(4462, 61, 4, 16, '48', NULL, NULL, '2022-12-08 08:21:24', NULL),
(4463, 61, 5, 17, '48', NULL, NULL, '2022-12-08 08:21:24', NULL),
(4464, 61, 5, 18, '48', NULL, NULL, '2022-12-08 08:21:24', NULL),
(4465, 61, 5, 19, '48', NULL, NULL, '2022-12-08 08:21:24', NULL),
(4466, 61, 5, 20, '48', NULL, NULL, '2022-12-08 08:21:24', NULL),
(4467, 61, 5, 21, '48', NULL, NULL, '2022-12-08 08:21:24', NULL),
(4468, 61, 5, 22, '48', NULL, NULL, '2022-12-08 08:21:24', NULL),
(4469, 61, 5, 23, '48', NULL, NULL, '2022-12-08 08:21:24', NULL),
(4470, 61, 6, 24, '48', NULL, NULL, '2022-12-08 08:21:24', NULL),
(4471, 61, 6, 25, '48', NULL, NULL, '2022-12-08 08:21:24', NULL),
(4472, 61, 7, 26, '48', NULL, NULL, '2022-12-08 08:21:24', NULL),
(4473, 61, 7, 27, '48', NULL, NULL, '2022-12-08 08:21:24', NULL),
(4474, 61, 7, 28, '48', NULL, NULL, '2022-12-08 08:21:24', NULL),
(4475, 61, 7, 29, '48', NULL, NULL, '2022-12-08 08:21:24', NULL),
(4476, 61, 7, 30, '48', NULL, NULL, '2022-12-08 08:21:24', NULL),
(4477, 61, 7, 31, '48', NULL, NULL, '2022-12-08 08:21:24', NULL),
(4478, 61, 7, 32, '48', NULL, NULL, '2022-12-08 08:21:24', NULL),
(4479, 61, 7, 33, '48', NULL, NULL, '2022-12-08 08:21:24', NULL),
(4480, 61, 7, 34, '48', NULL, NULL, '2022-12-08 08:21:24', NULL),
(4481, 61, 7, 35, '48', NULL, NULL, '2022-12-08 08:21:24', NULL),
(4482, 61, 7, 36, '48', NULL, NULL, '2022-12-08 08:21:24', NULL),
(4483, 61, 7, 37, '48', NULL, NULL, '2022-12-08 08:21:24', NULL),
(4484, 61, 8, 38, '48', NULL, NULL, '2022-12-08 08:21:24', NULL),
(4485, 61, 8, 39, '48', NULL, NULL, '2022-12-08 08:21:24', NULL),
(4486, 61, 8, 40, '48', NULL, NULL, '2022-12-08 08:21:24', NULL),
(4487, 61, 8, 41, '48', NULL, NULL, '2022-12-08 08:21:24', NULL),
(4488, 61, 8, 42, '48', NULL, NULL, '2022-12-08 08:21:24', NULL),
(4489, 61, 9, 43, '48', NULL, NULL, '2022-12-08 08:21:24', NULL),
(4490, 61, 9, 44, '48', NULL, NULL, '2022-12-08 08:21:24', NULL),
(4491, 61, 9, 45, '48', NULL, NULL, '2022-12-08 08:21:24', NULL),
(4492, 61, 9, 46, '48', NULL, NULL, '2022-12-08 08:21:24', NULL),
(4493, 61, 9, 47, '48', NULL, NULL, '2022-12-08 08:21:24', NULL),
(4494, 61, 10, 48, '48', NULL, NULL, '2022-12-08 08:21:24', NULL),
(4495, 61, 10, 49, '48', NULL, NULL, '2022-12-08 08:21:24', NULL),
(4496, 61, 11, 50, '48', NULL, NULL, '2022-12-08 08:21:24', NULL),
(4497, 61, 11, 51, '48', NULL, NULL, '2022-12-08 08:21:24', NULL),
(4498, 61, 11, 52, '48', NULL, NULL, '2022-12-08 08:21:24', NULL),
(4499, 61, 11, 53, '48', NULL, NULL, '2022-12-08 08:21:24', NULL),
(4500, 61, 11, 54, '48', NULL, NULL, '2022-12-08 08:21:24', NULL),
(4501, 61, 11, 55, '48', NULL, NULL, '2022-12-08 08:21:24', NULL),
(4502, 61, 12, 56, '48', NULL, NULL, '2022-12-08 08:21:24', NULL),
(4503, 61, 12, 57, '48', NULL, NULL, '2022-12-08 08:21:24', NULL),
(4504, 61, 12, 58, '48', NULL, NULL, '2022-12-08 08:21:24', NULL),
(4505, 61, 12, 59, '48', NULL, NULL, '2022-12-08 08:21:24', NULL),
(4506, 61, 12, 60, '48', NULL, NULL, '2022-12-08 08:21:24', NULL),
(4507, 61, 12, 80, '48', NULL, NULL, '2022-12-08 08:21:24', NULL),
(4508, 61, 12, 61, '48', NULL, NULL, '2022-12-08 08:21:24', NULL),
(4509, 61, 13, 62, '48', NULL, NULL, '2022-12-08 08:21:24', NULL),
(4510, 61, 13, 63, '48', NULL, NULL, '2022-12-08 08:21:24', NULL),
(4511, 61, 13, 64, '48', NULL, NULL, '2022-12-08 08:21:24', NULL),
(4512, 61, 13, 65, '48', NULL, NULL, '2022-12-08 08:21:24', NULL),
(4513, 61, 13, 66, '48', NULL, NULL, '2022-12-08 08:21:24', NULL),
(4514, 61, 14, 67, '48', NULL, NULL, '2022-12-08 08:21:24', NULL),
(4515, 61, 14, 68, '48', NULL, NULL, '2022-12-08 08:21:24', NULL),
(4516, 61, 14, 69, '48', NULL, NULL, '2022-12-08 08:21:24', NULL),
(4517, 61, 14, 70, '48', NULL, NULL, '2022-12-08 08:21:24', NULL),
(4518, 61, 15, 71, '48', NULL, NULL, '2022-12-08 08:21:24', NULL),
(4519, 61, 15, 72, '48', NULL, NULL, '2022-12-08 08:21:24', NULL),
(4520, 61, 16, 73, '48', NULL, NULL, '2022-12-08 08:21:24', NULL),
(4521, 61, 16, 74, '48', NULL, NULL, '2022-12-08 08:21:24', NULL),
(4522, 61, 16, 75, '48', NULL, NULL, '2022-12-08 08:21:24', NULL),
(4523, 61, 16, 76, '48', NULL, NULL, '2022-12-08 08:21:24', NULL),
(4524, 61, 17, 77, '48', NULL, NULL, '2022-12-08 08:21:24', NULL),
(4525, 61, 17, 78, '48', NULL, NULL, '2022-12-08 08:21:24', NULL),
(4526, 61, 17, 79, '48', NULL, NULL, '2022-12-08 08:21:24', NULL),
(4527, 62, 1, 1, '48', NULL, NULL, '2022-12-08 08:28:12', '2022-12-08 08:28:25'),
(4528, 62, 1, 2, '48', NULL, NULL, '2022-12-08 08:28:12', '2022-12-08 08:28:25'),
(4529, 62, 1, 3, '48', NULL, NULL, '2022-12-08 08:28:12', '2022-12-08 08:28:25'),
(4530, 62, 2, 4, '48', NULL, NULL, '2022-12-08 08:28:12', '2022-12-08 08:28:25'),
(4531, 62, 2, 5, '48', NULL, NULL, '2022-12-08 08:28:12', '2022-12-08 08:28:25'),
(4532, 62, 3, 6, '48', NULL, NULL, '2022-12-08 08:28:12', '2022-12-08 08:28:25'),
(4533, 62, 3, 7, '48', NULL, NULL, '2022-12-08 08:28:12', '2022-12-08 08:28:25'),
(4534, 62, 3, 8, '48', NULL, NULL, '2022-12-08 08:28:12', '2022-12-08 08:28:25'),
(4535, 62, 3, 9, '48', NULL, NULL, '2022-12-08 08:28:12', '2022-12-08 08:28:25'),
(4536, 62, 3, 10, '48', NULL, NULL, '2022-12-08 08:28:12', '2022-12-08 08:28:25'),
(4537, 62, 3, 11, '48', NULL, NULL, '2022-12-08 08:28:12', '2022-12-08 08:28:25'),
(4538, 62, 3, 12, '48', NULL, NULL, '2022-12-08 08:28:12', '2022-12-08 08:28:25'),
(4539, 62, 3, 13, '48', NULL, NULL, '2022-12-08 08:28:12', '2022-12-08 08:28:25'),
(4540, 62, 3, 14, '48', NULL, NULL, '2022-12-08 08:28:12', '2022-12-08 08:28:25'),
(4541, 62, 4, 15, '48', NULL, NULL, '2022-12-08 08:28:12', '2022-12-08 08:28:25'),
(4542, 62, 4, 16, '48', NULL, NULL, '2022-12-08 08:28:12', '2022-12-08 08:28:25'),
(4543, 62, 5, 17, '48', NULL, NULL, '2022-12-08 08:28:12', '2022-12-08 08:28:25'),
(4544, 62, 5, 18, '48', NULL, NULL, '2022-12-08 08:28:12', '2022-12-08 08:28:25'),
(4545, 62, 5, 19, '48', NULL, NULL, '2022-12-08 08:28:12', '2022-12-08 08:28:25'),
(4546, 62, 5, 20, '48', NULL, NULL, '2022-12-08 08:28:12', '2022-12-08 08:28:25'),
(4547, 62, 5, 21, '48', NULL, NULL, '2022-12-08 08:28:12', '2022-12-08 08:28:25'),
(4548, 62, 5, 22, '48', NULL, NULL, '2022-12-08 08:28:12', '2022-12-08 08:28:25'),
(4549, 62, 5, 23, '48', NULL, NULL, '2022-12-08 08:28:12', '2022-12-08 08:28:25'),
(4550, 62, 6, 24, '48', NULL, NULL, '2022-12-08 08:28:12', '2022-12-08 08:28:25'),
(4551, 62, 6, 25, '48', NULL, NULL, '2022-12-08 08:28:12', '2022-12-08 08:28:25'),
(4552, 62, 7, 26, '48', NULL, NULL, '2022-12-08 08:28:12', '2022-12-08 08:28:25'),
(4553, 62, 7, 27, '48', NULL, NULL, '2022-12-08 08:28:12', '2022-12-08 08:28:25'),
(4554, 62, 7, 28, '48', NULL, NULL, '2022-12-08 08:28:12', '2022-12-08 08:28:25'),
(4555, 62, 7, 29, '48', NULL, NULL, '2022-12-08 08:28:12', '2022-12-08 08:28:25'),
(4556, 62, 7, 30, '48', NULL, NULL, '2022-12-08 08:28:12', '2022-12-08 08:28:25'),
(4557, 62, 7, 31, '48', NULL, NULL, '2022-12-08 08:28:12', '2022-12-08 08:28:25'),
(4558, 62, 7, 32, '48', NULL, NULL, '2022-12-08 08:28:12', '2022-12-08 08:28:25'),
(4559, 62, 7, 33, '48', NULL, NULL, '2022-12-08 08:28:12', '2022-12-08 08:28:25'),
(4560, 62, 7, 34, '48', NULL, NULL, '2022-12-08 08:28:12', '2022-12-08 08:28:25'),
(4561, 62, 7, 35, '48', NULL, NULL, '2022-12-08 08:28:12', '2022-12-08 08:28:25'),
(4562, 62, 7, 36, '48', NULL, NULL, '2022-12-08 08:28:12', '2022-12-08 08:28:25'),
(4563, 62, 7, 37, '48', NULL, NULL, '2022-12-08 08:28:12', '2022-12-08 08:28:25'),
(4564, 62, 8, 38, '48', NULL, NULL, '2022-12-08 08:28:12', '2022-12-08 08:28:25'),
(4565, 62, 8, 39, '48', NULL, NULL, '2022-12-08 08:28:12', '2022-12-08 08:28:25'),
(4566, 62, 8, 40, '48', NULL, NULL, '2022-12-08 08:28:12', '2022-12-08 08:28:25'),
(4567, 62, 8, 41, '48', NULL, NULL, '2022-12-08 08:28:12', '2022-12-08 08:28:25'),
(4568, 62, 8, 42, '48', NULL, NULL, '2022-12-08 08:28:12', '2022-12-08 08:28:25'),
(4569, 62, 9, 43, '48', NULL, NULL, '2022-12-08 08:28:12', '2022-12-08 08:28:25'),
(4570, 62, 9, 44, '48', NULL, NULL, '2022-12-08 08:28:12', '2022-12-08 08:28:25'),
(4571, 62, 9, 45, '48', NULL, NULL, '2022-12-08 08:28:12', '2022-12-08 08:28:25'),
(4572, 62, 9, 46, '48', NULL, NULL, '2022-12-08 08:28:12', '2022-12-08 08:28:25'),
(4573, 62, 9, 47, '48', NULL, NULL, '2022-12-08 08:28:12', '2022-12-08 08:28:25'),
(4574, 62, 10, 48, '48', NULL, NULL, '2022-12-08 08:28:12', '2022-12-08 08:28:25'),
(4575, 62, 10, 49, '48', NULL, NULL, '2022-12-08 08:28:12', '2022-12-08 08:28:25'),
(4576, 62, 11, 50, '48', NULL, NULL, '2022-12-08 08:28:12', '2022-12-08 08:28:25'),
(4577, 62, 11, 51, '48', NULL, NULL, '2022-12-08 08:28:12', '2022-12-08 08:28:25'),
(4578, 62, 11, 52, '48', NULL, NULL, '2022-12-08 08:28:12', '2022-12-08 08:28:25'),
(4579, 62, 11, 53, '48', NULL, NULL, '2022-12-08 08:28:12', '2022-12-08 08:28:25'),
(4580, 62, 11, 54, '48', NULL, NULL, '2022-12-08 08:28:12', '2022-12-08 08:28:25'),
(4581, 62, 11, 55, '48', NULL, NULL, '2022-12-08 08:28:12', '2022-12-08 08:28:25'),
(4582, 62, 12, 56, '48', NULL, NULL, '2022-12-08 08:28:12', '2022-12-08 08:28:25'),
(4583, 62, 12, 57, '48', NULL, NULL, '2022-12-08 08:28:12', '2022-12-08 08:28:25'),
(4584, 62, 12, 58, '48', NULL, NULL, '2022-12-08 08:28:12', '2022-12-08 08:28:25'),
(4585, 62, 12, 59, '48', NULL, NULL, '2022-12-08 08:28:12', '2022-12-08 08:28:25'),
(4586, 62, 12, 60, '48', NULL, NULL, '2022-12-08 08:28:12', '2022-12-08 08:28:25'),
(4587, 62, 12, 80, '48', NULL, NULL, '2022-12-08 08:28:12', '2022-12-08 08:28:25'),
(4588, 62, 12, 61, '48', NULL, NULL, '2022-12-08 08:28:12', '2022-12-08 08:28:25'),
(4589, 62, 13, 62, '48', NULL, NULL, '2022-12-08 08:28:12', '2022-12-08 08:28:25'),
(4590, 62, 13, 63, '48', NULL, NULL, '2022-12-08 08:28:12', '2022-12-08 08:28:25'),
(4591, 62, 13, 64, '48', NULL, NULL, '2022-12-08 08:28:12', '2022-12-08 08:28:25'),
(4592, 62, 13, 65, '48', NULL, NULL, '2022-12-08 08:28:12', '2022-12-08 08:28:25'),
(4593, 62, 13, 66, '48', NULL, NULL, '2022-12-08 08:28:12', '2022-12-08 08:28:25'),
(4594, 62, 14, 67, '48', NULL, NULL, '2022-12-08 08:28:12', '2022-12-08 08:28:25'),
(4595, 62, 14, 68, '48', NULL, NULL, '2022-12-08 08:28:12', '2022-12-08 08:28:25'),
(4596, 62, 14, 69, '48', NULL, NULL, '2022-12-08 08:28:12', '2022-12-08 08:28:25'),
(4597, 62, 14, 70, '48', NULL, NULL, '2022-12-08 08:28:12', '2022-12-08 08:28:25'),
(4598, 62, 15, 71, '48', NULL, NULL, '2022-12-08 08:28:12', '2022-12-08 08:28:25'),
(4599, 62, 15, 72, '48', NULL, NULL, '2022-12-08 08:28:12', '2022-12-08 08:28:25'),
(4600, 62, 16, 73, '48', NULL, NULL, '2022-12-08 08:28:12', '2022-12-08 08:28:25'),
(4601, 62, 16, 74, '48', NULL, NULL, '2022-12-08 08:28:12', '2022-12-08 08:28:25'),
(4602, 62, 16, 75, '48', NULL, NULL, '2022-12-08 08:28:12', '2022-12-08 08:28:25'),
(4603, 62, 16, 76, '48', NULL, NULL, '2022-12-08 08:28:12', '2022-12-08 08:28:25'),
(4604, 62, 17, 77, '48', NULL, NULL, '2022-12-08 08:28:12', '2022-12-08 08:28:25');
INSERT INTO `up_analyses_details` (`id`, `analyses_id`, `category_id`, `product_id`, `target_monthly_sales`, `type_of_analysis`, `action`, `created_at`, `updated_at`) VALUES
(4605, 62, 17, 78, '48', NULL, NULL, '2022-12-08 08:28:12', '2022-12-08 08:28:25'),
(4606, 62, 17, 79, '48', NULL, NULL, '2022-12-08 08:28:12', '2022-12-08 08:28:25'),
(4607, 63, 1, 1, '48', NULL, NULL, '2022-12-08 08:29:11', NULL),
(4608, 63, 1, 2, '48', NULL, NULL, '2022-12-08 08:29:11', NULL),
(4609, 64, 1, 1, '48', NULL, NULL, '2022-12-08 08:41:19', NULL),
(4610, 64, 1, 2, '48', NULL, NULL, '2022-12-08 08:41:19', NULL),
(4611, 64, 1, 3, '48', NULL, NULL, '2022-12-08 08:41:19', NULL),
(4612, 64, 2, 4, '48', NULL, NULL, '2022-12-08 08:41:19', NULL),
(4613, 64, 2, 5, '48', NULL, NULL, '2022-12-08 08:41:19', NULL),
(4614, 64, 3, 6, '48', NULL, NULL, '2022-12-08 08:41:19', NULL),
(4615, 64, 3, 7, '48', NULL, NULL, '2022-12-08 08:41:19', NULL),
(4616, 64, 3, 8, '48', NULL, NULL, '2022-12-08 08:41:19', NULL),
(4617, 64, 3, 9, '48', NULL, NULL, '2022-12-08 08:41:19', NULL),
(4618, 64, 3, 10, '48', NULL, NULL, '2022-12-08 08:41:19', NULL),
(4619, 64, 3, 11, '48', NULL, NULL, '2022-12-08 08:41:19', NULL),
(4620, 64, 3, 12, '48', NULL, NULL, '2022-12-08 08:41:19', NULL),
(4621, 64, 3, 13, '48', NULL, NULL, '2022-12-08 08:41:19', NULL),
(4622, 64, 3, 14, '48', NULL, NULL, '2022-12-08 08:41:19', NULL),
(4623, 64, 4, 15, '48', NULL, NULL, '2022-12-08 08:41:19', NULL),
(4624, 64, 4, 16, '48', NULL, NULL, '2022-12-08 08:41:19', NULL),
(4625, 64, 5, 17, '48', NULL, NULL, '2022-12-08 08:41:19', NULL),
(4626, 64, 5, 18, '48', NULL, NULL, '2022-12-08 08:41:19', NULL),
(4627, 64, 5, 19, '48', NULL, NULL, '2022-12-08 08:41:19', NULL),
(4628, 64, 5, 20, '48', NULL, NULL, '2022-12-08 08:41:19', NULL),
(4629, 64, 5, 21, '48', NULL, NULL, '2022-12-08 08:41:19', NULL),
(4630, 64, 5, 22, '48', NULL, NULL, '2022-12-08 08:41:19', NULL),
(4631, 64, 5, 23, '48', NULL, NULL, '2022-12-08 08:41:19', NULL),
(4632, 64, 6, 24, '48', NULL, NULL, '2022-12-08 08:41:19', NULL),
(4633, 64, 6, 25, '48', NULL, NULL, '2022-12-08 08:41:19', NULL),
(4634, 64, 7, 26, '48', NULL, NULL, '2022-12-08 08:41:19', NULL),
(4635, 64, 7, 27, '48', NULL, NULL, '2022-12-08 08:41:19', NULL),
(4636, 64, 7, 28, '48', NULL, NULL, '2022-12-08 08:41:19', NULL),
(4637, 64, 7, 29, '48', NULL, NULL, '2022-12-08 08:41:19', NULL),
(4638, 64, 7, 30, '48', NULL, NULL, '2022-12-08 08:41:19', NULL),
(4639, 64, 7, 31, '48', NULL, NULL, '2022-12-08 08:41:19', NULL),
(4640, 64, 7, 32, '48', NULL, NULL, '2022-12-08 08:41:19', NULL),
(4641, 64, 7, 33, '48', NULL, NULL, '2022-12-08 08:41:19', NULL),
(4642, 64, 7, 34, '48', NULL, NULL, '2022-12-08 08:41:19', NULL),
(4643, 64, 7, 35, '48', NULL, NULL, '2022-12-08 08:41:19', NULL),
(4644, 64, 7, 36, '48', NULL, NULL, '2022-12-08 08:41:19', NULL),
(4645, 64, 7, 37, '48', NULL, NULL, '2022-12-08 08:41:19', NULL),
(4646, 64, 8, 38, '48', NULL, NULL, '2022-12-08 08:41:19', NULL),
(4647, 64, 8, 39, '48', NULL, NULL, '2022-12-08 08:41:19', NULL),
(4648, 64, 8, 40, '48', NULL, NULL, '2022-12-08 08:41:19', NULL),
(4649, 64, 8, 41, '48', NULL, NULL, '2022-12-08 08:41:19', NULL),
(4650, 64, 8, 42, '48', NULL, NULL, '2022-12-08 08:41:19', NULL),
(4651, 64, 9, 43, '48', NULL, NULL, '2022-12-08 08:41:19', NULL),
(4652, 64, 9, 44, '48', NULL, NULL, '2022-12-08 08:41:19', NULL),
(4653, 64, 9, 45, '48', NULL, NULL, '2022-12-08 08:41:19', NULL),
(4654, 64, 9, 46, '48', NULL, NULL, '2022-12-08 08:41:19', NULL),
(4655, 64, 9, 47, '48', NULL, NULL, '2022-12-08 08:41:19', NULL),
(4656, 64, 10, 48, '48', NULL, NULL, '2022-12-08 08:41:19', NULL),
(4657, 64, 10, 49, '48', NULL, NULL, '2022-12-08 08:41:19', NULL),
(4658, 64, 11, 50, '48', NULL, NULL, '2022-12-08 08:41:19', NULL),
(4659, 64, 11, 51, '48', NULL, NULL, '2022-12-08 08:41:19', NULL),
(4660, 64, 11, 52, '48', NULL, NULL, '2022-12-08 08:41:19', NULL),
(4661, 64, 11, 53, '48', NULL, NULL, '2022-12-08 08:41:19', NULL),
(4662, 64, 11, 54, '48', NULL, NULL, '2022-12-08 08:41:19', NULL),
(4663, 64, 11, 55, '48', NULL, NULL, '2022-12-08 08:41:19', NULL),
(4664, 64, 12, 56, '48', NULL, NULL, '2022-12-08 08:41:19', NULL),
(4665, 64, 12, 57, '48', NULL, NULL, '2022-12-08 08:41:19', NULL),
(4666, 64, 12, 58, '48', NULL, NULL, '2022-12-08 08:41:19', NULL),
(4667, 64, 12, 59, '48', NULL, NULL, '2022-12-08 08:41:19', NULL),
(4668, 64, 12, 60, '48', NULL, NULL, '2022-12-08 08:41:19', NULL),
(4669, 64, 12, 80, '48', NULL, NULL, '2022-12-08 08:41:19', NULL),
(4670, 64, 12, 61, '48', NULL, NULL, '2022-12-08 08:41:19', NULL),
(4671, 64, 13, 62, '48', NULL, NULL, '2022-12-08 08:41:19', NULL),
(4672, 64, 13, 63, '48', NULL, NULL, '2022-12-08 08:41:19', NULL),
(4673, 64, 13, 64, '48', NULL, NULL, '2022-12-08 08:41:19', NULL),
(4674, 64, 13, 65, '48', NULL, NULL, '2022-12-08 08:41:19', NULL),
(4675, 64, 13, 66, '48', NULL, NULL, '2022-12-08 08:41:19', NULL),
(4676, 64, 14, 67, '48', NULL, NULL, '2022-12-08 08:41:19', NULL),
(4677, 64, 14, 68, '48', NULL, NULL, '2022-12-08 08:41:19', NULL),
(4678, 64, 14, 69, '48', NULL, NULL, '2022-12-08 08:41:19', NULL),
(4679, 64, 14, 70, '48', NULL, NULL, '2022-12-08 08:41:19', NULL),
(4680, 64, 15, 71, '48', NULL, NULL, '2022-12-08 08:41:19', NULL),
(4681, 64, 15, 72, '48', NULL, NULL, '2022-12-08 08:41:19', NULL),
(4682, 64, 16, 73, '48', NULL, NULL, '2022-12-08 08:41:19', NULL),
(4683, 64, 16, 74, '48', NULL, NULL, '2022-12-08 08:41:19', NULL),
(4684, 64, 16, 75, '48', NULL, NULL, '2022-12-08 08:41:19', NULL),
(4685, 64, 16, 76, '48', NULL, NULL, '2022-12-08 08:41:19', NULL),
(4686, 64, 17, 77, '48', NULL, NULL, '2022-12-08 08:41:19', NULL),
(4687, 64, 17, 78, '48', NULL, NULL, '2022-12-08 08:41:19', NULL),
(4688, 64, 17, 79, '48', NULL, NULL, '2022-12-08 08:41:19', NULL),
(4689, 65, 1, 1, '48', NULL, NULL, '2022-12-08 08:47:08', NULL),
(4690, 65, 1, 2, '48', NULL, NULL, '2022-12-08 08:47:08', NULL),
(4691, 65, 1, 3, '48', NULL, NULL, '2022-12-08 08:47:08', NULL),
(4692, 65, 2, 4, '48', NULL, NULL, '2022-12-08 08:47:08', NULL),
(4693, 65, 2, 5, '48', NULL, NULL, '2022-12-08 08:47:08', NULL),
(4694, 65, 3, 6, '4848', NULL, NULL, '2022-12-08 08:47:08', NULL),
(4695, 65, 3, 7, '48', NULL, NULL, '2022-12-08 08:47:08', NULL),
(4696, 65, 3, 8, '48', NULL, NULL, '2022-12-08 08:47:08', NULL),
(4697, 65, 3, 9, '48', NULL, NULL, '2022-12-08 08:47:08', NULL),
(4698, 65, 3, 10, '48', NULL, NULL, '2022-12-08 08:47:08', NULL),
(4699, 65, 3, 11, '48', NULL, NULL, '2022-12-08 08:47:08', NULL),
(4700, 65, 3, 12, '48', NULL, NULL, '2022-12-08 08:47:08', NULL),
(4701, 65, 3, 13, '48', NULL, NULL, '2022-12-08 08:47:08', NULL),
(4702, 65, 3, 14, '48', NULL, NULL, '2022-12-08 08:47:08', NULL),
(4703, 65, 4, 15, '48', NULL, NULL, '2022-12-08 08:47:08', NULL),
(4704, 65, 4, 16, '48', NULL, NULL, '2022-12-08 08:47:08', NULL),
(4705, 65, 5, 17, '48', NULL, NULL, '2022-12-08 08:47:08', NULL),
(4706, 65, 5, 18, '48', NULL, NULL, '2022-12-08 08:47:08', NULL),
(4707, 65, 5, 19, '48', NULL, NULL, '2022-12-08 08:47:08', NULL),
(4708, 65, 5, 20, '48', NULL, NULL, '2022-12-08 08:47:08', NULL),
(4709, 65, 5, 21, '48', NULL, NULL, '2022-12-08 08:47:08', NULL),
(4710, 65, 5, 22, '48', NULL, NULL, '2022-12-08 08:47:08', NULL),
(4711, 65, 5, 23, '48', NULL, NULL, '2022-12-08 08:47:08', NULL),
(4712, 65, 6, 24, '48', NULL, NULL, '2022-12-08 08:47:08', NULL),
(4713, 65, 6, 25, '48', NULL, NULL, '2022-12-08 08:47:08', NULL),
(4714, 65, 7, 26, '4848', NULL, NULL, '2022-12-08 08:47:08', NULL),
(4715, 65, 7, 27, '48', NULL, NULL, '2022-12-08 08:47:08', NULL),
(4716, 65, 7, 28, '48', NULL, NULL, '2022-12-08 08:47:08', NULL),
(4717, 65, 7, 29, '48', NULL, NULL, '2022-12-08 08:47:08', NULL),
(4718, 65, 7, 30, '48', NULL, NULL, '2022-12-08 08:47:08', NULL),
(4719, 65, 7, 31, '48', NULL, NULL, '2022-12-08 08:47:08', NULL),
(4720, 65, 7, 32, '48', NULL, NULL, '2022-12-08 08:47:08', NULL),
(4721, 65, 7, 33, '48', NULL, NULL, '2022-12-08 08:47:08', NULL),
(4722, 65, 7, 34, '48', NULL, NULL, '2022-12-08 08:47:08', NULL),
(4723, 65, 7, 35, '48', NULL, NULL, '2022-12-08 08:47:08', NULL),
(4724, 65, 7, 36, '48', NULL, NULL, '2022-12-08 08:47:08', NULL),
(4725, 65, 7, 37, '48', NULL, NULL, '2022-12-08 08:47:08', NULL),
(4726, 65, 8, 38, '48', NULL, NULL, '2022-12-08 08:47:08', NULL),
(4727, 65, 8, 39, '48', NULL, NULL, '2022-12-08 08:47:08', NULL),
(4728, 65, 8, 40, '48', NULL, NULL, '2022-12-08 08:47:08', NULL),
(4729, 65, 8, 41, '48', NULL, NULL, '2022-12-08 08:47:08', NULL),
(4730, 65, 8, 42, '48', NULL, NULL, '2022-12-08 08:47:08', NULL),
(4731, 65, 9, 43, '48', NULL, NULL, '2022-12-08 08:47:08', NULL),
(4732, 65, 9, 44, '48', NULL, NULL, '2022-12-08 08:47:08', NULL),
(4733, 65, 9, 45, '48', NULL, NULL, '2022-12-08 08:47:08', NULL),
(4734, 65, 9, 46, '48', NULL, NULL, '2022-12-08 08:47:08', NULL),
(4735, 65, 9, 47, '48', NULL, NULL, '2022-12-08 08:47:08', NULL),
(4736, 65, 10, 48, '48', NULL, NULL, '2022-12-08 08:47:08', NULL),
(4737, 65, 10, 49, '48', NULL, NULL, '2022-12-08 08:47:08', NULL),
(4738, 65, 11, 50, '48', NULL, NULL, '2022-12-08 08:47:08', NULL),
(4739, 65, 11, 51, '48', NULL, NULL, '2022-12-08 08:47:08', NULL),
(4740, 65, 11, 52, '48', NULL, NULL, '2022-12-08 08:47:08', NULL),
(4741, 65, 11, 53, '48', NULL, NULL, '2022-12-08 08:47:08', NULL),
(4742, 65, 11, 54, '48', NULL, NULL, '2022-12-08 08:47:08', NULL),
(4743, 65, 11, 55, '48', NULL, NULL, '2022-12-08 08:47:08', NULL),
(4744, 65, 12, 56, '48', NULL, NULL, '2022-12-08 08:47:08', NULL),
(4745, 65, 12, 57, '48', NULL, NULL, '2022-12-08 08:47:08', NULL),
(4746, 65, 12, 58, '48', NULL, NULL, '2022-12-08 08:47:08', NULL),
(4747, 65, 12, 59, '48', NULL, NULL, '2022-12-08 08:47:08', NULL),
(4748, 65, 12, 60, '48', NULL, NULL, '2022-12-08 08:47:08', NULL),
(4749, 65, 12, 80, '48', NULL, NULL, '2022-12-08 08:47:08', NULL),
(4750, 65, 12, 61, '48', NULL, NULL, '2022-12-08 08:47:08', NULL),
(4751, 65, 13, 62, '48', NULL, NULL, '2022-12-08 08:47:08', NULL),
(4752, 65, 13, 63, '48', NULL, NULL, '2022-12-08 08:47:08', NULL),
(4753, 65, 13, 64, '48', NULL, NULL, '2022-12-08 08:47:08', NULL),
(4754, 65, 13, 65, '48', NULL, NULL, '2022-12-08 08:47:08', NULL),
(4755, 65, 13, 66, '48', NULL, NULL, '2022-12-08 08:47:08', NULL),
(4756, 65, 14, 67, '48', NULL, NULL, '2022-12-08 08:47:08', NULL),
(4757, 65, 14, 68, '48', NULL, NULL, '2022-12-08 08:47:08', NULL),
(4758, 65, 14, 69, '48', NULL, NULL, '2022-12-08 08:47:08', NULL),
(4759, 65, 14, 70, '48', NULL, NULL, '2022-12-08 08:47:08', NULL),
(4760, 65, 15, 71, '48', NULL, NULL, '2022-12-08 08:47:08', NULL),
(4761, 65, 15, 72, '48', NULL, NULL, '2022-12-08 08:47:08', NULL),
(4762, 65, 16, 73, '48', NULL, NULL, '2022-12-08 08:47:08', NULL),
(4763, 65, 16, 74, '48', NULL, NULL, '2022-12-08 08:47:08', NULL),
(4764, 65, 16, 75, '48', NULL, NULL, '2022-12-08 08:47:08', NULL),
(4765, 65, 16, 76, '48', NULL, NULL, '2022-12-08 08:47:08', NULL),
(4766, 65, 17, 77, '48', NULL, NULL, '2022-12-08 08:47:08', NULL),
(4767, 65, 17, 78, '48', NULL, NULL, '2022-12-08 08:47:08', NULL),
(4768, 65, 17, 79, '48', NULL, NULL, '2022-12-08 08:47:08', NULL),
(4769, 66, 1, 1, '48', NULL, NULL, '2022-12-08 08:54:31', NULL),
(4770, 66, 1, 2, '48', NULL, NULL, '2022-12-08 08:54:31', NULL),
(4771, 66, 1, 3, '48', NULL, NULL, '2022-12-08 08:54:31', NULL),
(4772, 66, 2, 4, '48', NULL, NULL, '2022-12-08 08:54:31', NULL),
(4773, 66, 2, 5, '48', NULL, NULL, '2022-12-08 08:54:31', NULL),
(4774, 66, 3, 6, '48', NULL, NULL, '2022-12-08 08:54:31', NULL),
(4775, 66, 3, 7, '48', NULL, NULL, '2022-12-08 08:54:31', NULL),
(4776, 66, 3, 8, '48', NULL, NULL, '2022-12-08 08:54:31', NULL),
(4777, 66, 3, 9, '48', NULL, NULL, '2022-12-08 08:54:31', NULL),
(4778, 66, 3, 10, '48', NULL, NULL, '2022-12-08 08:54:31', NULL),
(4779, 66, 3, 11, '48', NULL, NULL, '2022-12-08 08:54:31', NULL),
(4780, 66, 3, 12, '48', NULL, NULL, '2022-12-08 08:54:31', NULL),
(4781, 66, 3, 13, '48', NULL, NULL, '2022-12-08 08:54:31', NULL),
(4782, 66, 3, 14, '48', NULL, NULL, '2022-12-08 08:54:31', NULL),
(4783, 66, 4, 15, '48', NULL, NULL, '2022-12-08 08:54:31', NULL),
(4784, 66, 4, 16, '48', NULL, NULL, '2022-12-08 08:54:31', NULL),
(4785, 66, 5, 17, '48', NULL, NULL, '2022-12-08 08:54:31', NULL),
(4786, 66, 5, 18, '48', NULL, NULL, '2022-12-08 08:54:31', NULL),
(4787, 66, 5, 19, '48', NULL, NULL, '2022-12-08 08:54:31', NULL),
(4788, 66, 5, 20, '48', NULL, NULL, '2022-12-08 08:54:31', NULL),
(4789, 66, 5, 21, '48', NULL, NULL, '2022-12-08 08:54:31', NULL),
(4790, 66, 5, 22, '48', NULL, NULL, '2022-12-08 08:54:31', NULL),
(4791, 66, 5, 23, '48', NULL, NULL, '2022-12-08 08:54:31', NULL),
(4792, 66, 6, 24, '48', NULL, NULL, '2022-12-08 08:54:31', NULL),
(4793, 66, 6, 25, '48', NULL, NULL, '2022-12-08 08:54:31', NULL),
(4794, 66, 7, 26, '48', NULL, NULL, '2022-12-08 08:54:31', NULL),
(4795, 66, 7, 27, '48', NULL, NULL, '2022-12-08 08:54:31', NULL),
(4796, 66, 7, 28, '48', NULL, NULL, '2022-12-08 08:54:31', NULL),
(4797, 66, 7, 29, '48', NULL, NULL, '2022-12-08 08:54:31', NULL),
(4798, 66, 7, 30, '48', NULL, NULL, '2022-12-08 08:54:31', NULL),
(4799, 66, 7, 31, '48', NULL, NULL, '2022-12-08 08:54:31', NULL),
(4800, 66, 7, 32, '48', NULL, NULL, '2022-12-08 08:54:31', NULL),
(4801, 66, 7, 33, '48', NULL, NULL, '2022-12-08 08:54:31', NULL),
(4802, 66, 7, 34, '48', NULL, NULL, '2022-12-08 08:54:31', NULL),
(4803, 66, 7, 35, '48', NULL, NULL, '2022-12-08 08:54:31', NULL),
(4804, 66, 7, 36, '48', NULL, NULL, '2022-12-08 08:54:31', NULL),
(4805, 66, 7, 37, '48', NULL, NULL, '2022-12-08 08:54:31', NULL),
(4806, 66, 8, 38, '48', NULL, NULL, '2022-12-08 08:54:31', NULL),
(4807, 66, 8, 39, '48', NULL, NULL, '2022-12-08 08:54:31', NULL),
(4808, 66, 8, 40, '48', NULL, NULL, '2022-12-08 08:54:31', NULL),
(4809, 66, 8, 41, '48', NULL, NULL, '2022-12-08 08:54:31', NULL),
(4810, 66, 8, 42, '48', NULL, NULL, '2022-12-08 08:54:31', NULL),
(4811, 66, 9, 43, '48', NULL, NULL, '2022-12-08 08:54:31', NULL),
(4812, 66, 9, 44, '48', NULL, NULL, '2022-12-08 08:54:31', NULL),
(4813, 66, 9, 45, '48', NULL, NULL, '2022-12-08 08:54:31', NULL),
(4814, 66, 9, 46, '48', NULL, NULL, '2022-12-08 08:54:31', NULL),
(4815, 66, 9, 47, '48', NULL, NULL, '2022-12-08 08:54:31', NULL),
(4816, 66, 10, 48, '48', NULL, NULL, '2022-12-08 08:54:31', NULL),
(4817, 66, 10, 49, '48', NULL, NULL, '2022-12-08 08:54:31', NULL),
(4818, 66, 11, 50, '48', NULL, NULL, '2022-12-08 08:54:31', NULL),
(4819, 66, 11, 51, '48', NULL, NULL, '2022-12-08 08:54:31', NULL),
(4820, 66, 11, 52, '48', NULL, NULL, '2022-12-08 08:54:31', NULL),
(4821, 66, 11, 53, '48', NULL, NULL, '2022-12-08 08:54:31', NULL),
(4822, 66, 11, 54, '48', NULL, NULL, '2022-12-08 08:54:31', NULL),
(4823, 66, 11, 55, '48', NULL, NULL, '2022-12-08 08:54:31', NULL),
(4824, 66, 12, 56, '48', NULL, NULL, '2022-12-08 08:54:31', NULL),
(4825, 66, 12, 57, '48', NULL, NULL, '2022-12-08 08:54:31', NULL),
(4826, 66, 12, 58, '48', NULL, NULL, '2022-12-08 08:54:31', NULL),
(4827, 66, 12, 59, '48', NULL, NULL, '2022-12-08 08:54:31', NULL),
(4828, 66, 12, 60, '48', NULL, NULL, '2022-12-08 08:54:31', NULL),
(4829, 66, 12, 80, '48', NULL, NULL, '2022-12-08 08:54:31', NULL),
(4830, 66, 12, 61, '48', NULL, NULL, '2022-12-08 08:54:31', NULL),
(4831, 66, 13, 62, '48', NULL, NULL, '2022-12-08 08:54:31', NULL),
(4832, 66, 13, 63, '48', NULL, NULL, '2022-12-08 08:54:31', NULL),
(4833, 66, 13, 64, '48', NULL, NULL, '2022-12-08 08:54:31', NULL),
(4834, 66, 13, 65, '48', NULL, NULL, '2022-12-08 08:54:31', NULL),
(4835, 66, 13, 66, '48', NULL, NULL, '2022-12-08 08:54:31', NULL),
(4836, 66, 14, 67, '48', NULL, NULL, '2022-12-08 08:54:31', NULL),
(4837, 66, 14, 68, '48', NULL, NULL, '2022-12-08 08:54:31', NULL),
(4838, 66, 14, 69, '48', NULL, NULL, '2022-12-08 08:54:31', NULL),
(4839, 66, 14, 70, '48', NULL, NULL, '2022-12-08 08:54:31', NULL),
(4840, 66, 15, 71, '48', NULL, NULL, '2022-12-08 08:54:31', NULL),
(4841, 66, 15, 72, '48', NULL, NULL, '2022-12-08 08:54:31', NULL),
(4842, 66, 16, 73, '48', NULL, NULL, '2022-12-08 08:54:31', NULL),
(4843, 66, 16, 74, '48', NULL, NULL, '2022-12-08 08:54:31', NULL),
(4844, 66, 16, 75, '48', NULL, NULL, '2022-12-08 08:54:31', NULL),
(4845, 66, 16, 76, '48', NULL, NULL, '2022-12-08 08:54:31', NULL),
(4846, 66, 17, 77, '48', NULL, NULL, '2022-12-08 08:54:31', NULL),
(4847, 66, 17, 78, '48', NULL, NULL, '2022-12-08 08:54:31', NULL),
(4848, 66, 17, 79, '48', NULL, NULL, '2022-12-08 08:54:31', NULL),
(4849, 67, 1, 1, '48', NULL, NULL, '2022-12-08 09:01:47', '2022-12-08 09:02:28'),
(4850, 67, 1, 2, '48', NULL, NULL, '2022-12-08 09:01:47', '2022-12-08 09:02:28'),
(4851, 67, 1, 3, '48', NULL, NULL, '2022-12-08 09:01:47', '2022-12-08 09:02:28'),
(4852, 67, 2, 4, '48', NULL, NULL, '2022-12-08 09:01:47', '2022-12-08 09:02:28'),
(4853, 67, 2, 5, '48', NULL, NULL, '2022-12-08 09:01:47', '2022-12-08 09:02:28'),
(4854, 67, 3, 6, '48', NULL, NULL, '2022-12-08 09:01:47', '2022-12-08 09:02:28'),
(4855, 67, 3, 7, '48', NULL, NULL, '2022-12-08 09:01:47', '2022-12-08 09:02:28'),
(4856, 67, 3, 8, '48', NULL, NULL, '2022-12-08 09:01:47', '2022-12-08 09:02:28'),
(4857, 67, 3, 9, '48', NULL, NULL, '2022-12-08 09:01:47', '2022-12-08 09:02:28'),
(4858, 67, 3, 10, '48', NULL, NULL, '2022-12-08 09:01:47', '2022-12-08 09:02:28'),
(4859, 67, 3, 11, '48', NULL, NULL, '2022-12-08 09:01:47', '2022-12-08 09:02:28'),
(4860, 67, 3, 12, '48', NULL, NULL, '2022-12-08 09:01:47', '2022-12-08 09:02:28'),
(4861, 67, 3, 13, '48', NULL, NULL, '2022-12-08 09:01:47', '2022-12-08 09:02:28'),
(4862, 67, 3, 14, '48', NULL, NULL, '2022-12-08 09:01:47', '2022-12-08 09:02:28'),
(4863, 67, 4, 15, '48', NULL, NULL, '2022-12-08 09:01:47', '2022-12-08 09:02:28'),
(4864, 67, 4, 16, '48', NULL, NULL, '2022-12-08 09:01:47', '2022-12-08 09:02:28'),
(4865, 67, 5, 17, '48', NULL, NULL, '2022-12-08 09:01:47', '2022-12-08 09:02:28'),
(4866, 67, 5, 18, '48', NULL, NULL, '2022-12-08 09:01:47', '2022-12-08 09:02:28'),
(4867, 67, 5, 19, '48', NULL, NULL, '2022-12-08 09:01:47', '2022-12-08 09:02:28'),
(4868, 67, 5, 20, '48', NULL, NULL, '2022-12-08 09:01:47', '2022-12-08 09:02:28'),
(4869, 67, 5, 21, '48', NULL, NULL, '2022-12-08 09:01:47', '2022-12-08 09:02:28'),
(4870, 67, 5, 22, '48', NULL, NULL, '2022-12-08 09:01:47', '2022-12-08 09:02:28'),
(4871, 67, 5, 23, '48', NULL, NULL, '2022-12-08 09:01:47', '2022-12-08 09:02:28'),
(4872, 67, 6, 24, '48', NULL, NULL, '2022-12-08 09:01:47', '2022-12-08 09:02:28'),
(4873, 67, 6, 25, '48', NULL, NULL, '2022-12-08 09:01:47', '2022-12-08 09:02:28'),
(4874, 67, 7, 26, '48', NULL, NULL, '2022-12-08 09:01:47', '2022-12-08 09:02:28'),
(4875, 67, 7, 27, '48', NULL, NULL, '2022-12-08 09:01:47', '2022-12-08 09:02:28'),
(4876, 67, 7, 28, '48', NULL, NULL, '2022-12-08 09:01:47', '2022-12-08 09:02:28'),
(4877, 67, 7, 29, '48', NULL, NULL, '2022-12-08 09:01:47', '2022-12-08 09:02:28'),
(4878, 67, 7, 30, '48', NULL, NULL, '2022-12-08 09:01:47', '2022-12-08 09:02:28'),
(4879, 67, 7, 31, '48', NULL, NULL, '2022-12-08 09:01:47', '2022-12-08 09:02:28'),
(4880, 67, 7, 32, '48', NULL, NULL, '2022-12-08 09:01:47', '2022-12-08 09:02:28'),
(4881, 67, 7, 33, '48', NULL, NULL, '2022-12-08 09:01:47', '2022-12-08 09:02:28'),
(4882, 67, 7, 34, '48', NULL, NULL, '2022-12-08 09:01:47', '2022-12-08 09:02:28'),
(4883, 67, 7, 35, '48', NULL, NULL, '2022-12-08 09:01:47', '2022-12-08 09:02:28'),
(4884, 67, 7, 36, '48', NULL, NULL, '2022-12-08 09:01:47', '2022-12-08 09:02:28'),
(4885, 67, 7, 37, '48', NULL, NULL, '2022-12-08 09:01:47', '2022-12-08 09:02:28'),
(4886, 67, 8, 38, '48', NULL, NULL, '2022-12-08 09:01:47', '2022-12-08 09:02:28'),
(4887, 67, 8, 39, '48', NULL, NULL, '2022-12-08 09:01:47', '2022-12-08 09:02:28'),
(4888, 67, 8, 40, '48', NULL, NULL, '2022-12-08 09:01:47', '2022-12-08 09:02:28'),
(4889, 67, 8, 41, '48', NULL, NULL, '2022-12-08 09:01:47', '2022-12-08 09:02:28'),
(4890, 67, 8, 42, '48', NULL, NULL, '2022-12-08 09:01:47', '2022-12-08 09:02:28'),
(4891, 67, 9, 43, '48', NULL, NULL, '2022-12-08 09:01:47', '2022-12-08 09:02:28'),
(4892, 67, 9, 44, '48', NULL, NULL, '2022-12-08 09:01:47', '2022-12-08 09:02:28'),
(4893, 67, 9, 45, '48', NULL, NULL, '2022-12-08 09:01:47', '2022-12-08 09:02:28'),
(4894, 67, 9, 46, '48', NULL, NULL, '2022-12-08 09:01:47', '2022-12-08 09:02:28'),
(4895, 67, 9, 47, '48', NULL, NULL, '2022-12-08 09:01:47', '2022-12-08 09:02:28'),
(4896, 67, 10, 48, '48', NULL, NULL, '2022-12-08 09:01:47', '2022-12-08 09:02:28'),
(4897, 67, 10, 49, '48', NULL, NULL, '2022-12-08 09:01:47', '2022-12-08 09:02:28'),
(4898, 67, 11, 50, '48', NULL, NULL, '2022-12-08 09:01:47', '2022-12-08 09:02:28'),
(4899, 67, 11, 51, '48', NULL, NULL, '2022-12-08 09:01:47', '2022-12-08 09:02:28'),
(4900, 67, 11, 52, '48', NULL, NULL, '2022-12-08 09:01:47', '2022-12-08 09:02:28'),
(4901, 67, 11, 53, '48', NULL, NULL, '2022-12-08 09:01:47', '2022-12-08 09:02:28'),
(4902, 67, 11, 54, '48', NULL, NULL, '2022-12-08 09:01:47', '2022-12-08 09:02:28'),
(4903, 67, 11, 55, '48', NULL, NULL, '2022-12-08 09:01:47', '2022-12-08 09:02:28'),
(4904, 67, 12, 56, '48', NULL, NULL, '2022-12-08 09:01:47', '2022-12-08 09:02:28'),
(4905, 67, 12, 57, '48', NULL, NULL, '2022-12-08 09:01:47', '2022-12-08 09:02:28'),
(4906, 67, 12, 58, '48', NULL, NULL, '2022-12-08 09:01:47', '2022-12-08 09:02:28'),
(4907, 67, 12, 59, '48', NULL, NULL, '2022-12-08 09:01:47', '2022-12-08 09:02:28'),
(4908, 67, 12, 60, '48', NULL, NULL, '2022-12-08 09:01:47', '2022-12-08 09:02:28'),
(4909, 67, 12, 80, '48', NULL, NULL, '2022-12-08 09:01:47', '2022-12-08 09:02:28'),
(4910, 67, 12, 61, '48', NULL, NULL, '2022-12-08 09:01:47', '2022-12-08 09:02:28'),
(4911, 67, 13, 62, '48', NULL, NULL, '2022-12-08 09:01:47', '2022-12-08 09:02:28'),
(4912, 67, 13, 63, '48', NULL, NULL, '2022-12-08 09:01:47', '2022-12-08 09:02:28'),
(4913, 67, 13, 64, '48', NULL, NULL, '2022-12-08 09:01:47', '2022-12-08 09:02:28'),
(4914, 67, 13, 65, '48', NULL, NULL, '2022-12-08 09:01:47', '2022-12-08 09:02:28'),
(4915, 67, 13, 66, '48', NULL, NULL, '2022-12-08 09:01:47', '2022-12-08 09:02:28'),
(4916, 67, 14, 67, '48', NULL, NULL, '2022-12-08 09:01:47', '2022-12-08 09:02:28'),
(4917, 67, 14, 68, '48', NULL, NULL, '2022-12-08 09:01:47', '2022-12-08 09:02:28'),
(4918, 67, 14, 69, '48', NULL, NULL, '2022-12-08 09:01:47', '2022-12-08 09:02:28'),
(4919, 67, 14, 70, '48', NULL, NULL, '2022-12-08 09:01:47', '2022-12-08 09:02:29'),
(4920, 67, 15, 71, '48', NULL, NULL, '2022-12-08 09:01:47', '2022-12-08 09:02:29'),
(4921, 67, 15, 72, '48', NULL, NULL, '2022-12-08 09:01:47', '2022-12-08 09:02:29'),
(4922, 67, 16, 73, '48', NULL, NULL, '2022-12-08 09:01:47', '2022-12-08 09:02:29'),
(4923, 67, 16, 74, '48', NULL, NULL, '2022-12-08 09:01:47', '2022-12-08 09:02:29'),
(4924, 67, 16, 75, '48', NULL, NULL, '2022-12-08 09:01:47', '2022-12-08 09:02:29'),
(4925, 67, 16, 76, '48', NULL, NULL, '2022-12-08 09:01:47', '2022-12-08 09:02:29'),
(4926, 67, 17, 77, '48', NULL, NULL, '2022-12-08 09:01:47', '2022-12-08 09:02:29'),
(4927, 67, 17, 78, '48', NULL, NULL, '2022-12-08 09:01:47', '2022-12-08 09:02:29'),
(4928, 67, 17, 79, '48', NULL, NULL, '2022-12-08 09:01:47', '2022-12-08 09:02:29'),
(4929, 68, 1, 1, '48', NULL, NULL, '2022-12-08 09:49:58', NULL),
(4930, 68, 1, 2, '48', NULL, NULL, '2022-12-08 09:49:58', NULL),
(4931, 68, 1, 3, '48', NULL, NULL, '2022-12-08 09:49:58', NULL),
(4932, 68, 2, 4, '48', NULL, NULL, '2022-12-08 09:49:58', NULL),
(4933, 68, 2, 5, '48', NULL, NULL, '2022-12-08 09:49:58', NULL),
(4934, 68, 3, 6, '48', NULL, NULL, '2022-12-08 09:49:58', NULL),
(4935, 68, 3, 7, '48', NULL, NULL, '2022-12-08 09:49:58', NULL),
(4936, 68, 3, 8, '48', NULL, NULL, '2022-12-08 09:49:58', NULL),
(4937, 68, 3, 9, '48', NULL, NULL, '2022-12-08 09:49:58', NULL),
(4938, 68, 3, 10, '48', NULL, NULL, '2022-12-08 09:49:58', NULL),
(4939, 68, 3, 11, '48', NULL, NULL, '2022-12-08 09:49:58', NULL),
(4940, 68, 3, 12, '48', NULL, NULL, '2022-12-08 09:49:58', NULL),
(4941, 68, 3, 13, '48', NULL, NULL, '2022-12-08 09:49:58', NULL),
(4942, 68, 3, 14, '48', NULL, NULL, '2022-12-08 09:49:58', NULL),
(4943, 68, 4, 15, '48', NULL, NULL, '2022-12-08 09:49:58', NULL),
(4944, 68, 4, 16, '48', NULL, NULL, '2022-12-08 09:49:58', NULL),
(4945, 68, 5, 17, '48', NULL, NULL, '2022-12-08 09:49:58', NULL),
(4946, 68, 5, 18, '48', NULL, NULL, '2022-12-08 09:49:58', NULL),
(4947, 68, 5, 19, '48', NULL, NULL, '2022-12-08 09:49:58', NULL),
(4948, 68, 5, 20, '48', NULL, NULL, '2022-12-08 09:49:58', NULL),
(4949, 68, 5, 21, '48', NULL, NULL, '2022-12-08 09:49:58', NULL),
(4950, 68, 5, 22, '48', NULL, NULL, '2022-12-08 09:49:58', NULL),
(4951, 68, 5, 23, '48', NULL, NULL, '2022-12-08 09:49:58', NULL),
(4952, 68, 6, 24, '48', NULL, NULL, '2022-12-08 09:49:58', NULL),
(4953, 68, 6, 25, '48', NULL, NULL, '2022-12-08 09:49:58', NULL),
(4954, 68, 7, 26, '48', NULL, NULL, '2022-12-08 09:49:58', NULL),
(4955, 68, 7, 27, '48', NULL, NULL, '2022-12-08 09:49:58', NULL),
(4956, 68, 7, 28, '48', NULL, NULL, '2022-12-08 09:49:58', NULL),
(4957, 68, 7, 29, '48', NULL, NULL, '2022-12-08 09:49:58', NULL),
(4958, 68, 7, 30, '48', NULL, NULL, '2022-12-08 09:49:58', NULL),
(4959, 68, 7, 31, '48', NULL, NULL, '2022-12-08 09:49:58', NULL),
(4960, 68, 7, 32, '48', NULL, NULL, '2022-12-08 09:49:58', NULL),
(4961, 68, 7, 33, '48', NULL, NULL, '2022-12-08 09:49:58', NULL),
(4962, 68, 7, 34, '48', NULL, NULL, '2022-12-08 09:49:58', NULL),
(4963, 68, 7, 35, '48', NULL, NULL, '2022-12-08 09:49:58', NULL),
(4964, 68, 7, 36, '48', NULL, NULL, '2022-12-08 09:49:58', NULL),
(4965, 68, 7, 37, '48', NULL, NULL, '2022-12-08 09:49:58', NULL),
(4966, 68, 8, 38, '48', NULL, NULL, '2022-12-08 09:49:58', NULL),
(4967, 68, 8, 39, '48', NULL, NULL, '2022-12-08 09:49:58', NULL),
(4968, 68, 8, 40, '48', NULL, NULL, '2022-12-08 09:49:58', NULL),
(4969, 68, 8, 41, '48', NULL, NULL, '2022-12-08 09:49:58', NULL),
(4970, 68, 8, 42, '48', NULL, NULL, '2022-12-08 09:49:58', NULL),
(4971, 68, 9, 43, '48', NULL, NULL, '2022-12-08 09:49:58', NULL),
(4972, 68, 9, 44, '48', NULL, NULL, '2022-12-08 09:49:58', NULL),
(4973, 68, 9, 45, '48', NULL, NULL, '2022-12-08 09:49:58', NULL),
(4974, 68, 9, 46, '48', NULL, NULL, '2022-12-08 09:49:58', NULL),
(4975, 68, 9, 47, '48', NULL, NULL, '2022-12-08 09:49:58', NULL),
(4976, 68, 10, 48, '48', NULL, NULL, '2022-12-08 09:49:58', NULL),
(4977, 68, 10, 49, '48', NULL, NULL, '2022-12-08 09:49:58', NULL),
(4978, 68, 11, 50, '48', NULL, NULL, '2022-12-08 09:49:58', NULL),
(4979, 68, 11, 51, '48', NULL, NULL, '2022-12-08 09:49:58', NULL),
(4980, 68, 11, 52, '48', NULL, NULL, '2022-12-08 09:49:58', NULL),
(4981, 68, 11, 53, '48', NULL, NULL, '2022-12-08 09:49:58', NULL),
(4982, 68, 11, 54, '48', NULL, NULL, '2022-12-08 09:49:58', NULL),
(4983, 68, 11, 55, '48', NULL, NULL, '2022-12-08 09:49:58', NULL),
(4984, 68, 12, 56, '48', NULL, NULL, '2022-12-08 09:49:58', NULL),
(4985, 68, 12, 57, '48', NULL, NULL, '2022-12-08 09:49:58', NULL),
(4986, 68, 12, 58, '48', NULL, NULL, '2022-12-08 09:49:58', NULL),
(4987, 68, 12, 59, '48', NULL, NULL, '2022-12-08 09:49:58', NULL),
(4988, 68, 12, 60, '48', NULL, NULL, '2022-12-08 09:49:58', NULL),
(4989, 68, 12, 80, '48', NULL, NULL, '2022-12-08 09:49:58', NULL),
(4990, 68, 12, 61, '48', NULL, NULL, '2022-12-08 09:49:58', NULL),
(4991, 68, 13, 62, '48', NULL, NULL, '2022-12-08 09:49:58', NULL),
(4992, 68, 13, 63, '48', NULL, NULL, '2022-12-08 09:49:58', NULL),
(4993, 68, 13, 64, '48', NULL, NULL, '2022-12-08 09:49:58', NULL),
(4994, 68, 13, 65, '48', NULL, NULL, '2022-12-08 09:49:58', NULL),
(4995, 68, 13, 66, '48', NULL, NULL, '2022-12-08 09:49:58', NULL),
(4996, 68, 14, 67, '48', NULL, NULL, '2022-12-08 09:49:58', NULL),
(4997, 68, 14, 68, '48', NULL, NULL, '2022-12-08 09:49:58', NULL),
(4998, 68, 14, 69, '48', NULL, NULL, '2022-12-08 09:49:58', NULL),
(4999, 68, 14, 70, '48', NULL, NULL, '2022-12-08 09:49:58', NULL),
(5000, 68, 15, 71, '48', NULL, NULL, '2022-12-08 09:49:58', NULL),
(5001, 68, 15, 72, '48', NULL, NULL, '2022-12-08 09:49:58', NULL),
(5002, 68, 16, 73, '48', NULL, NULL, '2022-12-08 09:49:58', NULL),
(5003, 68, 16, 74, '48', NULL, NULL, '2022-12-08 09:49:58', NULL),
(5004, 68, 16, 75, '48', NULL, NULL, '2022-12-08 09:49:58', NULL),
(5005, 68, 16, 76, '48', NULL, NULL, '2022-12-08 09:49:58', NULL),
(5006, 68, 17, 77, '48', NULL, NULL, '2022-12-08 09:49:58', NULL),
(5007, 68, 17, 78, '48', NULL, NULL, '2022-12-08 09:49:58', NULL),
(5008, 68, 17, 79, '48', NULL, NULL, '2022-12-08 09:49:58', NULL),
(5009, 69, 1, 1, '48', NULL, NULL, '2022-12-08 10:02:25', '2022-12-08 10:02:30'),
(5010, 69, 1, 2, '48', NULL, NULL, '2022-12-08 10:02:25', '2022-12-08 10:02:30'),
(5011, 69, 1, 3, '48', NULL, NULL, '2022-12-08 10:02:25', '2022-12-08 10:02:30'),
(5012, 69, 2, 4, '48', NULL, NULL, '2022-12-08 10:02:25', '2022-12-08 10:02:30'),
(5013, 69, 2, 5, '48', NULL, NULL, '2022-12-08 10:02:25', '2022-12-08 10:02:30'),
(5014, 69, 3, 6, '48', NULL, NULL, '2022-12-08 10:02:25', '2022-12-08 10:02:30'),
(5015, 69, 3, 7, '48', NULL, NULL, '2022-12-08 10:02:25', '2022-12-08 10:02:30'),
(5016, 69, 3, 8, '48', NULL, NULL, '2022-12-08 10:02:25', '2022-12-08 10:02:30'),
(5017, 69, 3, 9, '48', NULL, NULL, '2022-12-08 10:02:25', '2022-12-08 10:02:30'),
(5018, 69, 3, 10, '48', NULL, NULL, '2022-12-08 10:02:25', '2022-12-08 10:02:30'),
(5019, 69, 3, 11, '48', NULL, NULL, '2022-12-08 10:02:25', '2022-12-08 10:02:30'),
(5020, 69, 3, 12, '48', NULL, NULL, '2022-12-08 10:02:25', '2022-12-08 10:02:30'),
(5021, 69, 3, 13, '48', NULL, NULL, '2022-12-08 10:02:25', '2022-12-08 10:02:30'),
(5022, 69, 3, 14, '48', NULL, NULL, '2022-12-08 10:02:25', '2022-12-08 10:02:30'),
(5023, 69, 4, 15, '48', NULL, NULL, '2022-12-08 10:02:25', '2022-12-08 10:02:30'),
(5024, 69, 4, 16, '48', NULL, NULL, '2022-12-08 10:02:25', '2022-12-08 10:02:30'),
(5025, 69, 5, 17, '48', NULL, NULL, '2022-12-08 10:02:25', '2022-12-08 10:02:30'),
(5026, 69, 5, 18, '48', NULL, NULL, '2022-12-08 10:02:25', '2022-12-08 10:02:30'),
(5027, 69, 5, 19, '48', NULL, NULL, '2022-12-08 10:02:25', '2022-12-08 10:02:30'),
(5028, 69, 5, 20, '48', NULL, NULL, '2022-12-08 10:02:25', '2022-12-08 10:02:30'),
(5029, 69, 5, 21, '48', NULL, NULL, '2022-12-08 10:02:25', '2022-12-08 10:02:30'),
(5030, 69, 5, 22, '48', NULL, NULL, '2022-12-08 10:02:25', '2022-12-08 10:02:30'),
(5031, 69, 5, 23, '48', NULL, NULL, '2022-12-08 10:02:25', '2022-12-08 10:02:30'),
(5032, 69, 6, 24, '48', NULL, NULL, '2022-12-08 10:02:25', '2022-12-08 10:02:30'),
(5033, 69, 6, 25, '48', NULL, NULL, '2022-12-08 10:02:25', '2022-12-08 10:02:30'),
(5034, 69, 7, 26, '48', NULL, NULL, '2022-12-08 10:02:25', '2022-12-08 10:02:30'),
(5035, 69, 7, 27, '48', NULL, NULL, '2022-12-08 10:02:25', '2022-12-08 10:02:30'),
(5036, 69, 7, 28, '48', NULL, NULL, '2022-12-08 10:02:25', '2022-12-08 10:02:30'),
(5037, 69, 7, 29, '48', NULL, NULL, '2022-12-08 10:02:25', '2022-12-08 10:02:30'),
(5038, 69, 7, 30, '48', NULL, NULL, '2022-12-08 10:02:25', '2022-12-08 10:02:30'),
(5039, 69, 7, 31, '48', NULL, NULL, '2022-12-08 10:02:25', '2022-12-08 10:02:30'),
(5040, 69, 7, 32, '48', NULL, NULL, '2022-12-08 10:02:25', '2022-12-08 10:02:30'),
(5041, 69, 7, 33, '48', NULL, NULL, '2022-12-08 10:02:25', '2022-12-08 10:02:30'),
(5042, 69, 7, 34, '48', NULL, NULL, '2022-12-08 10:02:25', '2022-12-08 10:02:30'),
(5043, 69, 7, 35, '48', NULL, NULL, '2022-12-08 10:02:25', '2022-12-08 10:02:30'),
(5044, 69, 7, 36, '48', NULL, NULL, '2022-12-08 10:02:25', '2022-12-08 10:02:30'),
(5045, 69, 7, 37, '48', NULL, NULL, '2022-12-08 10:02:25', '2022-12-08 10:02:30'),
(5046, 69, 8, 38, '48', NULL, NULL, '2022-12-08 10:02:25', '2022-12-08 10:02:30'),
(5047, 69, 8, 39, '48', NULL, NULL, '2022-12-08 10:02:25', '2022-12-08 10:02:30'),
(5048, 69, 8, 40, '48', NULL, NULL, '2022-12-08 10:02:25', '2022-12-08 10:02:30'),
(5049, 69, 8, 41, '48', NULL, NULL, '2022-12-08 10:02:25', '2022-12-08 10:02:30'),
(5050, 69, 8, 42, '48', NULL, NULL, '2022-12-08 10:02:25', '2022-12-08 10:02:30'),
(5051, 69, 9, 43, '48', NULL, NULL, '2022-12-08 10:02:25', '2022-12-08 10:02:30'),
(5052, 69, 9, 44, '48', NULL, NULL, '2022-12-08 10:02:25', '2022-12-08 10:02:30'),
(5053, 69, 9, 45, '48', NULL, NULL, '2022-12-08 10:02:25', '2022-12-08 10:02:30'),
(5054, 69, 9, 46, '48', NULL, NULL, '2022-12-08 10:02:25', '2022-12-08 10:02:30'),
(5055, 69, 9, 47, '48', NULL, NULL, '2022-12-08 10:02:25', '2022-12-08 10:02:30'),
(5056, 69, 10, 48, '48', NULL, NULL, '2022-12-08 10:02:25', '2022-12-08 10:02:30'),
(5057, 69, 10, 49, '48', NULL, NULL, '2022-12-08 10:02:25', '2022-12-08 10:02:30'),
(5058, 69, 11, 50, '48', NULL, NULL, '2022-12-08 10:02:25', '2022-12-08 10:02:30'),
(5059, 69, 11, 51, '48', NULL, NULL, '2022-12-08 10:02:25', '2022-12-08 10:02:30'),
(5060, 69, 11, 52, '48', NULL, NULL, '2022-12-08 10:02:25', '2022-12-08 10:02:30'),
(5061, 69, 11, 53, '48', NULL, NULL, '2022-12-08 10:02:25', '2022-12-08 10:02:30'),
(5062, 69, 11, 54, '48', NULL, NULL, '2022-12-08 10:02:25', '2022-12-08 10:02:30'),
(5063, 69, 11, 55, '48', NULL, NULL, '2022-12-08 10:02:25', '2022-12-08 10:02:30'),
(5064, 69, 12, 56, '48', NULL, NULL, '2022-12-08 10:02:25', '2022-12-08 10:02:30'),
(5065, 69, 12, 57, '48', NULL, NULL, '2022-12-08 10:02:25', '2022-12-08 10:02:30'),
(5066, 69, 12, 58, '48', NULL, NULL, '2022-12-08 10:02:25', '2022-12-08 10:02:30'),
(5067, 69, 12, 59, '48', NULL, NULL, '2022-12-08 10:02:25', '2022-12-08 10:02:30'),
(5068, 69, 12, 60, '48', NULL, NULL, '2022-12-08 10:02:25', '2022-12-08 10:02:30'),
(5069, 69, 12, 80, '48', NULL, NULL, '2022-12-08 10:02:25', '2022-12-08 10:02:30'),
(5070, 69, 12, 61, '48', NULL, NULL, '2022-12-08 10:02:25', '2022-12-08 10:02:30'),
(5071, 69, 13, 62, '48', NULL, NULL, '2022-12-08 10:02:25', '2022-12-08 10:02:30'),
(5072, 69, 13, 63, '48', NULL, NULL, '2022-12-08 10:02:25', '2022-12-08 10:02:30'),
(5073, 69, 13, 64, '48', NULL, NULL, '2022-12-08 10:02:25', '2022-12-08 10:02:30'),
(5074, 69, 13, 65, '48', NULL, NULL, '2022-12-08 10:02:25', '2022-12-08 10:02:30'),
(5075, 69, 13, 66, '48', NULL, NULL, '2022-12-08 10:02:25', '2022-12-08 10:02:30'),
(5076, 69, 14, 67, '48', NULL, NULL, '2022-12-08 10:02:25', '2022-12-08 10:02:30'),
(5077, 69, 14, 68, '48', NULL, NULL, '2022-12-08 10:02:25', '2022-12-08 10:02:30'),
(5078, 69, 14, 69, '48', NULL, NULL, '2022-12-08 10:02:25', '2022-12-08 10:02:30'),
(5079, 69, 14, 70, '48', NULL, NULL, '2022-12-08 10:02:25', '2022-12-08 10:02:30'),
(5080, 69, 15, 71, '48', NULL, NULL, '2022-12-08 10:02:25', '2022-12-08 10:02:30'),
(5081, 69, 15, 72, '48', NULL, NULL, '2022-12-08 10:02:25', '2022-12-08 10:02:30'),
(5082, 69, 16, 73, '48', NULL, NULL, '2022-12-08 10:02:25', '2022-12-08 10:02:30'),
(5083, 69, 16, 74, '48', NULL, NULL, '2022-12-08 10:02:25', '2022-12-08 10:02:30'),
(5084, 69, 16, 75, '48', NULL, NULL, '2022-12-08 10:02:25', '2022-12-08 10:02:30'),
(5085, 69, 16, 76, '48', NULL, NULL, '2022-12-08 10:02:25', '2022-12-08 10:02:30'),
(5086, 69, 17, 77, '48', NULL, NULL, '2022-12-08 10:02:25', '2022-12-08 10:02:30'),
(5087, 69, 17, 78, '48', NULL, NULL, '2022-12-08 10:02:25', '2022-12-08 10:02:30'),
(5088, 69, 17, 79, '48', NULL, NULL, '2022-12-08 10:02:25', '2022-12-08 10:02:30'),
(5089, 70, 1, 1, '48', NULL, NULL, '2022-12-08 10:34:16', '2022-12-08 10:34:29'),
(5090, 70, 1, 2, '48', NULL, NULL, '2022-12-08 10:34:16', '2022-12-08 10:34:29'),
(5091, 70, 1, 3, '48', NULL, NULL, '2022-12-08 10:34:16', '2022-12-08 10:34:29'),
(5092, 70, 2, 4, '48', NULL, NULL, '2022-12-08 10:34:16', '2022-12-08 10:34:29'),
(5093, 70, 2, 5, '48', NULL, NULL, '2022-12-08 10:34:16', '2022-12-08 10:34:29'),
(5094, 70, 3, 6, '48', NULL, NULL, '2022-12-08 10:34:16', '2022-12-08 10:34:29'),
(5095, 70, 3, 7, '48', NULL, NULL, '2022-12-08 10:34:16', '2022-12-08 10:34:29'),
(5096, 70, 3, 8, '48', NULL, NULL, '2022-12-08 10:34:16', '2022-12-08 10:34:29'),
(5097, 70, 3, 9, '48', NULL, NULL, '2022-12-08 10:34:16', '2022-12-08 10:34:29'),
(5098, 70, 3, 10, '48', NULL, NULL, '2022-12-08 10:34:16', '2022-12-08 10:34:29'),
(5099, 70, 3, 11, '48', NULL, NULL, '2022-12-08 10:34:16', '2022-12-08 10:34:29'),
(5100, 70, 3, 12, '48', NULL, NULL, '2022-12-08 10:34:16', '2022-12-08 10:34:29'),
(5101, 70, 3, 13, '48', NULL, NULL, '2022-12-08 10:34:16', '2022-12-08 10:34:29'),
(5102, 70, 3, 14, '48', NULL, NULL, '2022-12-08 10:34:16', '2022-12-08 10:34:29'),
(5103, 70, 4, 15, '48', NULL, NULL, '2022-12-08 10:34:16', '2022-12-08 10:34:29'),
(5104, 70, 4, 16, '48', NULL, NULL, '2022-12-08 10:34:16', '2022-12-08 10:34:29'),
(5105, 70, 5, 17, '48', NULL, NULL, '2022-12-08 10:34:16', '2022-12-08 10:34:29'),
(5106, 70, 5, 18, '48', NULL, NULL, '2022-12-08 10:34:16', '2022-12-08 10:34:29'),
(5107, 70, 5, 19, '48', NULL, NULL, '2022-12-08 10:34:16', '2022-12-08 10:34:29'),
(5108, 70, 5, 20, '48', NULL, NULL, '2022-12-08 10:34:16', '2022-12-08 10:34:29'),
(5109, 70, 5, 21, '48', NULL, NULL, '2022-12-08 10:34:16', '2022-12-08 10:34:29'),
(5110, 70, 5, 22, '48', NULL, NULL, '2022-12-08 10:34:16', '2022-12-08 10:34:29'),
(5111, 70, 5, 23, '48', NULL, NULL, '2022-12-08 10:34:16', '2022-12-08 10:34:29'),
(5112, 70, 6, 24, '48', NULL, NULL, '2022-12-08 10:34:16', '2022-12-08 10:34:29'),
(5113, 70, 6, 25, '48', NULL, NULL, '2022-12-08 10:34:16', '2022-12-08 10:34:29'),
(5114, 70, 7, 26, '48', NULL, NULL, '2022-12-08 10:34:16', '2022-12-08 10:34:29'),
(5115, 70, 7, 27, '48', NULL, NULL, '2022-12-08 10:34:16', '2022-12-08 10:34:29'),
(5116, 70, 7, 28, '48', NULL, NULL, '2022-12-08 10:34:16', '2022-12-08 10:34:29'),
(5117, 70, 7, 29, '48', NULL, NULL, '2022-12-08 10:34:16', '2022-12-08 10:34:29'),
(5118, 70, 7, 30, '48', NULL, NULL, '2022-12-08 10:34:16', '2022-12-08 10:34:29'),
(5119, 70, 7, 31, '48', NULL, NULL, '2022-12-08 10:34:16', '2022-12-08 10:34:29'),
(5120, 70, 7, 32, '48', NULL, NULL, '2022-12-08 10:34:16', '2022-12-08 10:34:29'),
(5121, 70, 7, 33, '48', NULL, NULL, '2022-12-08 10:34:16', '2022-12-08 10:34:29'),
(5122, 70, 7, 34, '48', NULL, NULL, '2022-12-08 10:34:16', '2022-12-08 10:34:29'),
(5123, 70, 7, 35, '48', NULL, NULL, '2022-12-08 10:34:16', '2022-12-08 10:34:29'),
(5124, 70, 7, 36, '48', NULL, NULL, '2022-12-08 10:34:16', '2022-12-08 10:34:29'),
(5125, 70, 7, 37, '48', NULL, NULL, '2022-12-08 10:34:16', '2022-12-08 10:34:29'),
(5126, 70, 8, 38, '48', NULL, NULL, '2022-12-08 10:34:16', '2022-12-08 10:34:29'),
(5127, 70, 8, 39, '48', NULL, NULL, '2022-12-08 10:34:16', '2022-12-08 10:34:29'),
(5128, 70, 8, 40, '48', NULL, NULL, '2022-12-08 10:34:16', '2022-12-08 10:34:29'),
(5129, 70, 8, 41, '48', NULL, NULL, '2022-12-08 10:34:16', '2022-12-08 10:34:29'),
(5130, 70, 8, 42, '48', NULL, NULL, '2022-12-08 10:34:16', '2022-12-08 10:34:29'),
(5131, 70, 9, 43, '48', NULL, NULL, '2022-12-08 10:34:16', '2022-12-08 10:34:29'),
(5132, 70, 9, 44, '48', NULL, NULL, '2022-12-08 10:34:16', '2022-12-08 10:34:29'),
(5133, 70, 9, 45, '48', NULL, NULL, '2022-12-08 10:34:16', '2022-12-08 10:34:29'),
(5134, 70, 9, 46, '48', NULL, NULL, '2022-12-08 10:34:16', '2022-12-08 10:34:29'),
(5135, 70, 9, 47, '48', NULL, NULL, '2022-12-08 10:34:16', '2022-12-08 10:34:29'),
(5136, 70, 10, 48, '48', NULL, NULL, '2022-12-08 10:34:16', '2022-12-08 10:34:29'),
(5137, 70, 10, 49, '48', NULL, NULL, '2022-12-08 10:34:16', '2022-12-08 10:34:29'),
(5138, 70, 11, 50, '48', NULL, NULL, '2022-12-08 10:34:16', '2022-12-08 10:34:29'),
(5139, 70, 11, 51, '48', NULL, NULL, '2022-12-08 10:34:16', '2022-12-08 10:34:29'),
(5140, 70, 11, 52, '48', NULL, NULL, '2022-12-08 10:34:16', '2022-12-08 10:34:29'),
(5141, 70, 11, 53, '48', NULL, NULL, '2022-12-08 10:34:16', '2022-12-08 10:34:29'),
(5142, 70, 11, 54, '48', NULL, NULL, '2022-12-08 10:34:16', '2022-12-08 10:34:29'),
(5143, 70, 11, 55, '48', NULL, NULL, '2022-12-08 10:34:16', '2022-12-08 10:34:29'),
(5144, 70, 12, 56, '48', NULL, NULL, '2022-12-08 10:34:16', '2022-12-08 10:34:29'),
(5145, 70, 12, 57, '48', NULL, NULL, '2022-12-08 10:34:16', '2022-12-08 10:34:29'),
(5146, 70, 12, 58, '48', NULL, NULL, '2022-12-08 10:34:16', '2022-12-08 10:34:29'),
(5147, 70, 12, 59, '48', NULL, NULL, '2022-12-08 10:34:16', '2022-12-08 10:34:29'),
(5148, 70, 12, 60, '48', NULL, NULL, '2022-12-08 10:34:16', '2022-12-08 10:34:29'),
(5149, 70, 12, 80, '48', NULL, NULL, '2022-12-08 10:34:16', '2022-12-08 10:34:29'),
(5150, 70, 12, 61, '48', NULL, NULL, '2022-12-08 10:34:16', '2022-12-08 10:34:29'),
(5151, 70, 13, 62, '48', NULL, NULL, '2022-12-08 10:34:16', '2022-12-08 10:34:29'),
(5152, 70, 13, 63, '48', NULL, NULL, '2022-12-08 10:34:16', '2022-12-08 10:34:29'),
(5153, 70, 13, 64, '48', NULL, NULL, '2022-12-08 10:34:16', '2022-12-08 10:34:29'),
(5154, 70, 13, 65, '48', NULL, NULL, '2022-12-08 10:34:16', '2022-12-08 10:34:29'),
(5155, 70, 13, 66, '48', NULL, NULL, '2022-12-08 10:34:16', '2022-12-08 10:34:29'),
(5156, 70, 14, 67, '48', NULL, NULL, '2022-12-08 10:34:16', '2022-12-08 10:34:29'),
(5157, 70, 14, 68, '48', NULL, NULL, '2022-12-08 10:34:16', '2022-12-08 10:34:29'),
(5158, 70, 14, 69, '48', NULL, NULL, '2022-12-08 10:34:16', '2022-12-08 10:34:29'),
(5159, 70, 14, 70, '48', NULL, NULL, '2022-12-08 10:34:16', '2022-12-08 10:34:29'),
(5160, 70, 15, 71, '48', NULL, NULL, '2022-12-08 10:34:16', '2022-12-08 10:34:29'),
(5161, 70, 15, 72, '48', NULL, NULL, '2022-12-08 10:34:16', '2022-12-08 10:34:29'),
(5162, 70, 16, 73, '48', NULL, NULL, '2022-12-08 10:34:16', '2022-12-08 10:34:29'),
(5163, 70, 16, 74, '48', NULL, NULL, '2022-12-08 10:34:16', '2022-12-08 10:34:29'),
(5164, 70, 16, 75, '48', NULL, NULL, '2022-12-08 10:34:16', '2022-12-08 10:34:29'),
(5165, 70, 16, 76, '48', NULL, NULL, '2022-12-08 10:34:16', '2022-12-08 10:34:29'),
(5166, 70, 17, 77, '48', NULL, NULL, '2022-12-08 10:34:16', '2022-12-08 10:34:29'),
(5167, 70, 17, 78, '48', NULL, NULL, '2022-12-08 10:34:16', '2022-12-08 10:34:29'),
(5168, 70, 17, 79, '48', NULL, NULL, '2022-12-08 10:34:16', '2022-12-08 10:34:29'),
(5169, 71, 1, 1, '48', NULL, NULL, '2022-12-08 10:48:04', NULL),
(5170, 71, 1, 2, '48', NULL, NULL, '2022-12-08 10:48:04', NULL),
(5171, 71, 1, 3, '48', NULL, NULL, '2022-12-08 10:48:04', NULL),
(5172, 71, 2, 4, '48', NULL, NULL, '2022-12-08 10:48:04', NULL),
(5173, 71, 2, 5, '48', NULL, NULL, '2022-12-08 10:48:04', NULL),
(5174, 71, 3, 6, '48', NULL, NULL, '2022-12-08 10:48:04', NULL),
(5175, 71, 3, 7, '48', NULL, NULL, '2022-12-08 10:48:04', NULL),
(5176, 71, 3, 8, '48', NULL, NULL, '2022-12-08 10:48:04', NULL),
(5177, 71, 3, 9, '48', NULL, NULL, '2022-12-08 10:48:04', NULL),
(5178, 71, 3, 10, '48', NULL, NULL, '2022-12-08 10:48:04', NULL),
(5179, 71, 3, 11, '48', NULL, NULL, '2022-12-08 10:48:04', NULL),
(5180, 71, 3, 12, '48', NULL, NULL, '2022-12-08 10:48:04', NULL),
(5181, 71, 3, 13, '48', NULL, NULL, '2022-12-08 10:48:04', NULL),
(5182, 71, 3, 14, '48', NULL, NULL, '2022-12-08 10:48:04', NULL),
(5183, 71, 4, 15, '48', NULL, NULL, '2022-12-08 10:48:04', NULL),
(5184, 71, 4, 16, '48', NULL, NULL, '2022-12-08 10:48:04', NULL),
(5185, 71, 5, 17, '48', NULL, NULL, '2022-12-08 10:48:04', NULL),
(5186, 71, 5, 18, '48', NULL, NULL, '2022-12-08 10:48:04', NULL),
(5187, 71, 5, 19, '48', NULL, NULL, '2022-12-08 10:48:04', NULL),
(5188, 71, 5, 20, '48', NULL, NULL, '2022-12-08 10:48:04', NULL),
(5189, 71, 5, 21, '48', NULL, NULL, '2022-12-08 10:48:04', NULL),
(5190, 71, 5, 22, '48', NULL, NULL, '2022-12-08 10:48:04', NULL),
(5191, 71, 5, 23, '48', NULL, NULL, '2022-12-08 10:48:04', NULL),
(5192, 71, 6, 24, '48', NULL, NULL, '2022-12-08 10:48:04', NULL),
(5193, 71, 6, 25, '48', NULL, NULL, '2022-12-08 10:48:04', NULL),
(5194, 71, 7, 26, '48', NULL, NULL, '2022-12-08 10:48:04', NULL),
(5195, 71, 7, 27, '48', NULL, NULL, '2022-12-08 10:48:04', NULL),
(5196, 71, 7, 28, '48', NULL, NULL, '2022-12-08 10:48:04', NULL),
(5197, 71, 7, 29, '48', NULL, NULL, '2022-12-08 10:48:04', NULL),
(5198, 71, 7, 30, '48', NULL, NULL, '2022-12-08 10:48:04', NULL),
(5199, 71, 7, 31, '48', NULL, NULL, '2022-12-08 10:48:04', NULL),
(5200, 71, 7, 32, '48', NULL, NULL, '2022-12-08 10:48:04', NULL),
(5201, 71, 7, 33, '48', NULL, NULL, '2022-12-08 10:48:04', NULL),
(5202, 71, 7, 34, '48', NULL, NULL, '2022-12-08 10:48:04', NULL),
(5203, 71, 7, 35, '48', NULL, NULL, '2022-12-08 10:48:04', NULL),
(5204, 71, 7, 36, '48', NULL, NULL, '2022-12-08 10:48:04', NULL),
(5205, 71, 7, 37, '48', NULL, NULL, '2022-12-08 10:48:04', NULL),
(5206, 71, 8, 38, '48', NULL, NULL, '2022-12-08 10:48:04', NULL),
(5207, 71, 8, 39, '48', NULL, NULL, '2022-12-08 10:48:04', NULL),
(5208, 71, 8, 40, '48', NULL, NULL, '2022-12-08 10:48:04', NULL),
(5209, 71, 8, 41, '48', NULL, NULL, '2022-12-08 10:48:04', NULL),
(5210, 71, 8, 42, '48', NULL, NULL, '2022-12-08 10:48:04', NULL),
(5211, 71, 9, 43, '48', NULL, NULL, '2022-12-08 10:48:04', NULL),
(5212, 71, 9, 44, '48', NULL, NULL, '2022-12-08 10:48:04', NULL),
(5213, 71, 9, 45, '48', NULL, NULL, '2022-12-08 10:48:04', NULL),
(5214, 71, 9, 46, '48', NULL, NULL, '2022-12-08 10:48:04', NULL),
(5215, 71, 9, 47, '48', NULL, NULL, '2022-12-08 10:48:04', NULL),
(5216, 71, 10, 48, '48', NULL, NULL, '2022-12-08 10:48:04', NULL),
(5217, 71, 10, 49, '48', NULL, NULL, '2022-12-08 10:48:04', NULL),
(5218, 71, 11, 50, '48', NULL, NULL, '2022-12-08 10:48:04', NULL),
(5219, 71, 11, 51, '48', NULL, NULL, '2022-12-08 10:48:04', NULL),
(5220, 71, 11, 52, '48', NULL, NULL, '2022-12-08 10:48:04', NULL),
(5221, 71, 11, 53, '48', NULL, NULL, '2022-12-08 10:48:04', NULL),
(5222, 71, 11, 54, '48', NULL, NULL, '2022-12-08 10:48:04', NULL),
(5223, 71, 11, 55, '48', NULL, NULL, '2022-12-08 10:48:04', NULL),
(5224, 71, 12, 56, '48', NULL, NULL, '2022-12-08 10:48:04', NULL),
(5225, 71, 12, 57, '48', NULL, NULL, '2022-12-08 10:48:04', NULL),
(5226, 71, 12, 58, '48', NULL, NULL, '2022-12-08 10:48:04', NULL),
(5227, 71, 12, 59, '48', NULL, NULL, '2022-12-08 10:48:04', NULL),
(5228, 71, 12, 60, '48', NULL, NULL, '2022-12-08 10:48:04', NULL),
(5229, 71, 12, 80, '48', NULL, NULL, '2022-12-08 10:48:04', NULL),
(5230, 71, 12, 61, '48', NULL, NULL, '2022-12-08 10:48:04', NULL),
(5231, 71, 13, 62, '48', NULL, NULL, '2022-12-08 10:48:04', NULL),
(5232, 71, 13, 63, '48', NULL, NULL, '2022-12-08 10:48:04', NULL),
(5233, 71, 13, 64, '48', NULL, NULL, '2022-12-08 10:48:04', NULL),
(5234, 71, 13, 65, '48', NULL, NULL, '2022-12-08 10:48:04', NULL),
(5235, 71, 13, 66, '48', NULL, NULL, '2022-12-08 10:48:04', NULL),
(5236, 71, 14, 67, 'v', NULL, NULL, '2022-12-08 10:48:04', NULL),
(5237, 71, 14, 68, '48', NULL, NULL, '2022-12-08 10:48:04', NULL),
(5238, 71, 14, 69, '48', NULL, NULL, '2022-12-08 10:48:04', NULL),
(5239, 71, 14, 70, '48', NULL, NULL, '2022-12-08 10:48:04', NULL),
(5240, 71, 15, 71, '48', NULL, NULL, '2022-12-08 10:48:04', NULL),
(5241, 71, 15, 72, '48', NULL, NULL, '2022-12-08 10:48:04', NULL),
(5242, 71, 16, 73, '48', NULL, NULL, '2022-12-08 10:48:04', NULL),
(5243, 71, 16, 74, '48', NULL, NULL, '2022-12-08 10:48:04', NULL),
(5244, 71, 16, 75, '48', NULL, NULL, '2022-12-08 10:48:04', NULL),
(5245, 71, 16, 76, '48', NULL, NULL, '2022-12-08 10:48:04', NULL),
(5246, 71, 17, 77, '48', NULL, NULL, '2022-12-08 10:48:04', NULL),
(5247, 71, 17, 78, '48', NULL, NULL, '2022-12-08 10:48:04', NULL),
(5248, 71, 17, 79, '48', NULL, NULL, '2022-12-08 10:48:04', NULL),
(5249, 72, 1, 1, '48', NULL, NULL, '2022-12-24 11:36:56', '2022-12-24 11:40:40'),
(5250, 72, 1, 2, '48', NULL, NULL, '2022-12-24 11:36:56', '2022-12-24 11:40:40'),
(5251, 72, 1, 3, '48', NULL, NULL, '2022-12-24 11:36:56', '2022-12-24 11:40:40'),
(5252, 72, 2, 4, '48', NULL, NULL, '2022-12-24 11:36:56', '2022-12-24 11:40:40'),
(5253, 72, 2, 5, '48', NULL, NULL, '2022-12-24 11:36:56', '2022-12-24 11:40:40'),
(5254, 72, 3, 6, '48', NULL, NULL, '2022-12-24 11:36:56', '2022-12-24 11:40:40'),
(5255, 72, 3, 7, '48', NULL, NULL, '2022-12-24 11:36:56', '2022-12-24 11:40:40'),
(5256, 72, 3, 8, '48', NULL, NULL, '2022-12-24 11:36:56', '2022-12-24 11:40:40'),
(5257, 72, 3, 9, '48', NULL, NULL, '2022-12-24 11:36:56', '2022-12-24 11:40:40'),
(5258, 72, 3, 10, '48', NULL, NULL, '2022-12-24 11:36:56', '2022-12-24 11:40:40'),
(5259, 72, 3, 11, '48', NULL, NULL, '2022-12-24 11:36:56', '2022-12-24 11:40:40'),
(5260, 72, 3, 12, '48', NULL, NULL, '2022-12-24 11:36:56', '2022-12-24 11:40:40'),
(5261, 72, 3, 13, '48', NULL, NULL, '2022-12-24 11:36:56', '2022-12-24 11:40:40'),
(5262, 72, 3, 14, '48', NULL, NULL, '2022-12-24 11:36:56', '2022-12-24 11:40:40'),
(5263, 72, 4, 15, '48', NULL, NULL, '2022-12-24 11:36:56', '2022-12-24 11:40:40'),
(5264, 72, 4, 16, '48', NULL, NULL, '2022-12-24 11:36:56', '2022-12-24 11:40:40'),
(5265, 72, 5, 17, '48', NULL, NULL, '2022-12-24 11:36:56', '2022-12-24 11:40:40'),
(5266, 72, 5, 18, '48', NULL, NULL, '2022-12-24 11:36:56', '2022-12-24 11:40:40'),
(5267, 72, 5, 19, '48', NULL, NULL, '2022-12-24 11:36:56', '2022-12-24 11:40:40'),
(5268, 72, 5, 20, '48', NULL, NULL, '2022-12-24 11:36:56', '2022-12-24 11:40:40'),
(5269, 72, 5, 21, '48', NULL, NULL, '2022-12-24 11:36:56', '2022-12-24 11:40:40'),
(5270, 72, 5, 22, '48', NULL, NULL, '2022-12-24 11:36:56', '2022-12-24 11:40:40'),
(5271, 72, 5, 23, '48', NULL, NULL, '2022-12-24 11:36:56', '2022-12-24 11:40:40'),
(5272, 72, 6, 24, '48', NULL, NULL, '2022-12-24 11:36:56', '2022-12-24 11:40:40'),
(5273, 72, 6, 25, '48', NULL, NULL, '2022-12-24 11:36:56', '2022-12-24 11:40:40'),
(5274, 72, 7, 26, '48', NULL, NULL, '2022-12-24 11:36:56', '2022-12-24 11:40:40'),
(5275, 72, 7, 27, '48', NULL, NULL, '2022-12-24 11:36:56', '2022-12-24 11:40:40'),
(5276, 72, 7, 28, '48', NULL, NULL, '2022-12-24 11:36:56', '2022-12-24 11:40:40'),
(5277, 72, 7, 29, '48', NULL, NULL, '2022-12-24 11:36:56', '2022-12-24 11:40:40'),
(5278, 72, 7, 30, '48', NULL, NULL, '2022-12-24 11:36:56', '2022-12-24 11:40:40'),
(5279, 72, 7, 31, '48', NULL, NULL, '2022-12-24 11:36:56', '2022-12-24 11:40:40'),
(5280, 72, 7, 32, '48', NULL, NULL, '2022-12-24 11:36:56', '2022-12-24 11:40:40'),
(5281, 72, 7, 33, '48', NULL, NULL, '2022-12-24 11:36:56', '2022-12-24 11:40:40'),
(5282, 72, 7, 34, '48', NULL, NULL, '2022-12-24 11:36:56', '2022-12-24 11:40:40'),
(5283, 72, 7, 35, '48', NULL, NULL, '2022-12-24 11:36:56', '2022-12-24 11:40:40'),
(5284, 72, 7, 36, '48', NULL, NULL, '2022-12-24 11:36:56', '2022-12-24 11:40:40'),
(5285, 72, 7, 37, '48', NULL, NULL, '2022-12-24 11:36:56', '2022-12-24 11:40:40'),
(5286, 72, 8, 38, '48', NULL, NULL, '2022-12-24 11:36:56', '2022-12-24 11:40:40'),
(5287, 72, 8, 39, '48', NULL, NULL, '2022-12-24 11:36:56', '2022-12-24 11:40:40'),
(5288, 72, 8, 40, '48', NULL, NULL, '2022-12-24 11:36:56', '2022-12-24 11:40:40'),
(5289, 72, 8, 41, '48', NULL, NULL, '2022-12-24 11:36:56', '2022-12-24 11:40:40'),
(5290, 72, 8, 42, '48', NULL, NULL, '2022-12-24 11:36:56', '2022-12-24 11:40:40'),
(5291, 72, 9, 43, '48', NULL, NULL, '2022-12-24 11:36:56', '2022-12-24 11:40:40'),
(5292, 72, 9, 44, '48', NULL, NULL, '2022-12-24 11:36:56', '2022-12-24 11:40:40'),
(5293, 72, 9, 45, '48', NULL, NULL, '2022-12-24 11:36:56', '2022-12-24 11:40:40'),
(5294, 72, 9, 46, '48', NULL, NULL, '2022-12-24 11:36:56', '2022-12-24 11:40:40'),
(5295, 72, 9, 47, '48', NULL, NULL, '2022-12-24 11:36:56', '2022-12-24 11:40:40'),
(5296, 72, 10, 48, '48', NULL, NULL, '2022-12-24 11:36:56', '2022-12-24 11:40:40'),
(5297, 72, 10, 49, '48', NULL, NULL, '2022-12-24 11:36:56', '2022-12-24 11:40:40'),
(5298, 72, 11, 50, '48', NULL, NULL, '2022-12-24 11:36:56', '2022-12-24 11:40:40'),
(5299, 72, 11, 51, '48', NULL, NULL, '2022-12-24 11:36:56', '2022-12-24 11:40:40'),
(5300, 72, 11, 52, '48', NULL, NULL, '2022-12-24 11:36:56', '2022-12-24 11:40:40'),
(5301, 72, 11, 53, '48', NULL, NULL, '2022-12-24 11:36:56', '2022-12-24 11:40:40');
INSERT INTO `up_analyses_details` (`id`, `analyses_id`, `category_id`, `product_id`, `target_monthly_sales`, `type_of_analysis`, `action`, `created_at`, `updated_at`) VALUES
(5302, 72, 11, 54, '48', NULL, NULL, '2022-12-24 11:36:56', '2022-12-24 11:40:40'),
(5303, 72, 11, 55, '48', NULL, NULL, '2022-12-24 11:36:56', '2022-12-24 11:40:40'),
(5304, 72, 12, 56, '48', NULL, NULL, '2022-12-24 11:36:56', '2022-12-24 11:40:40'),
(5305, 72, 12, 57, '48', NULL, NULL, '2022-12-24 11:36:56', '2022-12-24 11:40:40'),
(5306, 72, 12, 58, '48', NULL, NULL, '2022-12-24 11:36:56', '2022-12-24 11:40:40'),
(5307, 72, 12, 59, '48', NULL, NULL, '2022-12-24 11:36:56', '2022-12-24 11:40:40'),
(5308, 72, 12, 60, '48', NULL, NULL, '2022-12-24 11:36:56', '2022-12-24 11:40:40'),
(5309, 72, 12, 80, '48', NULL, NULL, '2022-12-24 11:36:56', '2022-12-24 11:40:40'),
(5310, 72, 12, 61, '48', NULL, NULL, '2022-12-24 11:36:56', '2022-12-24 11:40:40'),
(5311, 72, 13, 62, '48', NULL, NULL, '2022-12-24 11:36:56', '2022-12-24 11:40:40'),
(5312, 72, 13, 63, '48', NULL, NULL, '2022-12-24 11:36:56', '2022-12-24 11:40:40'),
(5313, 72, 13, 64, '48', NULL, NULL, '2022-12-24 11:36:56', '2022-12-24 11:40:40'),
(5314, 72, 13, 65, '48', NULL, NULL, '2022-12-24 11:36:56', '2022-12-24 11:40:40'),
(5315, 72, 13, 66, '48', NULL, NULL, '2022-12-24 11:39:00', '2022-12-24 11:40:40'),
(5316, 72, 14, 67, '48', NULL, NULL, '2022-12-24 11:39:00', '2022-12-24 11:40:40'),
(5317, 72, 14, 68, '48', NULL, NULL, '2022-12-24 11:39:00', '2022-12-24 11:40:40'),
(5318, 72, 14, 69, '48', NULL, NULL, '2022-12-24 11:39:00', '2022-12-24 11:40:40'),
(5319, 72, 14, 70, '48', NULL, NULL, '2022-12-24 11:39:00', '2022-12-24 11:40:40'),
(5320, 72, 15, 71, '48', NULL, NULL, '2022-12-24 11:39:00', '2022-12-24 11:40:40'),
(5321, 72, 15, 72, '48', NULL, NULL, '2022-12-24 11:39:00', '2022-12-24 11:40:40'),
(5322, 72, 16, 73, '48', NULL, NULL, '2022-12-24 11:39:00', '2022-12-24 11:40:40'),
(5323, 72, 16, 74, '48', NULL, NULL, '2022-12-24 11:39:00', '2022-12-24 11:40:40'),
(5324, 72, 16, 75, '48', NULL, NULL, '2022-12-24 11:39:00', '2022-12-24 11:40:40'),
(5325, 72, 16, 76, '48', NULL, NULL, '2022-12-24 11:39:00', '2022-12-24 11:40:40'),
(5326, 72, 17, 77, '48', NULL, NULL, '2022-12-24 11:39:00', '2022-12-24 11:40:40'),
(5327, 72, 17, 78, '48', NULL, NULL, '2022-12-24 11:39:00', '2022-12-24 11:40:40'),
(5328, 72, 17, 79, '48', NULL, NULL, '2022-12-24 11:39:00', '2022-12-24 11:40:40'),
(5329, 12, 11, 53, '48 DZ', NULL, NULL, '2022-12-24 11:59:58', NULL),
(5330, 12, 12, 80, '48 DZ', NULL, NULL, '2022-12-24 11:59:58', NULL),
(5331, 73, 1, 1, '48 DZ', NULL, NULL, '2022-12-24 12:25:39', NULL),
(5332, 73, 1, 2, '48 DZ', NULL, NULL, '2022-12-24 12:25:39', NULL),
(5333, 73, 1, 3, '48 DZ', NULL, NULL, '2022-12-24 12:25:39', NULL),
(5334, 73, 2, 4, '48 DZ', NULL, NULL, '2022-12-24 12:25:39', NULL),
(5335, 73, 2, 5, '48 DZ', NULL, NULL, '2022-12-24 12:25:39', NULL),
(5336, 73, 3, 6, '48 DZ', NULL, NULL, '2022-12-24 12:25:39', NULL),
(5337, 73, 3, 7, '48 DZ', NULL, NULL, '2022-12-24 12:25:39', NULL),
(5338, 73, 3, 8, '48 DZ', NULL, NULL, '2022-12-24 12:25:39', NULL),
(5339, 73, 3, 9, '48 DZ', NULL, NULL, '2022-12-24 12:25:39', NULL),
(5340, 73, 3, 10, '48 DZ', NULL, NULL, '2022-12-24 12:25:39', NULL),
(5341, 73, 3, 11, '48 DZ', NULL, NULL, '2022-12-24 12:25:39', NULL),
(5342, 73, 3, 12, '48 DZ', NULL, NULL, '2022-12-24 12:25:39', NULL),
(5343, 73, 3, 13, '48 DZ', NULL, NULL, '2022-12-24 12:25:39', NULL),
(5344, 73, 3, 14, '48 DZ', NULL, NULL, '2022-12-24 12:25:39', NULL),
(5345, 73, 4, 15, '48 DZ', NULL, NULL, '2022-12-24 12:25:39', NULL),
(5346, 73, 4, 16, '48 DZ', NULL, NULL, '2022-12-24 12:25:39', NULL),
(5347, 73, 5, 17, '48 DZ', NULL, NULL, '2022-12-24 12:25:39', NULL),
(5348, 73, 5, 18, '48 DZ', NULL, NULL, '2022-12-24 12:25:39', NULL),
(5349, 73, 5, 19, '48 DZ', NULL, NULL, '2022-12-24 12:25:39', NULL),
(5350, 73, 5, 20, '48 DZ', NULL, NULL, '2022-12-24 12:25:39', NULL),
(5351, 73, 5, 21, '48 DZ', NULL, NULL, '2022-12-24 12:25:39', NULL),
(5352, 73, 5, 22, '48 DZ', NULL, NULL, '2022-12-24 12:25:39', NULL),
(5353, 73, 5, 23, '48 DZ', NULL, NULL, '2022-12-24 12:25:39', NULL),
(5354, 73, 6, 24, '48 DZ', NULL, NULL, '2022-12-24 12:25:39', NULL),
(5355, 73, 6, 25, '48 DZ', NULL, NULL, '2022-12-24 12:25:39', NULL),
(5356, 73, 7, 26, '48 DZ', NULL, NULL, '2022-12-24 12:25:39', NULL),
(5357, 73, 7, 27, '48 DZ', NULL, NULL, '2022-12-24 12:25:39', NULL),
(5358, 73, 7, 28, '48 DZ', NULL, NULL, '2022-12-24 12:25:39', NULL),
(5359, 73, 7, 29, '48 DZ', NULL, NULL, '2022-12-24 12:25:39', NULL),
(5360, 73, 7, 30, '48 DZ', NULL, NULL, '2022-12-24 12:25:39', NULL),
(5361, 73, 7, 31, '48 DZ', NULL, NULL, '2022-12-24 12:25:39', NULL),
(5362, 73, 7, 32, '48 DZ', NULL, NULL, '2022-12-24 12:25:39', NULL),
(5363, 73, 7, 33, '48 DZ', NULL, NULL, '2022-12-24 12:25:39', NULL),
(5364, 73, 7, 34, '48 DZ', NULL, NULL, '2022-12-24 12:25:39', NULL),
(5365, 73, 7, 35, '48 DZ', NULL, NULL, '2022-12-24 12:25:39', NULL),
(5366, 73, 7, 36, '48 DZ', NULL, NULL, '2022-12-24 12:25:39', NULL),
(5367, 73, 7, 37, '48 DZ', NULL, NULL, '2022-12-24 12:25:39', NULL),
(5368, 73, 8, 38, '48 DZ', NULL, NULL, '2022-12-24 12:25:39', NULL),
(5369, 73, 8, 39, '48 DZ', NULL, NULL, '2022-12-24 12:25:39', NULL),
(5370, 73, 8, 40, '48 DZ', NULL, NULL, '2022-12-24 12:25:39', NULL),
(5371, 73, 8, 41, '48 DZ', NULL, NULL, '2022-12-24 12:25:39', NULL),
(5372, 73, 8, 42, '48 DZ', NULL, NULL, '2022-12-24 12:25:39', NULL),
(5373, 73, 9, 43, '48 DZ', NULL, NULL, '2022-12-24 12:25:39', NULL),
(5374, 73, 9, 44, '48 DZ', NULL, NULL, '2022-12-24 12:25:39', NULL),
(5375, 73, 9, 45, '48 DZ', NULL, NULL, '2022-12-24 12:25:39', NULL),
(5376, 73, 9, 46, '48 DZ', NULL, NULL, '2022-12-24 12:25:39', NULL),
(5377, 73, 9, 47, '48 DZ', NULL, NULL, '2022-12-24 12:25:39', NULL),
(5378, 73, 10, 48, '48 DZ', NULL, NULL, '2022-12-24 12:25:39', NULL),
(5379, 73, 10, 49, '48 DZ', NULL, NULL, '2022-12-24 12:25:39', NULL),
(5380, 73, 11, 50, '48 DZ', NULL, NULL, '2022-12-24 12:25:39', NULL),
(5381, 73, 11, 51, '48 DZ', NULL, NULL, '2022-12-24 12:25:39', NULL),
(5382, 73, 11, 52, '48 DZ', NULL, NULL, '2022-12-24 12:25:39', NULL),
(5383, 73, 11, 53, '48 DZ', NULL, NULL, '2022-12-24 12:25:39', NULL),
(5384, 73, 11, 54, '48 DZ', NULL, NULL, '2022-12-24 12:25:39', NULL),
(5385, 73, 11, 55, '48 DZ', NULL, NULL, '2022-12-24 12:25:39', NULL),
(5386, 73, 12, 56, '48 DZ', NULL, NULL, '2022-12-24 12:25:39', NULL),
(5387, 73, 12, 57, '48 DZ', NULL, NULL, '2022-12-24 12:25:39', NULL),
(5388, 73, 12, 58, '48 DZ', NULL, NULL, '2022-12-24 12:25:39', NULL),
(5389, 73, 12, 59, '48 DZ', NULL, NULL, '2022-12-24 12:25:39', NULL),
(5390, 73, 12, 60, '48 DZ', NULL, NULL, '2022-12-24 12:25:39', NULL),
(5391, 73, 12, 80, '48 DZ', NULL, NULL, '2022-12-24 12:25:39', NULL),
(5392, 73, 12, 61, '48 DZ', NULL, NULL, '2022-12-24 12:25:39', NULL),
(5393, 73, 13, 62, '48 DZ', NULL, NULL, '2022-12-24 12:25:39', NULL),
(5394, 73, 13, 63, '48 DZ', NULL, NULL, '2022-12-24 12:25:39', NULL),
(5395, 73, 13, 64, '48 DZ', NULL, NULL, '2022-12-24 12:25:39', NULL),
(5396, 73, 13, 65, '48 DZ', NULL, NULL, '2022-12-24 12:25:39', NULL),
(5397, 73, 13, 66, '48 DZ', NULL, NULL, '2022-12-24 12:25:39', NULL),
(5398, 73, 14, 67, '48 DZ', NULL, NULL, '2022-12-24 12:25:39', NULL),
(5399, 73, 14, 68, '48 DZ', NULL, NULL, '2022-12-24 12:25:39', NULL),
(5400, 73, 14, 69, '48 DZ', NULL, NULL, '2022-12-24 12:25:39', NULL),
(5401, 73, 14, 70, '48 DZ', NULL, NULL, '2022-12-24 12:25:39', NULL),
(5402, 73, 15, 71, '48 DZ', NULL, NULL, '2022-12-24 12:25:39', NULL),
(5403, 73, 15, 72, '48 DZ', NULL, NULL, '2022-12-24 12:25:39', NULL),
(5404, 73, 16, 73, '48 DZ', NULL, NULL, '2022-12-24 12:25:39', NULL),
(5405, 73, 16, 74, '48 DZ', NULL, NULL, '2022-12-24 12:25:39', NULL),
(5406, 73, 16, 75, '48 DZ', NULL, NULL, '2022-12-24 12:25:39', NULL),
(5407, 73, 16, 76, '48 DZ', NULL, NULL, '2022-12-24 12:25:39', NULL),
(5408, 73, 17, 77, '48 DZ', NULL, NULL, '2022-12-24 12:25:39', NULL),
(5409, 73, 17, 78, '48 DZ', NULL, NULL, '2022-12-24 12:25:39', NULL),
(5410, 73, 17, 79, '48 DZ', NULL, NULL, '2022-12-24 12:25:39', NULL),
(5411, 10, 12, 80, '48 DZ', NULL, NULL, '2022-12-24 12:32:43', NULL),
(5412, 74, 1, 1, '48 DZ', NULL, NULL, '2022-12-24 12:46:27', NULL),
(5413, 74, 1, 2, '48 DZ', NULL, NULL, '2022-12-24 12:46:27', NULL),
(5414, 74, 1, 3, '48 DZ', NULL, NULL, '2022-12-24 12:46:27', NULL),
(5415, 74, 2, 4, '48 DZ', NULL, NULL, '2022-12-24 12:46:27', NULL),
(5416, 74, 2, 5, '48 DZ', NULL, NULL, '2022-12-24 12:46:27', NULL),
(5417, 74, 3, 6, '48 DZ', NULL, NULL, '2022-12-24 12:46:27', NULL),
(5418, 74, 3, 7, '48 DZ', NULL, NULL, '2022-12-24 12:46:27', NULL),
(5419, 74, 3, 8, '48 DZ', NULL, NULL, '2022-12-24 12:46:27', NULL),
(5420, 74, 3, 9, '48 DZ', NULL, NULL, '2022-12-24 12:46:27', NULL),
(5421, 74, 3, 10, '48 DZ', NULL, NULL, '2022-12-24 12:46:27', NULL),
(5422, 74, 3, 11, '48 DZ', NULL, NULL, '2022-12-24 12:46:27', NULL),
(5423, 74, 3, 12, '48 DZ', NULL, NULL, '2022-12-24 12:46:27', NULL),
(5424, 74, 3, 13, '48 DZ', NULL, NULL, '2022-12-24 12:46:27', NULL),
(5425, 74, 3, 14, '48 DZ', NULL, NULL, '2022-12-24 12:46:27', NULL),
(5426, 74, 4, 15, '48 DZ', NULL, NULL, '2022-12-24 12:46:27', NULL),
(5427, 74, 4, 16, '48 DZ', NULL, NULL, '2022-12-24 12:46:27', NULL),
(5428, 74, 5, 17, '48 DZ', NULL, NULL, '2022-12-24 12:46:27', NULL),
(5429, 74, 5, 18, '48 DZ', NULL, NULL, '2022-12-24 12:46:27', NULL),
(5430, 74, 5, 19, '48 DZ', NULL, NULL, '2022-12-24 12:46:27', NULL),
(5431, 74, 5, 20, '48 DZ', NULL, NULL, '2022-12-24 12:46:27', NULL),
(5432, 74, 5, 21, '48 DZ', NULL, NULL, '2022-12-24 12:46:27', NULL),
(5433, 74, 5, 22, '48 DZ', NULL, NULL, '2022-12-24 12:46:27', NULL),
(5434, 74, 5, 23, '48 DZ', NULL, NULL, '2022-12-24 12:46:27', NULL),
(5435, 74, 6, 24, '48 DZ', NULL, NULL, '2022-12-24 12:46:27', NULL),
(5436, 74, 6, 25, '48 DZ', NULL, NULL, '2022-12-24 12:46:27', NULL),
(5437, 74, 7, 26, '48 DZ', NULL, NULL, '2022-12-24 12:46:27', NULL),
(5438, 74, 7, 27, '48 DZ', NULL, NULL, '2022-12-24 12:46:27', NULL),
(5439, 74, 7, 28, '48 DZ', NULL, NULL, '2022-12-24 12:46:27', NULL),
(5440, 74, 7, 29, '48 DZ', NULL, NULL, '2022-12-24 12:46:27', NULL),
(5441, 74, 7, 30, '48 DZ', NULL, NULL, '2022-12-24 12:46:27', NULL),
(5442, 74, 7, 31, '48 DZ', NULL, NULL, '2022-12-24 12:46:27', NULL),
(5443, 74, 7, 32, '48 DZ', NULL, NULL, '2022-12-24 12:46:27', NULL),
(5444, 74, 7, 33, '48 DZ', NULL, NULL, '2022-12-24 12:46:27', NULL),
(5445, 74, 7, 34, '48 DZ', NULL, NULL, '2022-12-24 12:46:27', NULL),
(5446, 74, 7, 35, '48 DZ', NULL, NULL, '2022-12-24 12:46:27', NULL),
(5447, 74, 7, 36, '48 DZ', NULL, NULL, '2022-12-24 12:46:27', NULL),
(5448, 74, 7, 37, '48 DZ', NULL, NULL, '2022-12-24 12:46:27', NULL),
(5449, 74, 8, 38, '48 DZ', NULL, NULL, '2022-12-24 12:46:27', NULL),
(5450, 74, 8, 39, '48 DZ', NULL, NULL, '2022-12-24 12:46:27', NULL),
(5451, 74, 8, 40, '48 DZ', NULL, NULL, '2022-12-24 12:46:27', NULL),
(5452, 74, 8, 41, '48 DZ', NULL, NULL, '2022-12-24 12:46:27', NULL),
(5453, 74, 8, 42, '48 DZ', NULL, NULL, '2022-12-24 12:46:27', NULL),
(5454, 74, 9, 43, '48 DZ', NULL, NULL, '2022-12-24 12:46:27', NULL),
(5455, 74, 9, 44, '48 DZ', NULL, NULL, '2022-12-24 12:46:27', NULL),
(5456, 74, 9, 45, '48 DZ', NULL, NULL, '2022-12-24 12:46:27', NULL),
(5457, 74, 9, 46, '48 DZ', NULL, NULL, '2022-12-24 12:46:27', NULL),
(5458, 74, 9, 47, '48 DZ', NULL, NULL, '2022-12-24 12:46:27', NULL),
(5459, 74, 10, 48, '48 DZ', NULL, NULL, '2022-12-24 12:46:27', NULL),
(5460, 74, 10, 49, '48 DZ', NULL, NULL, '2022-12-24 12:46:27', NULL),
(5461, 74, 11, 50, '48 DZ', NULL, NULL, '2022-12-24 12:46:27', NULL),
(5462, 74, 11, 51, '48 DZ', NULL, NULL, '2022-12-24 12:46:27', NULL),
(5463, 74, 11, 52, '48 DZ', NULL, NULL, '2022-12-24 12:46:27', NULL),
(5464, 74, 11, 53, '48 DZ', NULL, NULL, '2022-12-24 12:46:27', NULL),
(5465, 74, 11, 54, '48 DZ', NULL, NULL, '2022-12-24 12:46:27', NULL),
(5466, 74, 11, 55, '48 DZ', NULL, NULL, '2022-12-24 12:46:27', NULL),
(5467, 74, 12, 56, '48 DZ', NULL, NULL, '2022-12-24 12:46:27', NULL),
(5468, 74, 12, 57, '48 DZ', NULL, NULL, '2022-12-24 12:46:27', NULL),
(5469, 74, 12, 58, '48 DZ', NULL, NULL, '2022-12-24 12:46:27', NULL),
(5470, 74, 12, 59, '48 DZ', NULL, NULL, '2022-12-24 12:46:27', NULL),
(5471, 74, 12, 60, '48 DZ', NULL, NULL, '2022-12-24 12:46:27', NULL),
(5472, 74, 12, 80, '48 DZ', NULL, NULL, '2022-12-24 12:46:27', NULL),
(5473, 74, 12, 61, '48 DZ', NULL, NULL, '2022-12-24 12:46:27', NULL),
(5474, 74, 13, 62, '48 DZ', NULL, NULL, '2022-12-24 12:46:27', NULL),
(5475, 74, 13, 63, '48 DZ', NULL, NULL, '2022-12-24 12:46:27', NULL),
(5476, 74, 13, 64, '48 DZ', NULL, NULL, '2022-12-24 12:46:27', NULL),
(5477, 74, 13, 65, '48 DZ', NULL, NULL, '2022-12-24 12:46:27', NULL),
(5478, 74, 13, 66, '48 DZ', NULL, NULL, '2022-12-24 12:46:27', NULL),
(5479, 74, 14, 67, '48 DZ', NULL, NULL, '2022-12-24 12:46:27', NULL),
(5480, 74, 14, 68, '48 DZ', NULL, NULL, '2022-12-24 12:46:27', NULL),
(5481, 74, 14, 69, '48 DZ', NULL, NULL, '2022-12-24 12:46:27', NULL),
(5482, 74, 14, 70, '48 DZ', NULL, NULL, '2022-12-24 12:46:27', NULL),
(5483, 74, 15, 71, '48 DZ', NULL, NULL, '2022-12-24 12:46:27', NULL),
(5484, 74, 15, 72, '48 DZ', NULL, NULL, '2022-12-24 12:46:27', NULL),
(5485, 74, 16, 73, '48 DZ', NULL, NULL, '2022-12-24 12:46:27', NULL),
(5486, 74, 16, 74, '48 DZ', NULL, NULL, '2022-12-24 12:46:27', NULL),
(5487, 74, 16, 75, '48 DZ', NULL, NULL, '2022-12-24 12:46:27', NULL),
(5488, 74, 16, 76, '48 DZ', NULL, NULL, '2022-12-24 12:46:27', NULL),
(5489, 74, 17, 77, '48 DZ', NULL, NULL, '2022-12-24 12:46:27', NULL),
(5490, 74, 17, 78, '48 DZ', NULL, NULL, '2022-12-24 12:46:27', NULL),
(5491, 74, 17, 79, '48 DZ', NULL, NULL, '2022-12-24 12:46:27', NULL),
(5492, 75, 1, 1, '48', NULL, NULL, '2023-01-17 06:38:42', NULL),
(5493, 75, 1, 2, '48', NULL, NULL, '2023-01-17 06:38:42', NULL);

-- --------------------------------------------------------

--
-- Table structure for table `up_analysis_seasons`
--

CREATE TABLE `up_analysis_seasons` (
  `id` int(10) UNSIGNED NOT NULL,
  `title` varchar(255) COLLATE utf8mb4_unicode_ci DEFAULT NULL,
  `slug` varchar(255) COLLATE utf8mb4_unicode_ci DEFAULT NULL,
  `year` int(11) DEFAULT NULL,
  `sort` int(11) NOT NULL DEFAULT '0',
  `status` enum('0','1') COLLATE utf8mb4_unicode_ci NOT NULL DEFAULT '1' COMMENT '0=>Inactive, 1=>Active',
  `created_at` timestamp NOT NULL DEFAULT CURRENT_TIMESTAMP,
  `updated_at` timestamp NULL DEFAULT NULL ON UPDATE CURRENT_TIMESTAMP,
  `deleted_at` timestamp NULL DEFAULT NULL
) ENGINE=InnoDB DEFAULT CHARSET=utf8mb4 COLLATE=utf8mb4_unicode_ci;

--
-- Dumping data for table `up_analysis_seasons`
--

INSERT INTO `up_analysis_seasons` (`id`, `title`, `slug`, `year`, `sort`, `status`, `created_at`, `updated_at`, `deleted_at`) VALUES
(1, 'OCT-MAR (22-23)', 'oct-mar-22-23', 2022, 0, '1', '2022-08-22 09:36:41', '2022-10-12 09:23:38', NULL),
(2, 'kalna', 'kalna', 2022, 1, '1', '2022-10-14 05:15:37', '2022-12-08 06:01:00', '2022-12-08 11:30:51');

-- --------------------------------------------------------

--
-- Table structure for table `up_area_analyses`
--

CREATE TABLE `up_area_analyses` (
  `id` int(10) UNSIGNED NOT NULL,
  `season_id` int(11) DEFAULT NULL COMMENT 'Id from seasons table',
  `year` int(11) DEFAULT NULL,
  `analysis_date` timestamp NULL DEFAULT NULL,
  `distribution_area_id` int(11) DEFAULT NULL COMMENT 'Id from distribution_areas table',
  `distributor_id` int(11) DEFAULT NULL COMMENT 'Id from distributors table',
  `store_id` int(11) DEFAULT NULL COMMENT 'Id from stores table',
  `category_id` int(11) DEFAULT NULL COMMENT 'Id from categories table',
  `product_id` int(11) DEFAULT NULL COMMENT 'Id from products table',
  `target_monthly_sales` varchar(255) COLLATE utf8mb4_unicode_ci DEFAULT NULL,
  `type_of_analysis` text COLLATE utf8mb4_unicode_ci,
  `action` text COLLATE utf8mb4_unicode_ci,
  `result` text COLLATE utf8mb4_unicode_ci,
  `why` text COLLATE utf8mb4_unicode_ci,
  `comment` longtext COLLATE utf8mb4_unicode_ci,
  `status` enum('0','1') COLLATE utf8mb4_unicode_ci NOT NULL DEFAULT '1' COMMENT '0=>Inactive, 1=>Active',
  `created_at` timestamp NOT NULL DEFAULT CURRENT_TIMESTAMP,
  `updated_at` timestamp NULL DEFAULT NULL ON UPDATE CURRENT_TIMESTAMP,
  `deleted_at` timestamp NULL DEFAULT NULL
) ENGINE=InnoDB DEFAULT CHARSET=utf8mb4 COLLATE=utf8mb4_unicode_ci;

-- --------------------------------------------------------

--
-- Table structure for table `up_area_analysis_details`
--

CREATE TABLE `up_area_analysis_details` (
  `id` int(10) UNSIGNED NOT NULL,
  `area_analysis_id` int(11) DEFAULT NULL COMMENT 'Id from area_analyses table',
  `distributor_id` int(11) DEFAULT NULL COMMENT 'Id from distributors table',
  `result` text COLLATE utf8mb4_unicode_ci,
  `why` text COLLATE utf8mb4_unicode_ci,
  `commented_by` enum('D','SA','A','S') COLLATE utf8mb4_unicode_ci NOT NULL DEFAULT 'D' COMMENT 'D=>Distributor, SA=>Super Admin, A=>Admin, S=>Store Manager',
  `is_viewed` enum('N','Y') COLLATE utf8mb4_unicode_ci NOT NULL DEFAULT 'N' COMMENT 'N=>No, Y=>Yes',
  `status` enum('0','1','2') COLLATE utf8mb4_unicode_ci NOT NULL DEFAULT '1' COMMENT '0=>Inactive, 1=>Active, 2=>Blocked',
  `created_at` timestamp NOT NULL DEFAULT CURRENT_TIMESTAMP,
  `updated_at` timestamp NULL DEFAULT NULL ON UPDATE CURRENT_TIMESTAMP,
  `deleted_at` timestamp NULL DEFAULT NULL
) ENGINE=InnoDB DEFAULT CHARSET=utf8mb4 COLLATE=utf8mb4_unicode_ci;

-- --------------------------------------------------------

--
-- Table structure for table `up_beats`
--

CREATE TABLE `up_beats` (
  `id` int(10) UNSIGNED NOT NULL,
  `distribution_area_id` int(11) DEFAULT NULL COMMENT 'Id from distribution_areas table',
  `title` varchar(255) COLLATE utf8mb4_unicode_ci DEFAULT NULL,
  `slug` varchar(255) COLLATE utf8mb4_unicode_ci DEFAULT NULL,
  `sort` int(11) NOT NULL DEFAULT '0',
  `status` enum('0','1') COLLATE utf8mb4_unicode_ci NOT NULL DEFAULT '1' COMMENT '0=>Inactive, 1=>Active',
  `created_at` timestamp NOT NULL DEFAULT CURRENT_TIMESTAMP,
  `updated_at` timestamp NULL DEFAULT NULL ON UPDATE CURRENT_TIMESTAMP,
  `deleted_at` timestamp NULL DEFAULT NULL
) ENGINE=InnoDB DEFAULT CHARSET=utf8mb4 COLLATE=utf8mb4_unicode_ci;

--
-- Dumping data for table `up_beats`
--

INSERT INTO `up_beats` (`id`, `distribution_area_id`, `title`, `slug`, `sort`, `status`, `created_at`, `updated_at`, `deleted_at`) VALUES
(1, 1, 'Kalna', 'kalna', 0, '1', '2022-08-22 08:18:43', '2022-08-22 08:42:52', '2022-08-22 08:42:52'),
(2, 1, 'Guptipara', 'guptipara', 1, '1', '2022-08-22 08:42:43', '2022-08-22 08:42:43', NULL),
(3, 1, 'Nabadwip', 'nabadwip', 2, '1', '2022-08-22 08:43:07', '2022-08-22 08:43:07', NULL),
(4, 2, 'Nager Bazar', 'nager-bazar', 3, '1', '2022-08-22 08:43:39', '2022-08-22 08:43:39', NULL),
(5, 2, 'Kestopur', 'kestopur', 4, '1', '2022-08-22 08:44:53', '2022-08-22 08:44:53', NULL),
(6, 1, 'Memari', 'memari', 5, '1', '2022-08-22 09:16:47', '2022-08-22 09:16:47', NULL),
(7, 10, 'Sonarpur', 'sonarpur', 6, '1', '2022-08-25 12:10:49', '2022-08-25 12:10:49', NULL),
(8, 1, 'Dhatrigram', 'dhatrigram', 7, '1', '2022-08-25 12:28:20', '2022-08-25 12:28:20', NULL),
(9, 10, 'Baruipur', 'baruipur', 8, '1', '2022-08-25 12:28:57', '2022-08-25 12:28:57', NULL),
(10, 6, 'Bandel', 'bandel', 9, '1', '2022-08-25 12:29:11', '2022-08-25 12:29:11', NULL),
(11, 6, 'Chinsurah', 'chinsurah', 10, '1', '2022-08-25 12:29:25', '2022-08-25 12:29:25', NULL),
(12, 6, 'Hooghly', 'hooghly', 11, '1', '2022-08-25 12:29:44', '2022-08-25 12:29:44', NULL),
(13, 6, 'Chandannagar', 'chandannagar', 12, '1', '2022-08-25 12:30:05', '2022-08-25 12:30:05', NULL),
(14, 6, 'Mankundu jotir more', 'mankundu-jotir-more', 13, '1', '2022-08-25 12:30:18', '2022-08-25 12:37:50', NULL),
(15, 10, 'Rathtala', 'rathtala', 14, '1', '2022-08-25 12:30:40', '2022-08-25 12:30:40', NULL),
(16, 6, 'Bhadreswar', 'bhadreswar', 15, '1', '2022-08-25 12:30:41', '2022-08-25 12:30:41', NULL),
(17, 9, 'Ashok Garh', 'ashok-garh', 16, '1', '2022-08-25 12:30:47', '2022-08-25 12:30:47', NULL),
(18, 1, 'Samudragarh', 'samudragarh', 17, '1', '2022-08-25 12:30:58', '2022-08-25 12:30:58', NULL),
(19, 9, 'Lake View', 'lake-view', 18, '1', '2022-08-25 12:31:35', '2022-08-25 12:31:35', NULL),
(20, 1, 'Jirat', 'jirat', 19, '1', '2022-08-25 12:31:46', '2022-08-25 12:31:46', NULL),
(21, 1, 'Somrabazar', 'somrabazar', 20, '1', '2022-08-25 12:32:09', '2022-08-25 12:32:09', NULL),
(22, 20, 'Vicram super market', 'vicram-super-market', 21, '1', '2022-08-25 12:32:18', '2022-08-25 12:32:18', NULL),
(23, 11, 'Arambagh', 'arambagh', 22, '1', '2022-08-25 12:33:57', '2022-08-25 12:33:57', NULL),
(24, 1, 'Sathgachiya', 'sathgachiya', 23, '1', '2022-08-25 12:35:16', '2022-08-25 12:35:16', NULL),
(25, 18, 'Rajarhat panchayat', 'rajarhat-panchayat', 24, '1', '2022-08-25 12:35:41', '2022-08-25 12:35:41', NULL),
(26, 23, 'Gorabazer', 'gorabazer', 25, '1', '2022-08-27 07:08:22', '2022-08-27 07:08:22', NULL),
(27, 7, 'Habra', 'habra', 26, '1', '2022-08-27 07:51:57', '2022-08-27 07:51:57', NULL),
(28, 11, 'Champadanga', 'champadanga', 27, '1', '2022-09-15 10:41:37', '2022-10-13 11:04:52', NULL),
(29, 11, 'Katulpur', 'katulpur', 28, '1', '2022-10-13 11:05:44', '2022-10-13 11:05:44', NULL),
(30, 11, 'Kamarpukur', 'kamarpukur', 29, '1', '2022-10-13 11:06:19', '2022-10-13 11:06:19', NULL),
(31, 11, 'Choti', 'choti', 30, '1', '2022-10-13 11:06:41', '2022-10-13 11:06:41', NULL),
(32, 11, 'SHAKENDERPUR', 'shakenderpur', 31, '1', '2022-10-14 05:26:57', '2022-10-14 05:26:57', NULL),
(33, 11, 'HELAN', 'helan', 32, '1', '2022-10-14 05:27:54', '2022-10-14 05:27:54', NULL),
(34, 11, 'CHILADANGI', 'chiladangi', 33, '1', '2022-10-14 05:28:40', '2022-10-14 05:28:40', NULL),
(35, 11, 'KRISHNANAGAR', 'krishnanagar', 34, '1', '2022-10-14 05:32:41', '2022-10-14 05:32:41', NULL),
(36, 11, 'KHANAKUL', 'khanakul', 35, '1', '2022-10-14 05:34:28', '2022-10-14 05:34:28', NULL),
(37, 11, 'RAJHATI', 'rajhati', 36, '1', '2022-10-14 05:35:53', '2022-10-14 05:35:53', NULL),
(38, 11, 'PURSURAH', 'pursurah', 37, '1', '2022-10-14 05:37:01', '2022-10-14 05:37:01', NULL),
(39, 1, 'AMBIKA KALNA', 'ambika-kalna', 38, '1', '2022-10-14 06:00:20', '2022-10-14 06:00:20', NULL),
(40, 11, 'GOTAN', 'gotan', 39, '1', '2022-10-14 06:47:22', '2022-10-14 06:47:22', NULL),
(41, 11, 'CHATRA', 'chatra', 40, '1', '2022-10-14 07:31:03', '2022-10-14 07:31:03', NULL),
(42, 1, 'BOINCHI', 'boinchi', 41, '1', '2022-10-14 07:42:30', '2022-10-14 07:42:30', NULL),
(43, 11, 'BANGAI', 'bangai', 42, '1', '2022-10-14 09:12:14', '2022-10-14 09:12:14', NULL),
(44, 11, 'PANCHANANTALA', 'panchanantala', 43, '1', '2022-10-14 10:08:22', '2022-10-14 10:08:22', NULL),
(45, 11, 'PASCHIMPARA', 'paschimpara', 44, '1', '2022-10-14 10:09:00', '2022-10-14 10:09:00', NULL),
(46, 11, 'SODEPUR', 'sodepur', 45, '1', '2022-10-14 10:09:28', '2022-10-14 10:09:28', NULL),
(47, 11, 'BISHNUPUR', 'bishnupur', 46, '1', '2022-10-14 10:26:46', '2022-10-14 10:26:46', NULL),
(48, 11, 'JOYPUR', 'joypur', 47, '1', '2022-10-14 10:31:27', '2022-10-14 10:31:27', NULL),
(49, 11, 'DANGAL', 'dangal', 48, '1', '2022-10-14 12:23:29', '2022-10-14 12:23:29', NULL),
(50, 25, 'BALITIKURI', 'balitikuri', 49, '1', '2022-11-26 06:42:17', '2022-11-26 06:42:17', NULL),
(51, 25, 'BELGACHIA', 'belgachia', 50, '1', '2022-11-26 06:43:08', '2022-11-26 06:43:08', NULL),
(52, 25, 'JAGACHHA', 'jagachha', 51, '1', '2022-11-26 06:44:14', '2022-11-26 06:44:43', NULL),
(53, 25, 'SHIBPUR CHATTERJEE HAT', 'shibpur-chatterjee-hat', 52, '1', '2022-11-26 06:47:09', '2022-11-26 06:47:09', NULL),
(54, 25, 'KADAMTALA N.S ROAD', 'kadamtala-ns-road', 53, '1', '2022-11-26 07:07:47', '2022-11-26 07:07:47', NULL);

-- --------------------------------------------------------

--
-- Table structure for table `up_categories`
--

CREATE TABLE `up_categories` (
  `id` int(10) UNSIGNED NOT NULL,
  `title` varchar(255) COLLATE utf8mb4_unicode_ci DEFAULT NULL,
  `slug` varchar(255) COLLATE utf8mb4_unicode_ci DEFAULT NULL,
  `sort` int(11) NOT NULL DEFAULT '0',
  `status` enum('0','1') COLLATE utf8mb4_unicode_ci NOT NULL DEFAULT '1' COMMENT '0=>Inactive, 1=>Active',
  `created_at` timestamp NOT NULL DEFAULT CURRENT_TIMESTAMP,
  `updated_at` timestamp NULL DEFAULT NULL ON UPDATE CURRENT_TIMESTAMP,
  `deleted_at` timestamp NULL DEFAULT NULL
) ENGINE=InnoDB DEFAULT CHARSET=utf8mb4 COLLATE=utf8mb4_unicode_ci;

--
-- Dumping data for table `up_categories`
--

INSERT INTO `up_categories` (`id`, `title`, `slug`, `sort`, `status`, `created_at`, `updated_at`, `deleted_at`) VALUES
(1, 'A4 Size Note Book', 'a4-size-note-book', 0, '1', '2022-05-16 07:32:40', '2022-05-16 07:34:37', NULL),
(2, 'Drawing Book', 'drawing-book', 1, '1', '2022-05-16 07:35:35', '2022-05-16 07:35:35', NULL),
(3, 'Drwaing & Sketch Book', 'drwaing-sketch-book', 2, '1', '2022-05-16 07:35:43', '2022-05-16 07:35:43', NULL),
(4, 'Lab Note Book  & Loose Sheet', 'lab-note-book-loose-sheet', 3, '1', '2022-05-16 07:35:52', '2022-05-16 07:35:52', NULL),
(5, 'Long Bound Exercise Book', 'long-bound-exercise-book', 4, '1', '2022-05-16 07:35:59', '2022-05-16 07:35:59', NULL),
(6, 'Long Perfect Bound', 'long-perfect-bound', 5, '1', '2022-05-16 07:36:07', '2022-05-16 07:36:07', NULL),
(7, 'Long Stitch Exercise Books', 'long-stitch-exercise-books', 6, '1', '2022-05-16 07:36:13', '2022-05-16 07:36:13', NULL),
(8, 'Pocket Note Book', 'pocket-note-book', 7, '1', '2022-05-16 07:36:22', '2022-05-16 07:49:36', NULL),
(9, 'Practical Note Book', 'practical-note-book', 8, '1', '2022-05-16 07:36:30', '2022-05-16 07:49:36', NULL),
(10, 'Ream Paper ( 20 Quires)', 'ream-paper-20-quires', 9, '1', '2022-05-16 07:36:39', '2022-05-16 07:49:36', NULL),
(11, 'Small Bound', 'small-bound', 10, '1', '2022-05-16 07:36:46', '2022-05-16 07:49:36', NULL),
(12, 'Small Stitch', 'small-stitch', 11, '1', '2022-05-16 07:36:53', '2022-05-16 07:49:36', NULL),
(13, 'Spiral Note Book & Craft Paper', 'spiral-note-book-craft-paper', 12, '1', '2022-05-16 07:37:01', '2022-05-16 07:49:36', NULL),
(14, 'Spl Note Book & Loose Sheet', 'spl-note-book-loose-sheet', 13, '1', '2022-05-16 07:37:09', '2022-05-16 07:49:36', NULL),
(15, 'Stitch D.C. Exercise Book', 'stitch-dc-exercise-book', 14, '1', '2022-05-16 07:37:17', '2022-05-16 07:49:36', NULL),
(16, 'Stitch D.C. Exercise Book & Scrap Book', 'stitch-dc-exercise-book-scrap-book', 15, '1', '2022-05-16 07:37:23', '2022-05-16 07:49:36', NULL),
(17, 'Stitch Graph', 'stitch-graph', 16, '1', '2022-05-16 07:37:32', '2022-06-01 11:42:28', NULL),
(18, 'test cat 1', 'test-cat-1', 17, '1', '2022-06-01 11:42:38', '2022-06-01 11:42:53', '2022-06-01 11:42:53'),
(19, 'Stitch Graph', 'stitch-graph-1', 17, '1', '2022-06-13 06:59:38', '2022-06-13 06:59:45', '2022-06-13 06:59:45');

-- --------------------------------------------------------

--
-- Table structure for table `up_distribution_areas`
--

CREATE TABLE `up_distribution_areas` (
  `id` int(10) UNSIGNED NOT NULL,
  `title` varchar(255) COLLATE utf8mb4_unicode_ci DEFAULT NULL,
  `definition` varchar(255) COLLATE utf8mb4_unicode_ci DEFAULT NULL,
  `slug` varchar(255) COLLATE utf8mb4_unicode_ci DEFAULT NULL,
  `sort` int(11) NOT NULL DEFAULT '0',
  `status` enum('0','1') COLLATE utf8mb4_unicode_ci NOT NULL DEFAULT '1' COMMENT '0=>Inactive, 1=>Active',
  `created_at` timestamp NOT NULL DEFAULT CURRENT_TIMESTAMP,
  `updated_at` timestamp NULL DEFAULT NULL ON UPDATE CURRENT_TIMESTAMP,
  `deleted_at` timestamp NULL DEFAULT NULL
) ENGINE=InnoDB DEFAULT CHARSET=utf8mb4 COLLATE=utf8mb4_unicode_ci;

--
-- Dumping data for table `up_distribution_areas`
--

INSERT INTO `up_distribution_areas` (`id`, `title`, `definition`, `slug`, `sort`, `status`, `created_at`, `updated_at`, `deleted_at`) VALUES
(1, 'Kalna', 'Deep Enterprise', 'kalna', 0, '1', '2022-08-22 07:48:27', '2022-08-22 07:48:27', NULL),
(2, 'Baguiati', 'Shree Krishna Marketing', 'baguiati', 1, '1', '2022-08-22 08:06:35', '2022-08-22 08:06:35', NULL),
(3, 'Behala', 'Behala Paper House', 'behala', 2, '1', '2022-08-22 08:09:05', '2022-08-25 11:08:16', '2022-08-25 11:08:16'),
(4, 'Gupti Para', 'Deep Enterprise', 'gupti-para', 3, '1', '2022-08-22 08:12:54', '2022-08-22 08:42:03', '2022-08-22 08:42:03'),
(5, 'Nabadwip', 'Deep Enterprise', 'nabadwip', 4, '1', '2022-08-22 08:13:36', '2022-08-22 08:41:59', '2022-08-22 08:41:59'),
(6, 'MANKUNDU', 'R D TRADERS', 'mankundu', 3, '1', '2022-08-25 10:30:04', '2022-08-25 10:30:52', NULL),
(7, 'Barasat', 'Dhar Distributor', 'barasat', 4, '1', '2022-08-25 10:30:11', '2022-08-25 10:30:11', NULL),
(8, 'Sodpur', 'Sayan Enterprise', 'sodpur', 5, '1', '2022-08-25 10:30:39', '2022-08-25 10:30:39', NULL),
(9, 'Baranagar', 'Day Enterprise', 'baranagar', 6, '1', '2022-08-25 10:32:45', '2022-08-25 10:32:45', NULL),
(10, 'Rajpur', 'Samaddar Supplyer', 'rajpur', 7, '1', '2022-08-25 10:32:46', '2022-08-25 10:32:46', NULL),
(11, 'Arambagh', 'M/S Anika Enterprise', 'arambagh', 8, '1', '2022-08-25 10:32:56', '2022-08-25 10:32:56', NULL),
(12, 'Howrah', 'A.k Enterprise', 'howrah', 9, '1', '2022-08-25 11:09:11', '2022-08-25 11:09:11', NULL),
(13, 'Ramnagar', 'Jatindranath Enterprise', 'ramnagar', 10, '1', '2022-08-25 11:10:13', '2022-08-25 11:10:13', NULL),
(14, 'Kachrapara', 'Nobokumar Enterprise', 'kachrapara', 11, '1', '2022-08-25 11:25:11', '2022-08-25 11:25:11', NULL),
(15, 'Rajbolhat', 'Arun Enterprise', 'rajbolhat', 12, '1', '2022-08-25 11:34:45', '2022-08-25 11:34:45', NULL),
(16, 'Barrckpore', 'Asmita Traders', 'barrckpore', 13, '1', '2022-08-25 11:49:29', '2022-08-25 11:49:29', NULL),
(17, 'Srirampur', 'Deepnarayan Enterprise', 'srirampur', 14, '1', '2022-08-25 11:49:57', '2022-08-25 11:49:57', NULL),
(18, 'Rajarhat', 'Inderjeet Sel', 'rajarhat', 15, '1', '2022-08-25 11:55:34', '2022-08-25 11:55:34', NULL),
(19, 'Belguriya', 'Saha Traders', 'belguriya', 16, '1', '2022-08-25 11:55:47', '2022-08-25 11:55:47', NULL),
(20, 'Baranagar 2', 'Abhijit Guai', 'baranagar-2', 17, '1', '2022-08-25 11:56:54', '2022-08-25 12:25:54', NULL),
(21, 'Salkia', 'Nirmala Enterprise', 'salkia', 18, '1', '2022-08-25 11:59:20', '2022-08-25 11:59:20', NULL),
(22, 'Behala', 'Behala paper House', 'behala', 19, '1', '2022-08-25 12:33:22', '2022-08-27 08:02:47', '2022-08-27 08:02:47'),
(23, 'Dumdum', 'Chopra Enterprise', 'dumdum', 20, '1', '2022-08-27 06:47:05', '2022-08-27 06:47:05', NULL),
(24, 'Behala', 'Behala Paper House', 'behala', 21, '1', '2022-08-27 08:03:23', '2022-08-27 08:05:22', NULL),
(25, 'DHARSA SETH PARA', 'SHREE MA AGENCY', 'dharsa-seth-para', 22, '1', '2022-11-26 06:13:27', '2022-11-26 06:13:27', NULL);

-- --------------------------------------------------------

--
-- Table structure for table `up_grades`
--

CREATE TABLE `up_grades` (
  `id` int(10) UNSIGNED NOT NULL,
  `title` varchar(255) COLLATE utf8mb4_unicode_ci DEFAULT NULL,
  `slug` varchar(255) COLLATE utf8mb4_unicode_ci DEFAULT NULL,
  `sort` int(11) NOT NULL DEFAULT '0',
  `status` enum('0','1') COLLATE utf8mb4_unicode_ci NOT NULL DEFAULT '1' COMMENT '0=>Inactive, 1=>Active',
  `created_at` timestamp NOT NULL DEFAULT CURRENT_TIMESTAMP,
  `updated_at` timestamp NULL DEFAULT NULL ON UPDATE CURRENT_TIMESTAMP,
  `deleted_at` timestamp NULL DEFAULT NULL
) ENGINE=InnoDB DEFAULT CHARSET=utf8mb4 COLLATE=utf8mb4_unicode_ci;

--
-- Dumping data for table `up_grades`
--

INSERT INTO `up_grades` (`id`, `title`, `slug`, `sort`, `status`, `created_at`, `updated_at`, `deleted_at`) VALUES
(1, 'A', 'a', 0, '1', '2022-07-13 07:36:28', '2022-07-13 07:36:28', NULL),
(2, 'B', 'b', 1, '1', '2022-07-13 07:36:28', '2022-07-13 07:36:28', NULL),
(3, 'C', 'c', 2, '1', '2022-07-13 07:39:44', '2022-07-13 07:39:44', NULL),
(4, 'D', 'd', 3, '1', '2022-07-13 07:39:44', '2022-07-13 07:39:44', NULL);

-- --------------------------------------------------------

--
-- Table structure for table `up_migrations`
--

CREATE TABLE `up_migrations` (
  `id` int(10) UNSIGNED NOT NULL,
  `migration` varchar(255) COLLATE utf8mb4_unicode_ci NOT NULL,
  `batch` int(11) NOT NULL
) ENGINE=InnoDB DEFAULT CHARSET=utf8mb4 COLLATE=utf8mb4_unicode_ci;

--
-- Dumping data for table `up_migrations`
--

INSERT INTO `up_migrations` (`id`, `migration`, `batch`) VALUES
(1, '2021_12_27_000000_create_users_table', 1),
(2, '2021_12_27_064801_create_roles_table', 1),
(3, '2021_12_27_064917_create_role_permissions_table', 1),
(4, '2021_12_27_065108_create_user_roles_table', 1),
(5, '2021_12_27_065206_create_role_pages_table', 1),
(6, '2021_12_27_071814_create_website_settings_table', 1),
(7, '2022_01_03_081035_craete_distribution_areas_table', 1),
(8, '2022_05_09_111152_create_user_details_table', 2),
(9, '2022_05_13_065830_create_stores_table', 3),
(10, '2022_05_16_125023_create_categories_table', 4),
(11, '2022_05_16_131654_create_products_table', 5),
(12, '2022_05_20_092726_create_area_analyses_table', 6),
(13, '2022_05_20_095527_create_area_analysis_details_table', 7),
(14, '2022_05_20_103233_create_seasons_table', 8),
(15, '2022_06_23_101751_create_analysis_seasons_table', 9),
(16, '2022_06_24_095547_create_analyses_table', 10),
(17, '2022_06_24_100134_create_analyses_details_table', 10),
(18, '2022_07_11_045625_create_beats_table', 11),
(19, '2022_07_13_073334_create_grades_table', 12),
(20, '2022_07_14_073113_create_user_distribution_areas_table', 13),
(21, '2022_07_19_061036_create_orders_table', 14),
(22, '2022_10_06_061535_create_single_step_orders_table', 15),
(23, '2022_10_06_062117_create_single_step_order_details_table', 15);

-- --------------------------------------------------------

--
-- Table structure for table `up_orders`
--

CREATE TABLE `up_orders` (
  `id` int(10) UNSIGNED NOT NULL,
  `seller_id` int(11) DEFAULT NULL COMMENT 'Id from users table',
  `analysis_season_id` int(11) DEFAULT NULL COMMENT 'Id from analysis_seasons table',
  `distribution_area_id` int(11) DEFAULT NULL COMMENT 'Id from distribution_areas table',
  `distributor_id` int(11) DEFAULT NULL COMMENT 'Id from users table',
  `beat_id` int(11) DEFAULT NULL COMMENT 'beat_id foreign key from stores table',
  `store_id` int(11) DEFAULT NULL COMMENT 'Id from stores table',
  `analysis_date` timestamp NULL DEFAULT NULL,
  `analyses_id` int(11) DEFAULT NULL COMMENT 'Id from analyses table',
  `category_id` int(11) DEFAULT NULL COMMENT 'Id from analyses_details table',
  `product_id` int(11) DEFAULT NULL COMMENT 'Id from analyses_details table',
  `qty` int(11) DEFAULT NULL,
  `why` text COLLATE utf8mb4_unicode_ci,
  `result` text COLLATE utf8mb4_unicode_ci,
  `status` enum('0','1') COLLATE utf8mb4_unicode_ci NOT NULL DEFAULT '1' COMMENT '0=>Inactive, 1=>Active',
  `created_at` timestamp NOT NULL DEFAULT CURRENT_TIMESTAMP,
  `updated_at` timestamp NULL DEFAULT NULL ON UPDATE CURRENT_TIMESTAMP,
  `deleted_at` timestamp NULL DEFAULT NULL
) ENGINE=InnoDB DEFAULT CHARSET=utf8mb4 COLLATE=utf8mb4_unicode_ci;

--
-- Dumping data for table `up_orders`
--

INSERT INTO `up_orders` (`id`, `seller_id`, `analysis_season_id`, `distribution_area_id`, `distributor_id`, `beat_id`, `store_id`, `analysis_date`, `analyses_id`, `category_id`, `product_id`, `qty`, `why`, `result`, `status`, `created_at`, `updated_at`, `deleted_at`) VALUES
(1, 5, 1, 1, 13, 3, 14, '2022-10-14 00:00:00', 11, 1, 3, 3, 'Order', 'Pl/3,rl/5', '1', '2022-11-26 08:03:30', '2022-11-26 08:03:30', NULL);

-- --------------------------------------------------------

--
-- Table structure for table `up_products`
--

CREATE TABLE `up_products` (
  `id` int(10) UNSIGNED NOT NULL,
  `category_id` int(11) DEFAULT NULL COMMENT 'Id from categories table',
  `grade_id` int(11) DEFAULT NULL COMMENT 'Id from grades table',
  `title` varchar(255) COLLATE utf8mb4_unicode_ci DEFAULT NULL,
  `slug` varchar(255) COLLATE utf8mb4_unicode_ci DEFAULT NULL,
  `rate_per_pcs` double(10,2) NOT NULL DEFAULT '0.00',
  `mrp` double(10,2) DEFAULT NULL,
  `retailer_price` double(10,2) DEFAULT NULL,
  `pack_size` varchar(255) COLLATE utf8mb4_unicode_ci DEFAULT NULL,
  `sort` int(11) NOT NULL DEFAULT '0',
  `status` enum('0','1') COLLATE utf8mb4_unicode_ci NOT NULL DEFAULT '1' COMMENT '0=>Inactive, 1=>Active',
  `created_at` timestamp NOT NULL DEFAULT CURRENT_TIMESTAMP,
  `updated_at` timestamp NULL DEFAULT NULL ON UPDATE CURRENT_TIMESTAMP,
  `deleted_at` timestamp NULL DEFAULT NULL
) ENGINE=InnoDB DEFAULT CHARSET=utf8mb4 COLLATE=utf8mb4_unicode_ci;

--
-- Dumping data for table `up_products`
--

INSERT INTO `up_products` (`id`, `category_id`, `grade_id`, `title`, `slug`, `rate_per_pcs`, `mrp`, `retailer_price`, `pack_size`, `sort`, `status`, `created_at`, `updated_at`, `deleted_at`) VALUES
(1, 1, 3, 'Pioneer 100 Page A4', 'pioneer-100-page-a4', 27.00, 40.00, 33.00, NULL, 0, '1', '2022-05-17 04:24:55', '2022-07-26 07:58:35', NULL),
(2, 1, 1, 'Pioneer 144 Page A4', 'pioneer-144-page-a4', 36.00, 58.00, 52.00, '2', 1, '1', '2022-05-17 05:01:00', '2022-10-12 11:38:20', NULL),
(3, 1, 2, 'Pioneer 200 Page A4', 'pioneer-200-page-a4', 45.00, 75.00, 60.00, NULL, 2, '1', '2022-05-17 05:01:13', '2022-07-26 07:58:19', NULL),
(4, 2, 1, 'G.B. 28 Page Drawing', 'gb-28-page-drawing', 8.00, NULL, 15.00, NULL, 3, '1', '2022-05-17 05:02:06', '2022-07-26 07:58:42', NULL),
(5, 2, 2, 'G.B. 4 No Drawing', 'gb-4-no-drawing', 17.00, 34.00, 25.00, NULL, 4, '1', '2022-05-17 05:02:21', '2022-07-26 07:55:08', NULL),
(6, 3, 2, 'Pioneer 4 No Drawing', 'pioneer-4-no-drawing', 24.83, 43.00, 32.00, NULL, 5, '1', '2022-05-17 05:02:41', '2022-07-26 07:55:15', NULL),
(7, 3, 2, 'Pioneer 40 Page 11x15 Drawing', 'pioneer-40-page-11x15-drawing', 36.00, 60.00, 45.00, NULL, 6, '1', '2022-05-17 05:02:55', '2022-07-26 07:55:23', NULL),
(8, 3, 2, 'Pioneer 40 Page Spiral Drawing 120 GSM', 'pioneer-40-page-spiral-drawing-120-gsm', 43.08, NULL, 49.00, NULL, 7, '1', '2022-05-17 05:03:09', '2022-07-26 07:55:31', NULL),
(9, 3, 1, 'Pioneer 40 Page Spiral Drawing 140 GSM', 'pioneer-40-page-spiral-drawing-140-gsm', 55.00, NULL, 75.00, NULL, 8, '1', '2022-05-17 05:03:21', '2022-07-26 07:55:38', NULL),
(10, 3, 1, 'Pioneer 48 Page Drawing', 'pioneer-48-page-drawing', 17.50, 29.00, 25.00, NULL, 9, '1', '2022-05-17 05:03:35', '2022-07-26 07:55:45', NULL),
(11, 3, 2, 'Pioneer 4no 11x15 Drawing', 'pioneer-4no-11x15-drawing', 57.75, 90.00, 75.00, NULL, 10, '1', '2022-05-17 05:04:00', '2022-07-26 07:55:52', NULL),
(12, 3, 1, 'Pioneer 6 No Drawing', 'pioneer-6-no-drawing', 38.08, 55.00, 45.00, NULL, 11, '1', '2022-05-17 05:04:17', '2022-07-26 07:55:58', NULL),
(13, 3, 2, 'Pioneer 6no 11x15 Drawing', 'pioneer-6no-11x15-drawing', 87.75, 135.00, 95.00, NULL, 12, '1', '2022-05-17 05:04:35', '2022-07-26 07:56:07', NULL),
(14, 3, 2, 'Pioneer 8 No Drawing', 'pioneer-8-no-drawing', 49.67, 71.00, 65.00, NULL, 13, '1', '2022-05-17 05:04:53', '2022-07-26 07:56:14', NULL),
(15, 4, 1, 'G.B. Lab Board', 'gb-lab-board', 14.58, 25.00, 22.00, NULL, 14, '1', '2022-05-17 05:05:17', '2022-07-26 07:56:21', NULL),
(16, 4, 1, 'G.B. Loose Sheet', 'gb-loose-sheet', 12.08, NULL, 18.00, NULL, 15, '1', '2022-05-17 05:05:30', '2022-07-26 07:56:27', NULL),
(17, 5, 2, 'Pioneer 10 No long Bound', 'pioneer-10-no-long-bound', 113.00, 160.00, 135.00, NULL, 16, '1', '2022-05-17 05:05:50', '2022-07-26 07:56:36', NULL),
(18, 5, 3, 'Pioneer 10 no SPL Long Bound (Case Binding)', 'pioneer-10-no-spl-long-bound-case-binding', 121.75, 208.00, 180.00, NULL, 17, '1', '2022-05-17 05:06:10', '2022-07-26 07:56:43', NULL),
(19, 5, 2, 'Pioneer 12 No Long Bound', 'pioneer-12-no-long-bound', 133.50, 200.00, 175.00, NULL, 18, '1', '2022-05-17 05:06:27', '2022-07-26 07:56:50', NULL),
(20, 5, 1, 'Pioneer 12 No SPL Long Bound (Case Binding)', 'pioneer-12-no-spl-long-bound-case-binding', 141.25, NULL, 180.00, NULL, 19, '1', '2022-05-17 05:06:45', '2022-07-26 07:56:57', NULL),
(21, 5, 2, 'Pioneer 4 No Long Bound', 'pioneer-4-no-long-bound', 51.33, 80.00, 75.00, NULL, 20, '1', '2022-05-17 05:07:05', '2022-07-26 07:57:05', NULL),
(22, 5, 2, 'Pioneer 6 No Long Bound', 'pioneer-6-no-long-bound', 71.92, 112.00, 92.00, NULL, 21, '1', '2022-05-17 05:07:26', '2022-07-26 07:57:13', NULL),
(23, 5, 1, 'Pioneer 8 No Long Bound', 'pioneer-8-no-long-bound', 92.42, 124.00, 100.00, NULL, 22, '1', '2022-05-17 05:07:48', '2022-07-26 07:57:20', NULL),
(24, 6, 1, 'Pioneer 240 Page 17x27', 'pioneer-240-page-17x27', 65.50, 105.00, 85.00, NULL, 23, '1', '2022-05-17 05:08:05', '2022-07-26 07:57:30', NULL),
(25, 6, 1, 'Pioneer 320 Page 17x27', 'pioneer-320-page-17x27', 90.17, 140.00, 125.00, NULL, 24, '1', '2022-05-17 05:08:24', '2022-07-26 07:57:37', NULL),
(26, 7, 1, 'G.B. 120 Page (15x25)', 'gb-120-page-15x25', 18.00, 35.00, 28.00, NULL, 25, '1', '2022-05-17 05:08:39', '2022-07-26 07:57:44', NULL),
(27, 7, 2, 'G.B. 120 Page (17x27)', 'gb-120-page-17x27', 26.00, 37.00, 32.00, NULL, 26, '1', '2022-05-17 05:09:05', '2022-07-26 07:57:51', NULL),
(28, 7, 2, 'G.B. 152 Page ( 15x25)', 'gb-152-page-15x25', 20.00, 45.00, 33.00, NULL, 27, '1', '2022-05-17 05:09:18', '2022-07-26 07:57:57', NULL),
(29, 7, 2, 'G.B. 160 Page (17x27)', 'gb-160-page-17x27', 30.00, 53.00, 45.00, NULL, 28, '1', '2022-05-17 05:09:31', '2022-07-26 07:54:58', NULL),
(30, 7, 1, 'G.B. 240 Page (17x27)', 'gb-240-page-17x27', 55.00, 80.00, 75.00, NULL, 29, '1', '2022-05-17 05:09:45', '2022-07-26 07:53:45', NULL),
(31, 7, 2, 'G.B. 60 Page Long ( 15x25)', 'gb-60-page-long-15x25', 8.33, NULL, 15.50, NULL, 30, '1', '2022-05-17 05:09:59', '2022-07-26 07:53:37', NULL),
(32, 7, 2, 'G.B. 80 Page (17x27)', 'gb-80-page-17x27', 17.58, 30.00, 25.00, NULL, 31, '1', '2022-05-17 05:10:12', '2022-07-26 07:53:30', NULL),
(33, 7, 2, 'Pioneer 100 Page Long Book(17x27)', 'pioneer-100-page-long-book17x27', 27.00, 45.00, 34.00, NULL, 32, '1', '2022-05-17 05:10:26', '2022-07-26 07:53:22', NULL),
(34, 7, 2, 'Pioneer 132 Page Long Book (15x25)', 'pioneer-132-page-long-book-15x25', 27.00, 42.00, 35.00, NULL, 33, '1', '2022-05-17 05:10:44', '2022-07-26 07:53:13', NULL),
(35, 7, 3, 'Pioneer 132 Page Long Book(17x27)', 'pioneer-132-page-long-book17x27', 36.50, 57.00, 52.50, NULL, 34, '1', '2022-05-17 05:11:04', '2022-07-26 07:53:02', NULL),
(36, 7, 2, 'Pioneer 160 Page Long Book (17x27)', 'pioneer-160-page-long-book-17x27', 43.75, 70.00, 55.00, NULL, 35, '1', '2022-05-17 05:11:23', '2022-07-26 07:52:51', NULL),
(37, 7, 3, 'Pioneer 80 Page Long Book (17x27)', 'pioneer-80-page-long-book-17x27', 26.00, 40.00, 35.00, NULL, 36, '1', '2022-05-17 05:11:49', '2022-07-26 07:52:43', NULL),
(38, 8, 1, 'Pioneer 10 No Note Book', 'pioneer-10-no-note-book', 26.08, 43.00, 37.50, NULL, 37, '1', '2022-05-17 05:12:05', '2022-07-26 07:52:36', NULL),
(39, 8, 1, 'Pioneer 12 No Note Book', 'pioneer-12-no-note-book', 30.58, 52.00, 45.50, NULL, 38, '1', '2022-05-17 05:12:23', '2022-07-26 07:52:26', NULL),
(40, 8, 1, 'Pioneer 4 No Note Book', 'pioneer-4-no-note-book', 10.83, 20.00, 15.00, NULL, 39, '1', '2022-05-17 05:12:39', '2022-07-26 07:52:18', NULL),
(41, 8, 1, 'Pioneer 6 No Note Book', 'pioneer-6-no-note-book', 15.67, 27.00, 23.00, NULL, 40, '1', '2022-05-17 05:12:55', '2022-07-26 07:52:10', NULL),
(42, 8, 1, 'Pioneer 8 No Note Book', 'pioneer-8-no-note-book', 21.08, 35.00, 30.00, NULL, 41, '1', '2022-05-17 05:13:12', '2022-07-26 07:52:03', NULL),
(43, 9, 1, 'Pioneer 112 Page Practical', 'pioneer-112-page-practical', 47.83, 80.00, 60.50, NULL, 42, '1', '2022-05-17 05:13:40', '2022-07-26 07:51:56', NULL),
(44, 9, 2, 'Pioneer 160 Page Practical', 'pioneer-160-page-practical', 64.83, 110.00, 80.50, NULL, 43, '1', '2022-05-17 05:13:58', '2022-07-26 07:51:47', NULL),
(45, 9, 3, 'Pioneer 192 Page Practical', 'pioneer-192-page-practical', 70.58, NULL, 90.00, NULL, 44, '1', '2022-05-17 05:14:12', '2022-07-26 07:51:37', NULL),
(46, 9, 2, 'Pioneer 256 Page Practical', 'pioneer-256-page-practical', 93.75, NULL, 120.00, NULL, 45, '1', '2022-05-17 05:14:31', '2022-07-26 07:51:29', NULL),
(47, 9, 1, 'Pioneer 80 Page Practical', 'pioneer-80-page-practical', 37.83, 63.00, 50.00, NULL, 46, '1', '2022-05-17 05:14:51', '2022-07-26 07:51:17', NULL),
(48, 10, 1, 'Dista 16x26', 'dista-16x26', 13.50, NULL, 20.00, NULL, 47, '1', '2022-05-17 05:16:33', '2022-07-26 07:51:02', NULL),
(49, 10, 2, 'Pioneer Dista Ream (17x27)', 'pioneer-dista-ream-17x27', 24.60, NULL, 30.50, NULL, 48, '1', '2022-05-17 05:16:47', '2022-07-26 07:50:55', NULL),
(50, 11, 1, 'Pioneer 10 No Small Bound', 'pioneer-10-no-small-bound', 59.00, 105.00, 90.50, NULL, 49, '1', '2022-05-17 05:17:19', '2022-07-26 07:50:44', NULL),
(51, 11, 1, 'Pioneer 12 No Small Bound', 'pioneer-12-no-small-bound', 69.67, 125.00, 80.50, NULL, 50, '1', '2022-05-17 05:17:55', '2022-07-26 07:50:36', NULL),
(52, 11, 1, 'Pioneer 4 No Small Bound', 'pioneer-4-no-small-bound', 27.08, 47.00, 43.00, NULL, 51, '1', '2022-05-17 05:18:18', '2022-07-26 07:50:27', NULL),
(53, 11, 1, 'Pioneer 4 No Small Bound Prac', 'pioneer-4-no-small-bound-prac', 29.92, NULL, 45.50, NULL, 52, '1', '2022-05-17 05:18:34', '2022-07-26 07:50:14', NULL),
(54, 11, 1, 'Pioneer 6 No Small Bound', 'pioneer-6-no-small-bound', 37.75, 63.00, 55.50, NULL, 53, '1', '2022-05-17 05:18:51', '2022-07-26 07:50:04', NULL),
(55, 11, 1, 'Pioneer 8 No Small Bound', 'pioneer-8-no-small-bound', 48.42, 90.00, 60.00, '6 Pc', 54, '1', '2022-05-17 05:19:07', '2022-12-08 05:34:39', NULL),
(56, 12, 1, 'G.B. 100 Page Stitch', 'gb-100-page-stitch', 11.33, 21.00, 18.50, NULL, 55, '1', '2022-05-17 05:19:23', '2022-07-26 07:48:06', NULL),
(57, 12, 2, 'G.B. 128 Page Stitch', 'gb-128-page-stitch', 15.50, 28.00, 23.00, NULL, 56, '1', '2022-05-17 05:19:41', '2022-07-26 07:47:58', NULL),
(58, 12, 2, 'G.B. 60 Page stitch', 'gb-60-page-stitch', 6.50, 10.00, 8.00, NULL, 57, '1', '2022-05-17 05:20:03', '2022-07-26 07:47:50', NULL),
(59, 12, 1, 'Pioneer 100 Page Stitch', 'pioneer-100-page-stitch', 15.92, 29.00, 25.00, NULL, 58, '1', '2022-05-17 05:20:17', '2022-07-26 07:47:41', NULL),
(60, 12, 1, 'Pioneer 132 Page Stitch', 'pioneer-132-page-stitch', 20.75, 37.00, 30.00, NULL, 59, '1', '2022-05-17 05:20:39', '2022-07-26 07:47:32', NULL),
(61, 12, 1, 'Pioneer 68 Page Stitch', 'pioneer-68-page-stitch', 10.00, 19.00, 15.00, NULL, 60, '1', '2022-05-17 05:20:51', '2022-07-26 07:47:26', NULL),
(62, 13, 1, 'A4-Bright Craft Paper', 'a4-bright-craft-paper', 87.00, NULL, 100.00, NULL, 61, '1', '2022-05-17 05:21:12', '2022-07-26 07:47:19', NULL),
(63, 13, 1, 'A5 Five Subject Note Book', 'a5-five-subject-note-book', 100.00, NULL, 120.00, NULL, 62, '1', '2022-05-17 05:21:25', '2022-07-26 07:47:13', NULL),
(64, 13, 1, 'A5 One Subject Note Book', 'a5-one-subject-note-book', 61.00, NULL, 70.00, NULL, 63, '1', '2022-05-17 05:21:35', '2022-07-26 07:47:06', NULL),
(65, 13, 1, 'B5 One Subject NoteBook', 'b5-one-subject-notebook', 78.00, NULL, 95.00, NULL, 64, '1', '2022-05-17 05:21:46', '2022-07-26 07:46:58', NULL),
(66, 13, 1, 'Colour Paper ( 22 x 30)', 'colour-paper-22-x-30', 776.00, NULL, 900.00, NULL, 65, '1', '2022-05-17 05:21:59', '2022-07-26 07:46:50', NULL),
(67, 14, 1, 'Pioneer Lab Note Book SPL', 'pioneer-lab-note-book-spl', 19.83, 32.00, 25.00, NULL, 66, '1', '2022-05-17 05:22:15', '2022-07-26 07:45:11', NULL),
(68, 14, 1, 'Pioneer Lab Note Book T.P.', 'pioneer-lab-note-book-tp', 34.58, 53.00, 45.00, NULL, 67, '1', '2022-05-17 05:22:35', '2022-07-26 07:45:02', NULL),
(69, 14, 1, 'Pioneer Loose Sheet', 'pioneer-loose-sheet', 16.67, NULL, 20.00, NULL, 68, '1', '2022-05-17 05:22:48', '2022-07-26 07:44:54', NULL),
(70, 14, 1, 'Pioneer Loose Sheet T.P.  & S.P.', 'pioneer-loose-sheet-tp-sp', 16.67, NULL, 20.00, NULL, 69, '1', '2022-05-17 05:23:01', '2022-07-26 07:44:41', NULL),
(71, 15, 1, 'G.B. 120 Page D.C. Power', 'gb-120-page-dc-power', 15.00, NULL, 18.00, NULL, 70, '1', '2022-05-17 05:23:19', '2022-07-26 07:44:34', NULL),
(72, 15, 1, 'G.B. 60 Page D.C. Power', 'gb-60-page-dc-power', 8.17, 15.00, 12.00, NULL, 71, '1', '2022-05-17 05:23:34', '2022-07-26 07:44:24', NULL),
(73, 16, 1, 'Pioneer 100 Page D.C.', 'pioneer-100-page-dc', 18.00, 33.00, 25.00, NULL, 72, '1', '2022-05-17 05:23:49', '2022-07-26 07:44:16', NULL),
(74, 16, 1, 'Pioneer 120 Page D.C.', 'pioneer-120-page-dc', 22.50, 38.00, 30.00, NULL, 73, '1', '2022-05-17 05:24:02', '2022-07-26 07:44:00', NULL),
(75, 16, 2, 'Pioneer 180 Page D.C.', 'pioneer-180-page-dc', 35.00, 55.00, 40.00, NULL, 74, '1', '2022-05-17 05:24:31', '2022-07-26 07:43:50', NULL),
(76, 16, 1, 'Pioneer 36 Page Scrap', 'pioneer-36-page-scrap', 36.08, 70.00, 50.00, NULL, 75, '1', '2022-05-17 05:24:55', '2022-07-26 07:43:43', NULL),
(77, 17, 2, 'Pioneer 2No St. Graph', 'pioneer-2no-st-graph', 9.50, 14.00, 12.00, NULL, 76, '1', '2022-05-17 05:25:10', '2022-07-26 07:43:36', NULL),
(78, 17, 3, 'Pioneer 44Page Big Graph', 'pioneer-44page-big-graph', 22.42, 38.00, 25.00, NULL, 77, '1', '2022-05-17 05:25:31', '2022-07-26 07:43:24', NULL),
(79, 17, 1, 'Pioneer 4No. St. Graph', 'pioneer-4no-st-graph', 13.42, 20.00, 15.00, NULL, 78, '1', '2022-05-17 05:25:47', '2022-08-11 12:14:16', NULL),
(80, 12, NULL, 'Pioneer 32 Page Stitch', 'pioneer-32-page-stitch', 9.00, 10.00, 10.00, '6 Dzn', 79, '1', '2022-12-08 05:38:28', '2022-12-08 05:38:28', NULL);

-- --------------------------------------------------------

--
-- Table structure for table `up_roles`
--

CREATE TABLE `up_roles` (
  `id` int(10) UNSIGNED NOT NULL,
  `name` varchar(255) COLLATE utf8mb4_unicode_ci DEFAULT NULL,
  `slug` varchar(255) COLLATE utf8mb4_unicode_ci DEFAULT NULL,
  `is_admin` enum('0','1') COLLATE utf8mb4_unicode_ci NOT NULL DEFAULT '1' COMMENT '0=>Inactive, 1=>Active',
  `status` enum('0','1') COLLATE utf8mb4_unicode_ci NOT NULL DEFAULT '1' COMMENT '0=>Inactive, 1=>Active',
  `created_at` timestamp NOT NULL DEFAULT CURRENT_TIMESTAMP,
  `updated_at` timestamp NULL DEFAULT NULL ON UPDATE CURRENT_TIMESTAMP,
  `deleted_at` timestamp NULL DEFAULT NULL
) ENGINE=InnoDB DEFAULT CHARSET=utf8mb4 COLLATE=utf8mb4_unicode_ci;

--
-- Dumping data for table `up_roles`
--

INSERT INTO `up_roles` (`id`, `name`, `slug`, `is_admin`, `status`, `created_at`, `updated_at`, `deleted_at`) VALUES
(1, 'Super Admin', 'super-admin', '1', '1', '2022-05-06 07:39:45', '2022-06-24 08:27:38', NULL),
(2, 'Distributor', 'distributor-1', '1', '1', '2022-05-25 23:52:00', '2022-10-11 12:17:01', NULL),
(3, 'Seller', 'seller', '1', '1', '2022-07-13 23:51:50', '2022-10-11 12:16:14', NULL);

-- --------------------------------------------------------

--
-- Table structure for table `up_role_pages`
--

CREATE TABLE `up_role_pages` (
  `id` int(10) UNSIGNED NOT NULL,
  `routeName` varchar(255) COLLATE utf8mb4_unicode_ci NOT NULL
) ENGINE=InnoDB DEFAULT CHARSET=utf8mb4 COLLATE=utf8mb4_unicode_ci;

--
-- Dumping data for table `up_role_pages`
--

INSERT INTO `up_role_pages` (`id`, `routeName`) VALUES
(1, 'distributionArea.list'),
(2, 'distributionArea.add'),
(3, 'distributionArea.edit'),
(4, 'distributionArea.change-status'),
(5, 'distributionArea.delete'),
(6, 'distributionArea.sort'),
(7, 'distributor.list'),
(8, 'distributor.add'),
(9, 'distributor.edit'),
(10, 'distributor.change-status'),
(11, 'distributor.delete'),
(12, 'store.list'),
(13, 'store.add'),
(14, 'store.edit'),
(15, 'store.change-status'),
(16, 'store.delete'),
(17, 'category.list'),
(18, 'category.add'),
(19, 'category.edit'),
(20, 'category.change-status'),
(21, 'category.delete'),
(22, 'product.list'),
(23, 'product.add'),
(24, 'product.edit'),
(25, 'product.change-status'),
(26, 'product.delete'),
(27, 'areaAnalysis.list'),
(28, 'areaAnalysis.add'),
(29, 'areaAnalysis.edit'),
(30, 'areaAnalysis.change-status'),
(31, 'areaAnalysis.delete'),
(32, 'roleAssignment.list'),
(33, 'roleAssignment.add'),
(34, 'roleAssignment.edit'),
(35, 'roleAssignment.change-status'),
(36, 'roleAssignment.delete'),
(37, 'analyses.list'),
(38, 'analyses.view'),
(39, 'analyses.details-list'),
(40, 'analyses.details-add'),
(41, 'analyses.details-edit'),
(42, 'seller.list'),
(43, 'seller.add'),
(44, 'seller.edit'),
(45, 'seller.change-status'),
(46, 'seller.delete'),
(47, 'beat.list'),
(48, 'beat.add'),
(49, 'beat.edit'),
(50, 'beat.change-status'),
(51, 'beat.delete'),
(52, 'areaAnalysis.details-list'),
(53, 'areaAnalysis.details-view'),
(54, 'analyses.details-view'),
(55, 'analysisSeason.list'),
(56, 'analysisSeason.add'),
(57, 'analysisSeason.edit'),
(58, 'analysisSeason.change-status'),
(59, 'analysisSeason.distribution-area-list'),
(60, 'analysisSeason.distributor-list'),
(61, 'analysisSeason.store-list'),
(62, 'analysisSeason.analysis'),
(66, 'sellerAnalyses.distribution-area-list'),
(67, 'sellerAnalyses.beat-list'),
(68, 'sellerAnalyses.store-list'),
(69, 'sellerAnalyses.category-list'),
(70, 'sellerAnalyses.product-list'),
(71, 'sellerAnalyses.analysis'),
(72, 'order.list'),
(73, 'order.edit'),
(74, 'order.delete'),
(75, 'order.view'),
(76, 'singleStepSellerAnalyses.distribution-area-list'),
(77, 'singleStepSellerAnalyses.beat-list'),
(78, 'singleStepSellerAnalyses.store-list'),
(79, 'singleStepSellerAnalyses.category-list'),
(80, 'singleStepSellerAnalyses.product-list'),
(81, 'singleStepSellerAnalyses.analysis'),
(82, 'singleStepOrder.list'),
(83, 'singleStepOrder.view'),
(84, 'singleStepOrder.delete'),
(85, 'singleStepSellerAnalyses.season-list');

-- --------------------------------------------------------

--
-- Table structure for table `up_role_permissions`
--

CREATE TABLE `up_role_permissions` (
  `role_id` int(11) NOT NULL,
  `page_id` int(11) NOT NULL
) ENGINE=InnoDB DEFAULT CHARSET=utf8mb4 COLLATE=utf8mb4_unicode_ci;

--
-- Dumping data for table `up_role_permissions`
--

INSERT INTO `up_role_permissions` (`role_id`, `page_id`) VALUES
(3, 66),
(3, 67),
(3, 68),
(3, 69),
(3, 70),
(3, 71),
(3, 72),
(3, 75),
(3, 74),
(3, 76),
(3, 77),
(3, 78),
(3, 85),
(3, 79),
(3, 81),
(3, 82),
(3, 83),
(3, 84),
(2, 55),
(2, 56),
(2, 57),
(2, 58),
(2, 59),
(2, 60),
(2, 61),
(2, 62),
(2, 72),
(2, 75),
(2, 74),
(2, 82),
(2, 83),
(2, 84);

-- --------------------------------------------------------

--
-- Table structure for table `up_seasons`
--

CREATE TABLE `up_seasons` (
  `id` int(10) UNSIGNED NOT NULL,
  `title` varchar(255) COLLATE utf8mb4_unicode_ci DEFAULT NULL,
  `slug` varchar(255) COLLATE utf8mb4_unicode_ci DEFAULT NULL,
  `sort` int(11) NOT NULL DEFAULT '0',
  `status` enum('0','1') COLLATE utf8mb4_unicode_ci NOT NULL DEFAULT '1' COMMENT '0=>Inactive, 1=>Active',
  `created_at` timestamp NOT NULL DEFAULT CURRENT_TIMESTAMP,
  `updated_at` timestamp NULL DEFAULT NULL ON UPDATE CURRENT_TIMESTAMP,
  `deleted_at` timestamp NULL DEFAULT NULL
) ENGINE=InnoDB DEFAULT CHARSET=utf8mb4 COLLATE=utf8mb4_unicode_ci;

--
-- Dumping data for table `up_seasons`
--

INSERT INTO `up_seasons` (`id`, `title`, `slug`, `sort`, `status`, `created_at`, `updated_at`, `deleted_at`) VALUES
(1, 'High Season', 'high-season', 0, '1', '2022-05-20 10:34:40', '2022-05-20 10:34:40', NULL),
(2, 'Incentive Season', 'incentive-season', 1, '1', '2022-05-20 10:34:40', '2022-05-20 10:34:40', NULL),
(3, 'Mid Season', 'mid-season', 2, '1', '2022-05-20 10:34:56', '2022-05-20 10:34:56', NULL);

-- --------------------------------------------------------

--
-- Table structure for table `up_single_step_orders`
--

CREATE TABLE `up_single_step_orders` (
  `id` bigint(20) UNSIGNED NOT NULL,
  `unique_order_id` varchar(255) COLLATE utf8mb4_unicode_ci DEFAULT NULL,
  `seller_id` int(11) DEFAULT NULL COMMENT 'Id from users table',
  `analysis_season_id` int(11) DEFAULT NULL COMMENT 'Id from analysis_seasons table',
  `distribution_area_id` int(11) DEFAULT NULL COMMENT 'Id from distribution_areas table',
  `distributor_id` int(11) DEFAULT NULL COMMENT 'Id from users table',
  `beat_id` int(11) DEFAULT NULL COMMENT 'beat_id foreign key from stores table',
  `store_id` int(11) DEFAULT NULL COMMENT 'Id from stores table',
  `analysis_date` timestamp NULL DEFAULT CURRENT_TIMESTAMP,
  `analyses_id` int(11) DEFAULT NULL COMMENT 'Id from analyses table',
  `status` enum('0','1') COLLATE utf8mb4_unicode_ci NOT NULL DEFAULT '1' COMMENT '0=>Inactive, 1=>Active',
  `created_at` timestamp NOT NULL DEFAULT CURRENT_TIMESTAMP,
  `updated_at` timestamp NULL DEFAULT NULL ON UPDATE CURRENT_TIMESTAMP,
  `deleted_at` timestamp NULL DEFAULT NULL
) ENGINE=InnoDB DEFAULT CHARSET=utf8mb4 COLLATE=utf8mb4_unicode_ci;

--
-- Dumping data for table `up_single_step_orders`
--

INSERT INTO `up_single_step_orders` (`id`, `unique_order_id`, `seller_id`, `analysis_season_id`, `distribution_area_id`, `distributor_id`, `beat_id`, `store_id`, `analysis_date`, `analyses_id`, `status`, `created_at`, `updated_at`, `deleted_at`) VALUES
(5, 'PSA10490498C7', 3, 1, 1, 13, 18, 34, '2022-10-12 10:49:04', 2, '1', '2022-10-12 10:49:04', '2022-10-12 10:49:04', NULL),
(6, 'PSA112403F86D', 26, 1, 6, 8, 12, 19, '2022-10-12 11:24:03', 3, '1', '2022-10-12 11:24:03', '2022-10-12 11:24:03', NULL),
(8, 'PSA1032304CF8', 6, 1, 11, 11, 23, 84, '2022-11-24 10:32:30', 27, '1', '2022-11-24 10:32:30', '2022-11-24 10:32:30', NULL),
(12, 'PSA1120065362', 6, 1, 11, 11, 23, 84, '2022-11-24 11:20:06', 27, '1', '2022-11-24 11:20:06', '2022-11-24 11:20:06', NULL),
(13, 'PSA112102C87E', 6, 1, 11, 11, 23, 84, '2022-11-24 11:21:02', 27, '1', '2022-11-24 11:21:02', '2022-11-24 11:21:02', NULL),
(14, 'PSA112136EFD2', 6, 1, 11, 11, 23, 84, '2022-11-24 11:21:36', 27, '1', '2022-11-24 11:21:36', '2022-11-24 11:21:36', NULL),
(15, 'PSA11215592A8', 6, 1, 11, 11, 23, 84, '2022-11-24 11:21:55', 27, '1', '2022-11-24 11:21:55', '2022-11-24 11:21:55', NULL),
(16, 'PSA1151045363', 6, 1, 11, 11, 23, 84, '2022-11-24 11:51:04', 27, '1', '2022-11-24 11:51:04', '2022-11-24 11:51:04', NULL),
(17, 'PSA07384014CC', 6, 1, 11, 11, 23, 76, '2022-11-26 07:38:40', 29, '1', '2022-11-26 07:38:40', '2022-11-26 07:38:40', NULL),
(18, 'PSA074018BE65', 6, 1, 11, 11, 23, 76, '2022-11-26 07:40:18', 29, '1', '2022-11-26 07:40:18', '2022-11-26 07:40:18', NULL),
(19, 'PSA0755332470', 5, 1, 1, 13, 3, 20, '2022-11-26 07:55:33', 31, '1', '2022-11-26 07:55:33', '2022-11-26 07:55:33', NULL),
(20, 'PSA075559F724', 5, 1, 1, 13, 3, 20, '2022-11-26 07:55:59', 31, '1', '2022-11-26 07:55:59', '2022-11-26 07:55:59', NULL),
(21, 'PSA054253821C', 6, 1, 11, 11, 23, 84, '2022-11-28 05:42:53', 27, '1', '2022-11-28 05:42:53', '2022-11-28 05:42:53', NULL),
(26, 'PSA115811EF79', 3, 1, 1, 13, 8, 66, '2022-12-01 11:58:11', 32, '1', '2022-12-01 11:58:11', '2022-12-01 11:58:11', NULL),
(27, 'PSA1204523F31', 3, 1, 1, 13, 8, 43, '2022-12-01 12:04:52', 6, '1', '2022-12-01 12:04:52', '2022-12-01 12:04:52', NULL),
(29, 'PSA120826B8AA', 4, 1, 11, 11, 29, 36, '2022-12-01 12:08:26', 36, '1', '2022-12-01 12:08:26', '2022-12-01 12:08:26', NULL),
(30, 'PSA1212239E1B', 4, 1, 11, 11, 29, 40, '2022-12-01 12:12:23', 22, '1', '2022-12-01 12:12:23', '2022-12-01 12:12:23', NULL),
(31, 'PSA103634A8D8', 4, 1, 7, 15, 27, 33, '2022-12-12 10:36:34', 1, '1', '2022-12-12 10:36:34', '2022-12-12 10:36:34', NULL),
(32, 'PSA071925E3DE', 6, 1, 11, 11, 23, 44, '2022-12-16 07:19:25', 20, '1', '2022-12-16 07:19:25', '2022-12-16 07:19:25', NULL),
(33, 'PSA0732299752', 6, 1, 11, 11, 23, 89, '2022-12-16 07:32:29', 57, '1', '2022-12-16 07:32:29', '2022-12-16 07:32:29', NULL),
(34, 'PSA074338C85D', 6, 1, 11, 11, 23, 88, '2022-12-16 07:43:38', 33, '1', '2022-12-16 07:43:38', '2022-12-16 07:43:38', NULL),
(35, 'PSA0744358539', 6, 1, 11, 11, 23, 88, '2022-12-16 07:44:35', 33, '1', '2022-12-16 07:44:35', '2022-12-16 07:44:35', NULL),
(36, 'PSA080344490C', 4, 1, 11, 11, 29, 36, '2022-12-16 08:03:44', 36, '1', '2022-12-16 08:03:44', '2022-12-16 08:03:44', NULL),
(37, 'PSA0806542A45', 4, 1, 11, 11, 29, 40, '2022-12-16 08:06:54', 22, '1', '2022-12-16 08:06:54', '2022-12-16 08:06:54', NULL),
(38, 'PSA0807255D87', 6, 1, 11, 11, 23, 91, '2022-12-16 08:07:25', 34, '1', '2022-12-16 08:07:25', '2022-12-16 08:07:25', NULL),
(39, 'PSA080815A660', 4, 1, 11, 11, 29, 41, '2022-12-16 08:08:15', 40, '1', '2022-12-16 08:08:15', '2022-12-16 08:08:15', NULL),
(40, 'PSA092751A595', 6, 1, 11, 11, 43, 74, '2022-12-16 09:27:51', 69, '1', '2022-12-16 09:27:51', '2022-12-16 09:27:51', NULL),
(41, 'PSA1019335255', 6, 1, 11, 11, 29, 40, '2022-12-16 10:19:33', 22, '1', '2022-12-16 10:19:33', '2022-12-16 10:19:33', NULL),
(42, 'PSA10333120DC', 6, 1, 11, 11, 29, 36, '2022-12-16 10:33:31', 36, '1', '2022-12-16 10:33:31', '2022-12-16 10:33:31', NULL),
(43, 'PSA103508A698', 6, 1, 11, 11, 29, 41, '2022-12-16 10:35:08', 40, '1', '2022-12-16 10:35:08', '2022-12-16 10:35:08', NULL),
(44, 'PSA111801A8FC', 6, 1, 11, 11, 30, 70, '2022-12-16 11:18:01', 70, '1', '2022-12-16 11:18:01', '2022-12-16 11:18:01', NULL);

-- --------------------------------------------------------

--
-- Table structure for table `up_single_step_order_details`
--

CREATE TABLE `up_single_step_order_details` (
  `id` bigint(20) UNSIGNED NOT NULL,
  `single_step_order_id` int(11) DEFAULT NULL COMMENT 'Id from users table',
  `category_id` int(11) DEFAULT NULL COMMENT 'Id from analyses_details table',
  `product_id` int(11) DEFAULT NULL COMMENT 'Id from analyses_details table',
  `qty` varchar(255) COLLATE utf8mb4_unicode_ci DEFAULT NULL,
  `why` text COLLATE utf8mb4_unicode_ci,
  `result` text COLLATE utf8mb4_unicode_ci
) ENGINE=InnoDB DEFAULT CHARSET=utf8mb4 COLLATE=utf8mb4_unicode_ci;

--
-- Dumping data for table `up_single_step_order_details`
--

INSERT INTO `up_single_step_order_details` (`id`, `single_step_order_id`, `category_id`, `product_id`, `qty`, `why`, `result`) VALUES
(1, 5, 1, 3, '1', 'LM', '50%'),
(2, 6, 1, 2, '250', 'have old stock', '25% achivement'),
(3, 6, 1, 3, '1000', 'have old stock', '505 achievement'),
(4, 16, 1, 1, '12', NULL, NULL),
(5, 16, 1, 2, '12', NULL, NULL),
(6, 16, 1, 3, '12', NULL, NULL),
(7, 17, 1, 2, 'P/L - 2, R/L - 1', NULL, NULL),
(8, 18, 1, 1, 'P/L 4, R/L - 1', NULL, NULL),
(9, 19, 8, 40, '20', NULL, NULL),
(10, 20, 1, 2, 'RL/5, PL/5', NULL, NULL),
(11, 21, 3, 11, '3 dz', NULL, NULL),
(16, 26, 6, 24, '1', NULL, NULL),
(17, 26, 7, 28, '4', NULL, NULL),
(18, 26, 17, 78, '2', NULL, NULL),
(19, 27, 2, 4, '2', NULL, NULL),
(20, 27, 3, 6, '3', NULL, NULL),
(21, 27, 8, 40, '1', NULL, NULL),
(22, 27, 8, 41, '1', NULL, NULL),
(23, 27, 8, 42, '1', NULL, NULL),
(24, 27, 10, 48, '2', NULL, NULL),
(25, 27, 14, 69, '3', NULL, NULL),
(26, 27, 16, 73, '16', NULL, NULL),
(27, 27, 16, 75, '4', NULL, NULL),
(29, 29, 1, 1, '2', NULL, NULL),
(30, 29, 1, 2, '1', NULL, NULL),
(31, 29, 1, 3, '1', NULL, NULL),
(32, 29, 3, 6, '2', NULL, NULL),
(33, 29, 7, 37, '4', NULL, NULL),
(34, 29, 12, 56, '16', NULL, NULL),
(35, 30, 3, 6, '2', NULL, NULL),
(36, 30, 3, 10, '10', NULL, NULL),
(37, 30, 13, 62, '10', NULL, NULL),
(38, 30, 13, 63, '3', NULL, NULL),
(39, 30, 13, 64, '3', NULL, NULL),
(40, 30, 13, 65, '3', NULL, NULL),
(41, 31, 1, 1, '6', NULL, NULL),
(42, 32, 3, 13, '1', NULL, NULL),
(43, 32, 7, 36, '2', NULL, 'R/L- 1 ,P/L- 1'),
(44, 33, 3, 11, '1', NULL, '1 DZN'),
(45, 33, 13, 62, '4', NULL, 'YELLOW-1, GREEN-1, PINK-1, LIGHT PINK-1'),
(46, 34, 1, 2, '4', NULL, 'P/L-2, R/L-2'),
(47, 34, 7, 33, '5', NULL, 'P/L-3, R/L-2'),
(48, 34, 7, 36, '4', NULL, 'P/L-3, R/L-2'),
(49, 36, 1, 1, '2', NULL, NULL),
(50, 36, 1, 2, '1', NULL, NULL),
(51, 36, 1, 3, '1', NULL, NULL),
(52, 36, 3, 6, '2', NULL, NULL),
(53, 36, 8, 40, '2', NULL, NULL),
(54, 36, 8, 41, '2', NULL, NULL),
(55, 36, 12, 56, '16', NULL, NULL),
(56, 37, 3, 6, '2', NULL, NULL),
(57, 37, 3, 10, '10', NULL, NULL),
(58, 37, 12, 80, '12', NULL, NULL),
(59, 37, 13, 63, '3', NULL, NULL),
(60, 37, 13, 64, '3', NULL, NULL),
(61, 37, 13, 65, '3', NULL, NULL),
(62, 38, 6, 25, '6 PCS', NULL, 'R/L-6PCS'),
(63, 38, 7, 36, '6', NULL, 'P/L-4, R/L-2'),
(64, 39, 12, 56, '72', NULL, NULL),
(65, 39, 14, 69, '12', NULL, NULL),
(66, 40, 1, 2, '5', NULL, 'P/L-3, R/L-2'),
(67, 40, 3, 6, '3', NULL, NULL),
(68, 40, 3, 11, '2', NULL, NULL),
(69, 40, 3, 12, '2', NULL, NULL),
(70, 40, 3, 13, '1', NULL, NULL),
(71, 40, 3, 14, '2', NULL, NULL),
(72, 41, 3, 11, '3', NULL, NULL),
(73, 41, 3, 13, '2', NULL, NULL),
(74, 41, 7, 33, '3', NULL, 'P/L-3'),
(75, 41, 8, 40, '2', NULL, NULL),
(76, 41, 8, 41, '2', NULL, NULL),
(77, 41, 8, 42, '2', NULL, NULL),
(78, 41, 13, 62, '5', NULL, 'MIXED-5'),
(79, 42, 6, 24, '2', NULL, 'P/L-1, R/L-1'),
(80, 42, 6, 25, '1', NULL, 'P/L-6PCS, R/L-6PCS'),
(81, 42, 13, 62, '7', NULL, 'MIXED-2, GREEN-1, RED-1, PINK-1, YELLOW-1, SKY BLUE-1,'),
(82, 43, 16, 73, '12', NULL, 'P/L-6, R/L-6'),
(83, 44, 1, 1, '3', NULL, 'P/L-2, R/L-1'),
(84, 44, 1, 2, '5', NULL, 'P/L-3, R/L-2'),
(85, 44, 1, 3, '3', NULL, 'P/L-2, R/L-1'),
(86, 44, 3, 6, '5', NULL, NULL),
(87, 44, 3, 11, '4', NULL, NULL),
(88, 44, 3, 12, '5', NULL, NULL),
(89, 44, 3, 13, '2', NULL, NULL),
(90, 44, 3, 14, '3', NULL, NULL),
(91, 44, 7, 36, '12', NULL, 'P/L-10, R/L-2'),
(92, 44, 10, 48, '25', NULL, 'P/L-20, R/L-5'),
(93, 44, 16, 73, '25', NULL, 'P/L-5, R/L-5, F/R-5, S/R-5, S/R1\'\'-5'),
(94, 44, 16, 75, '10', NULL, 'P/L-3, R/L-3, F/R-3, S/R1\"-1');

-- --------------------------------------------------------

--
-- Table structure for table `up_stores`
--

CREATE TABLE `up_stores` (
  `id` int(10) UNSIGNED NOT NULL,
  `distribution_area_id` int(11) DEFAULT NULL COMMENT 'Id from distribution_areas table',
  `name_1` varchar(255) COLLATE utf8mb4_unicode_ci DEFAULT NULL,
  `name_2` varchar(255) COLLATE utf8mb4_unicode_ci DEFAULT NULL,
  `store_name` varchar(255) COLLATE utf8mb4_unicode_ci DEFAULT NULL,
  `slug` varchar(255) COLLATE utf8mb4_unicode_ci DEFAULT NULL,
  `phone_no_1` varchar(255) COLLATE utf8mb4_unicode_ci DEFAULT NULL,
  `whatsapp_no_1` varchar(255) COLLATE utf8mb4_unicode_ci DEFAULT NULL,
  `phone_no_2` varchar(255) COLLATE utf8mb4_unicode_ci DEFAULT NULL,
  `whatsapp_no_2` varchar(255) COLLATE utf8mb4_unicode_ci DEFAULT NULL,
  `street` text COLLATE utf8mb4_unicode_ci,
  `district_region` varchar(255) COLLATE utf8mb4_unicode_ci DEFAULT NULL,
  `zip` varchar(255) COLLATE utf8mb4_unicode_ci DEFAULT NULL,
  `beat_name` varchar(255) COLLATE utf8mb4_unicode_ci DEFAULT NULL,
  `beat_id` int(11) DEFAULT NULL COMMENT 'Id from beats table',
  `grade_id` int(11) DEFAULT NULL COMMENT 'Id from grades table',
  `email` varchar(255) COLLATE utf8mb4_unicode_ci DEFAULT NULL,
  `sale_size_category` enum('S','M','L') COLLATE utf8mb4_unicode_ci NOT NULL DEFAULT 'S' COMMENT 'S=>Small, M=>Medium, L=>Large',
  `integrity` enum('A+','A','B','B-','C') COLLATE utf8mb4_unicode_ci NOT NULL DEFAULT 'A+' COMMENT 'A+=>A+, A=>A, B=>B, B-=>B-, C=>C',
  `notes` text COLLATE utf8mb4_unicode_ci,
  `sort` int(11) NOT NULL DEFAULT '0',
  `status` enum('0','1') COLLATE utf8mb4_unicode_ci NOT NULL DEFAULT '1' COMMENT '0=>Inactive, 1=>Active',
  `progress_status` enum('IP','CP') COLLATE utf8mb4_unicode_ci NOT NULL DEFAULT 'IP' COMMENT 'IP=>In-Progress, CP=>Complete',
  `created_at` timestamp NOT NULL DEFAULT CURRENT_TIMESTAMP,
  `updated_at` timestamp NULL DEFAULT NULL ON UPDATE CURRENT_TIMESTAMP,
  `deleted_at` timestamp NULL DEFAULT NULL
) ENGINE=InnoDB DEFAULT CHARSET=utf8mb4 COLLATE=utf8mb4_unicode_ci;

--
-- Dumping data for table `up_stores`
--

INSERT INTO `up_stores` (`id`, `distribution_area_id`, `name_1`, `name_2`, `store_name`, `slug`, `phone_no_1`, `whatsapp_no_1`, `phone_no_2`, `whatsapp_no_2`, `street`, `district_region`, `zip`, `beat_name`, `beat_id`, `grade_id`, `email`, `sale_size_category`, `integrity`, `notes`, `sort`, `status`, `progress_status`, `created_at`, `updated_at`, `deleted_at`) VALUES
(1, 1, 'Ujjal Chakraborty', NULL, 'Boro Maa Card Corner', 'boro-maa-card-corner', '6295759434', '6295759434', NULL, NULL, NULL, NULL, NULL, NULL, 6, NULL, NULL, 'S', 'A+', NULL, 0, '1', 'IP', '2022-08-22 09:19:17', '2022-08-22 09:19:17', NULL),
(2, 1, 'Joydip Manna', NULL, 'Memari Paper House', 'memari-paper-house', '7797870045', NULL, NULL, NULL, NULL, NULL, NULL, NULL, 6, NULL, NULL, 'S', 'A+', NULL, 1, '1', 'IP', '2022-08-22 09:32:56', '2022-08-22 09:33:22', NULL),
(3, 9, 'ram', NULL, 'B.D Infotak', 'bd-infotak', NULL, NULL, NULL, NULL, NULL, NULL, NULL, NULL, 17, 2, NULL, 'M', 'A', NULL, 2, '1', 'IP', '2022-08-25 12:42:16', '2022-08-25 12:44:40', NULL),
(4, 1, 'Arun Kumar Gupta', NULL, 'Bina Pani Center', 'bina-pani-center', '9474744249', NULL, NULL, NULL, 'Memari station road', 'PURBA BURDWAN', '713146', NULL, 6, 1, NULL, 'L', 'A', NULL, 3, '1', 'IP', '2022-08-27 04:26:47', '2022-08-27 04:26:47', NULL),
(5, 1, 'Prabhash Bhattachariya', NULL, 'Paper House', 'paper-house', '9775395264', NULL, NULL, NULL, 'Memari new market ( near Railway Station)', 'PURBA BURDWAN', '713146', NULL, 6, 1, NULL, 'L', 'A', NULL, 4, '1', 'IP', '2022-08-27 04:32:46', '2022-08-27 04:32:46', NULL),
(6, 1, 'Ram Ratan Adhikary', NULL, 'New Paper Center', 'new-paper-center', '9647991976', NULL, NULL, NULL, 'Memari New Market ( near Railway Station)', 'PURBA BURDWAN', '713146', NULL, 6, 1, NULL, 'L', 'A+', NULL, 5, '1', 'IP', '2022-08-27 04:35:10', '2022-10-14 06:45:03', NULL),
(7, 1, 'Firoj Mandal', NULL, 'Paper Store', 'paper-store', '9153041676', NULL, NULL, NULL, 'Memari New Market ( near Railway Station)', 'PURBA BURDWAN', '713146', NULL, 6, 2, NULL, 'L', 'A', NULL, 6, '1', 'IP', '2022-08-27 04:37:19', '2022-08-27 04:37:19', NULL),
(8, 1, 'Pronab Kundu', NULL, 'New Upasona Paper & xerox', 'new-upasona-paper-xerox', '9333232361', NULL, NULL, NULL, 'Near G.t road CHOWRASTHA more(opposite  New Market building)', 'PURBA BURDWAN', '713146', NULL, 6, 2, NULL, 'L', 'B', NULL, 7, '1', 'IP', '2022-08-27 04:41:31', '2022-08-27 04:41:31', NULL),
(9, 1, 'Subrata Banerjee', NULL, 'New Kagoj Ghar', 'new-kagoj-ghar', '8116853866', NULL, NULL, NULL, 'Gt road CHOWRASTHA  more ( near sweet shop)', 'PURBA BURDWAN', '713146', NULL, 6, 2, NULL, 'L', 'A', NULL, 8, '1', 'IP', '2022-08-27 04:44:30', '2022-09-14 05:19:18', NULL),
(10, 6, 'Satyajit Debnath', NULL, 'Student Aquariam', 'student-aquariam', '9051812818', NULL, NULL, NULL, 'Near rabindranagar techno school', 'HOOGHLY', '712103', NULL, 12, 1, NULL, 'L', 'A+', NULL, 9, '1', 'IP', '2022-08-27 05:33:08', '2022-08-27 05:33:08', NULL),
(11, 6, 'Tanmoy Bairagi', NULL, 'Lekhapora', 'lekhapora', '9883202234', NULL, NULL, NULL, 'rabindranagar bazar', 'Hooghly', '712103', NULL, 12, 2, NULL, 'S', 'B', NULL, 10, '1', 'IP', '2022-08-27 05:48:46', '2022-08-27 05:48:46', NULL),
(12, 23, 'Ram Das', NULL, 'Kumarpara pustokloy', 'kumarpara-pustokloy', '9883202234', NULL, NULL, NULL, 'Kumar para', 'Kolkata', '712103', NULL, 26, 2, NULL, 'M', 'B', NULL, 11, '1', 'IP', '2022-08-27 07:15:18', '2022-08-27 07:15:18', NULL),
(13, 7, 'Surojit Das', NULL, 'Trapti Stores', 'trapti-stores', '9832710097', '9832710097', NULL, NULL, 'Jassore Road', 'North 24 Pargana', '743263', NULL, 27, 2, 'traptistorehabra12@gmail.com', 'M', 'B', NULL, 12, '1', 'IP', '2022-08-27 08:00:11', '2022-08-27 08:00:11', NULL),
(14, 1, 'Alok saha', NULL, 'Paper House (Nawadip)', 'paper-house-nawadip', '9333249903', NULL, NULL, NULL, 'Nodia', 'Nadia', '741301', NULL, 3, 1, NULL, 'L', 'A+', NULL, 13, '1', 'IP', '2022-08-27 08:01:13', '2022-08-27 08:01:13', NULL),
(15, 1, 'Alok chaterjee', NULL, 'Priyojoni stories', 'priyojoni-stories', '9083352098', NULL, NULL, NULL, 'Nadia', 'Nadia', '741301', NULL, 3, 1, NULL, 'L', 'A', NULL, 14, '1', 'IP', '2022-08-27 08:04:53', '2022-10-14 06:54:34', '2022-10-14 06:54:34'),
(16, 7, 'Ashim Debnath', NULL, 'Lakhani', 'lakhani', '8637063153', '8637063153', NULL, NULL, 'Jassore Road', 'North 24 Pargana', '743263', NULL, 27, 2, 'lakhani123@gmail.com', 'M', 'A+', NULL, 15, '1', 'IP', '2022-08-27 08:04:56', '2022-08-27 08:24:24', NULL),
(17, 6, 'Deboprasad Roy', NULL, 'Student Corner', 'student-corner', '9903998833', NULL, NULL, NULL, 'Rabindranagar Bazar', 'HOOGHLY', '712103', NULL, 12, 2, NULL, 'S', 'B', NULL, 16, '1', 'IP', '2022-08-27 08:05:01', '2022-08-27 08:05:01', NULL),
(18, 6, 'Alok Sen', NULL, 'Sen\'s Store', 'sens-store', '9433262447', NULL, NULL, NULL, 'Sayra more ( near mallick kashim hut)', 'HOOGHLY', '712103', NULL, 12, 2, NULL, 'M', 'B', NULL, 17, '1', 'IP', '2022-08-27 08:06:55', '2022-08-27 08:20:59', NULL),
(19, 6, 'Pranab Dey', NULL, 'Paramounts', 'paramounts', '9831666260', NULL, NULL, NULL, 'Pipulpati', 'HOOGHLY', '712103', NULL, 12, 2, NULL, 'M', 'B', NULL, 18, '1', 'IP', '2022-08-27 08:08:36', '2022-08-27 08:19:36', NULL),
(20, 1, 'Shibu', NULL, 'PRIYOJANI STORES', 'priyojani-stores', '9333210434', NULL, NULL, NULL, 'Nadia', 'Nadia', '741301', NULL, 3, 1, NULL, 'M', 'A', NULL, 19, '1', 'IP', '2022-08-27 08:10:47', '2022-10-14 06:58:37', NULL),
(21, 7, 'Suman Sur', NULL, 'Moden Stationary', 'moden-stationary', '9800120623', '9800120623', NULL, NULL, 'Jassore Road', 'North 24 Parganas', '743263', NULL, 27, 2, 'modenstore12@gmail.com', 'M', 'A+', NULL, 20, '1', 'IP', '2022-08-27 08:12:47', '2022-08-27 08:12:47', NULL),
(22, 1, 'Ujal kumar Das', NULL, 'Paper corner', 'paper-corner', '9332007534', NULL, NULL, NULL, 'Nadia', 'Nadia', '741301', NULL, 3, 1, NULL, 'L', 'A', NULL, 21, '1', 'IP', '2022-08-27 08:13:00', '2022-08-27 08:13:00', NULL),
(23, 1, 'Suranjan PAUL', NULL, 'Techno', 'techno', NULL, NULL, NULL, NULL, 'Nadia', NULL, '741301', NULL, 3, 2, NULL, 'L', 'A', NULL, 22, '1', 'IP', '2022-08-27 08:15:24', '2022-08-27 08:15:24', NULL),
(24, 1, 'Ashim', NULL, 'Nawadip paper House', 'nawadip-paper-house', '9332345273', NULL, NULL, NULL, 'Nadia', 'Nadia', '741301', NULL, 3, 2, NULL, 'M', 'A', NULL, 23, '1', 'IP', '2022-08-27 08:17:57', '2022-11-26 08:01:34', '2022-11-26 08:01:34'),
(25, 1, 'Krishandu pramanik', NULL, 'Academy', 'academy', '8926309118', NULL, NULL, NULL, 'Nadia', 'Nadia', '741301', NULL, 3, 1, NULL, 'M', 'A', NULL, 24, '1', 'IP', '2022-08-27 08:20:05', '2022-08-27 08:20:05', NULL),
(26, 7, 'Swapan Dutto', NULL, 'Janata Paper Depo', 'janata-paper-depo', '9732840328', '9732840328', NULL, NULL, 'Jassore Road', 'North 24 Parganas', '743263', NULL, 27, 1, 'janata123@gmail.com', 'L', 'A', NULL, 25, '1', 'IP', '2022-08-27 08:22:58', '2022-08-27 08:22:58', NULL),
(27, 1, 'Jiban Krishna Nath', NULL, 'Jiban Enterprise', 'jiban-enterprise', '9233206054', NULL, NULL, NULL, 'Jirar station road', 'HOOGHLY', '712501', NULL, 20, 2, NULL, 'M', 'B', NULL, 26, '1', 'IP', '2022-08-27 08:25:06', '2022-08-27 08:25:06', NULL),
(28, 1, 'Rontu Dey', NULL, 'Pathbhavan', 'pathbhavan', '9609353709', NULL, NULL, NULL, 'Near jirat Station rail gate', 'HOOGHLY', '712501', NULL, 20, 1, NULL, 'L', 'A', NULL, 27, '1', 'IP', '2022-08-27 08:27:25', '2022-08-27 08:27:25', NULL),
(29, 7, 'Pradeep Da', NULL, 'Sikha Paper House', 'sikha-paper-house', '9933600617', '9933600617', NULL, NULL, 'Jassore Road', 'North 24 Pargana', '743263', NULL, 27, 1, 'sikha123@gmail.com', 'L', 'B-', NULL, 28, '1', 'IP', '2022-08-27 08:29:26', '2022-08-27 08:29:26', NULL),
(30, 1, 'Sankar Prasad', NULL, 'Bidyamondir', 'bidyamondir', '9734859894', NULL, NULL, NULL, 'Near Jirat station road sobzi bazar', 'HOOGHLY', '712501', NULL, 20, 1, NULL, 'L', 'A+', NULL, 29, '1', 'IP', '2022-08-27 08:30:28', '2022-08-27 08:30:28', NULL),
(31, 1, 'Tarak chandra pal', NULL, 'Priyarama Enterprise', 'priyarama-enterprise', '9733634240', NULL, NULL, NULL, 'Nadia', 'Nadia', '712501', NULL, 20, 2, NULL, 'M', 'B', NULL, 30, '1', 'IP', '2022-08-27 08:31:07', '2022-10-12 07:08:32', NULL),
(32, 1, 'Ananda Mondal', NULL, 'Mondal Book Stall & Gift House', 'mondal-book-stall-gift-house', '9933963203', NULL, NULL, NULL, 'Near jirat mio more shop, station road', 'HOOGHLY', '712501', NULL, 20, 1, NULL, 'L', 'A', NULL, 31, '1', 'IP', '2022-08-27 08:33:06', '2022-08-27 08:33:06', NULL),
(33, 7, 'Dipankar Biswas', NULL, 'Ashok Paper Conceal', 'ashok-paper-conceal', '9733810320', '9733810320', NULL, NULL, 'Jassore Road', 'North 24 Pargana', '743263', NULL, 27, 3, 'ashokpaper', 'L', 'B', 'These people make their own goods.', 32, '1', 'IP', '2022-08-27 08:35:33', '2022-08-27 08:35:33', NULL),
(34, 1, 'ASHOK DA', NULL, 'MIT GLOBAL', 'mit-global', '8777025074', NULL, NULL, NULL, NULL, NULL, NULL, NULL, 18, 2, NULL, 'M', 'A+', NULL, 33, '1', 'IP', '2022-10-12 09:26:11', '2022-10-12 09:26:11', NULL),
(35, 1, 'ANIMESH CTTERJEE', NULL, 'MONORAMA PUSTAKALAYA', 'monorama-pustakalaya', '9434661062', '9434661062', NULL, NULL, 'SATGACHIYA', 'BARDHAMAN', '713422', NULL, 24, 2, NULL, 'M', 'B', NULL, 34, '1', 'IP', '2022-10-12 12:21:54', '2022-10-12 12:21:54', NULL),
(36, 11, 'Dilip Ghosh', NULL, 'NILKANTH', 'nilkanth', '9475336202', '9475336202', NULL, NULL, NULL, 'BAKURA', '722141', NULL, 29, 1, NULL, 'M', 'A', NULL, 35, '1', 'IP', '2022-10-13 11:13:13', '2022-10-13 11:13:13', NULL),
(37, 11, 'SANDIP SARKAR', NULL, 'KAMALA BOOK AGENCY', 'kamala-book-agency', '9434525839', '9434525839', NULL, NULL, NULL, 'BAKURA', '722141', NULL, 29, 4, NULL, 'M', 'C', NULL, 36, '1', 'IP', '2022-10-13 11:19:24', '2022-10-13 11:19:24', NULL),
(38, 11, 'DIPRABHAT BAGLI', NULL, 'BIDYAMANDIR', 'bidyamandir', '9064065871', '9732167515', NULL, NULL, NULL, 'BAKURA', '722141', NULL, 29, 2, NULL, 'M', 'B-', NULL, 37, '1', 'IP', '2022-10-13 11:27:41', '2022-10-13 11:27:41', NULL),
(39, 11, 'SWAPAN', NULL, 'NEW MAHAMAYA STORES', 'new-mahamaya-stores', '8900306974', NULL, NULL, NULL, NULL, 'BAKURA', '722141', NULL, 29, 2, NULL, 'S', 'B', NULL, 38, '1', 'IP', '2022-10-13 11:31:33', '2022-10-13 11:31:33', NULL),
(40, 11, 'NASIR HUSSEN KHAN', NULL, 'B.K VARIETY', 'bk-variety', '9732326124', '9732326124', NULL, NULL, NULL, 'BAKURA', '722141', NULL, 29, 1, NULL, 'M', 'A', NULL, 39, '1', 'IP', '2022-10-13 11:36:25', '2022-10-13 11:36:25', NULL),
(41, 11, 'JOYDEV GHOSH', NULL, 'NATARAJ', 'nataraj', '9475874162', '9475874162', NULL, NULL, NULL, 'BAKURA', '722141', NULL, 29, 3, NULL, 'S', 'C', NULL, 40, '1', 'IP', '2022-10-13 11:38:50', '2022-10-13 11:38:50', NULL),
(42, 11, 'BISWAJIT KUNDU', NULL, 'BINAPANI PUSTAKALAYA', 'binapani-pustakalaya', '9434520824', '9434520824', NULL, NULL, NULL, 'BAKURA', '722141', NULL, 29, 2, NULL, 'M', 'B', NULL, 41, '1', 'IP', '2022-10-13 11:41:39', '2022-10-13 11:41:39', NULL),
(43, 1, 'BAMA DA', NULL, 'NETAJI LIBRERY', 'netaji-librery', '9933437172', '9933437172', NULL, NULL, NULL, 'PURBA BURDWAN', '713405', NULL, 8, 1, NULL, 'L', 'A', NULL, 42, '1', 'IP', '2022-10-13 11:46:41', '2022-10-13 11:46:41', NULL),
(44, 11, 'DEBABRATA MUKHOPADHYA', NULL, 'ARYA STATIONERS', 'arya-stationers', '9732691206', NULL, NULL, NULL, NULL, 'HOOGHLY', '712601', NULL, 23, 2, NULL, 'M', 'A', NULL, 43, '1', 'CP', '2022-10-13 12:12:33', '2022-10-15 06:44:58', NULL),
(45, 11, 'SAMIR NAG', NULL, 'BINASMRITY PUSTAKLAYA', 'binasmrity-pustaklaya', '7797595421', '9733795198', NULL, NULL, NULL, 'HOOGHLY', NULL, NULL, 32, 3, NULL, 'S', 'C', NULL, 44, '1', 'IP', '2022-10-14 05:26:14', '2022-10-14 05:40:28', NULL),
(46, 11, 'ANIRBAN PAL', NULL, 'CHATRANIKETAN', 'chatraniketan', NULL, '9474151652', NULL, NULL, NULL, 'HOOGHLY', NULL, NULL, 30, 3, NULL, 'M', 'B', NULL, 45, '1', 'IP', '2022-10-14 05:48:21', '2022-10-14 05:48:21', NULL),
(47, 11, 'RAJU DA', NULL, 'CHATRAMAHAL', 'chatramahal', NULL, '9732656676', NULL, NULL, NULL, 'HOOGHLY', NULL, NULL, 40, 3, NULL, 'M', 'B', NULL, 46, '1', 'IP', '2022-10-14 05:58:09', '2022-10-14 06:53:35', NULL),
(48, 1, 'ARUN SEN', NULL, 'PAPER CORNER KALNA', 'paper-corner-kalna', '9609790130', NULL, NULL, NULL, 'NEAR  KALNA MUNICIPALITY', 'P BURDWAN', '713409', NULL, 39, 2, NULL, 'L', 'B-', NULL, 47, '1', 'IP', '2022-10-14 06:07:55', '2022-10-14 07:11:44', NULL),
(49, 1, 'ARINDAM SAHA', NULL, 'PAPER HOUSE samudragarh', 'paper-house-samudragarh', '8967999786', NULL, NULL, NULL, 'NEAR STKK ROAD', 'P BURDWAN', '713519', NULL, 18, 1, NULL, 'L', 'A', NULL, 48, '1', 'IP', '2022-10-14 06:51:35', '2022-10-14 06:51:35', NULL),
(50, 1, 'SIBU DA', NULL, 'PAPER PALACE NABADWIP', 'paper-palace-nabadwip', '9333210434', NULL, NULL, NULL, 'PORAMATOLA', 'P BURDWAN', '741302', NULL, 3, 1, NULL, 'M', 'A', NULL, 49, '1', 'IP', '2022-10-14 07:02:40', '2022-10-14 07:02:40', NULL),
(51, 1, 'DILIP DA', NULL, 'SAHA PAPER HOUSE', 'saha-paper-house', '9609583655', NULL, NULL, NULL, 'NEAR 108 SHIB MANDIR', 'P BURDWAN', '713409', NULL, 39, 1, NULL, 'L', 'A+', NULL, 50, '1', 'IP', '2022-10-14 07:09:53', '2022-10-14 07:09:53', NULL),
(52, 11, 'NABAJALADHAR DEY', NULL, 'DEYS PAPER HOUSE', 'deys-paper-house', NULL, '9474399149', NULL, NULL, NULL, 'HOOGHLY', NULL, NULL, 33, 2, NULL, 'M', 'B', NULL, 51, '1', 'IP', '2022-10-14 07:18:58', '2022-10-14 07:18:58', NULL),
(53, 11, 'DEBU DA', NULL, 'DHRITY BOOK AGENCY', 'dhrity-book-agency', NULL, '8100337575', NULL, NULL, NULL, 'HOOGHLY', NULL, NULL, 38, 2, NULL, 'M', 'B', NULL, 52, '1', 'IP', '2022-10-14 07:23:20', '2022-10-14 07:23:20', NULL),
(54, 11, 'TAPAS NAYAK', NULL, 'KAGAJ KALAM', 'kagaj-kalam', NULL, '7001920820', NULL, NULL, NULL, 'HOOGHLY', NULL, NULL, 31, 2, NULL, 'M', 'B', NULL, 53, '1', 'IP', '2022-10-14 07:27:03', '2022-10-14 07:27:03', NULL),
(55, 1, 'SURAJIT DA', NULL, 'SAHAJPATH', 'sahajpath', '9064723057', NULL, NULL, NULL, 'NEAR DHATRIGRAM HIGH SCHOOL', 'P BURDWAN', '713405', NULL, 8, 2, NULL, 'M', 'B', NULL, 54, '1', 'IP', '2022-10-14 07:29:38', '2022-10-14 07:29:38', NULL),
(56, 11, 'DASURATHI KHARA', NULL, 'KALIMATA PUSTAKLAYA', 'kalimata-pustaklaya', '8145416694', NULL, NULL, NULL, NULL, 'HOOGHLY', NULL, NULL, 28, 1, NULL, 'L', 'A', NULL, 55, '1', 'IP', '2022-10-14 07:29:40', '2022-10-14 07:29:40', NULL),
(57, 11, 'ARUP CHAKRABORTI', NULL, 'KAMALA PAPER CENTER', 'kamala-paper-center', '9434999746', NULL, NULL, NULL, NULL, 'HOOGHLY', NULL, NULL, 41, 2, NULL, 'M', 'B', NULL, 56, '1', 'IP', '2022-10-14 07:40:55', '2022-10-14 07:40:55', NULL),
(58, 1, 'SANJIB DA', NULL, 'SANCHAYETA DOT COM', 'sanchayeta-dot-com', '9153415748', NULL, NULL, NULL, 'NEAR DHATRIGRAM HIGH SCHOOL', 'P BURDWAN', '713405', NULL, 8, 2, NULL, 'M', 'B', NULL, 57, '1', 'IP', '2022-10-14 07:41:42', '2022-10-14 07:41:42', NULL),
(59, 11, 'RAJENDRA PRASAD DUTTA', NULL, 'MAHAMAYA PUSTAKLAYA', 'mahamaya-pustaklaya', NULL, '9735873364', NULL, NULL, NULL, 'HOOGHLY', NULL, NULL, 35, 2, NULL, 'M', 'B', NULL, 58, '1', 'IP', '2022-10-14 07:46:12', '2022-10-14 07:46:12', NULL),
(60, 1, 'AJIT DA', NULL, 'SUBORNO XEROX', 'suborno-xerox', '8768026110', NULL, NULL, NULL, 'NEAR STKK ROAD', 'P BURDWAN', '713519', NULL, 18, 2, NULL, 'M', 'B', NULL, 59, '1', 'IP', '2022-10-14 07:46:56', '2022-10-14 07:46:56', NULL),
(61, 1, 'ARUN PAL', NULL, 'SWASTIKA', 'swastika', '7908054201', NULL, NULL, NULL, 'NEAR AMBIKA SCHOOL', 'P BURDWAN', '713409', NULL, 39, 1, NULL, 'M', 'B', NULL, 60, '1', 'IP', '2022-10-14 07:49:37', '2022-10-14 07:49:37', NULL),
(62, 1, 'AMIT SAHA', NULL, 'THE SAHA ENTERPRISE', 'the-saha-enterprise', '9046118194', NULL, NULL, NULL, 'NEAR FIRE STATION', 'P BURDWAN', '713409', NULL, 39, 1, NULL, 'L', 'A+', NULL, 61, '1', 'IP', '2022-10-14 07:52:20', '2022-10-14 07:52:20', NULL),
(63, 1, 'SOUMYADEEP SEN', NULL, 'TWINKEL STORES', 'twinkel-stores', '9647645291', NULL, NULL, NULL, 'NEAR MONOSHATOLA SHANI MONDIR', 'P BURDWAN', '712512', NULL, 2, 1, NULL, 'L', 'A', NULL, 62, '1', 'IP', '2022-10-14 07:55:09', '2022-10-14 07:55:09', NULL),
(64, 1, 'RANJAN MODOK', NULL, 'KISHOLAYA', 'kisholaya', '9832943298', NULL, NULL, NULL, 'SIDHASWARI TOLA', 'P BURDWAN', '713409', NULL, 39, 2, NULL, 'M', 'B', NULL, 63, '1', 'IP', '2022-10-14 08:02:18', '2022-10-14 08:02:18', NULL),
(65, 1, 'SANKAR PRASAD DEY', NULL, 'DEY PAPER HOUSE', 'dey-paper-house', '9333155088', '`', NULL, NULL, 'SATGACHIYA BAZARE', 'P BURDWAN', '713422', NULL, 24, 1, NULL, 'L', 'A+', NULL, 64, '1', 'IP', '2022-10-14 08:07:06', '2022-10-14 08:07:06', NULL),
(66, 1, 'PRIYOBRATA NAG', NULL, 'BISWAPRIYA', 'biswapriya', '9153114178', NULL, NULL, NULL, 'NEAR STKK ROAD', 'P BURDWAN', '713405', NULL, 8, 2, NULL, 'M', 'B', NULL, 65, '1', 'IP', '2022-10-14 08:12:21', '2022-10-14 08:12:21', NULL),
(67, 1, 'SUBIR SEN', NULL, 'JATIYO BOOK HOUSE', 'jatiyo-book-house', '9547958704', NULL, NULL, NULL, 'NEAR AMBIKA SCHOOL', 'P BURDWAN', '713409', NULL, 39, 2, NULL, 'M', 'B', NULL, 66, '1', 'IP', '2022-10-14 08:14:40', '2022-10-14 08:14:40', NULL),
(68, 1, 'PINTU DA', NULL, 'LALJI PUSTAKALOY', 'lalji-pustakaloy', '9434029968', NULL, NULL, NULL, 'NEAR CHAK BAZAR', 'P BURDWAN', '713409', NULL, 39, 1, NULL, 'L', 'A+', NULL, 67, '1', 'IP', '2022-10-14 08:16:19', '2022-10-14 08:16:19', NULL),
(69, 1, 'SUDHARSAN DAS', NULL, 'CHATRABANDHU', 'chatrabandhu', '9647294262', NULL, NULL, NULL, 'NEAR GUPTIPARA STATION BAZAR', 'P BURDWAN', '712512', NULL, 2, 1, NULL, 'L', 'A', NULL, 68, '1', 'IP', '2022-10-14 08:18:47', '2022-10-14 08:18:47', NULL),
(70, 11, 'SUBHAS LAHA', NULL, 'SUBHAS LAHA', 'subhas-laha', '9735185468', NULL, NULL, NULL, NULL, 'HOOGHLY', NULL, NULL, 30, 2, NULL, 'M', 'B', NULL, 69, '1', 'IP', '2022-10-14 08:33:52', '2022-10-14 08:33:52', NULL),
(71, 1, 'SUKUMAR DAS', NULL, 'DAS XEROX', 'das-xerox', '9609019933', NULL, NULL, NULL, 'NEAR BOINCHI STATION', 'P BURDWAN', '713422', NULL, 42, 2, NULL, 'M', 'B', NULL, 70, '1', 'IP', '2022-10-14 09:04:53', '2022-10-14 09:04:53', NULL),
(72, 1, 'SUMAN MALLICK', NULL, 'SARASWATI PUSTAKALOY', 'saraswati-pustakaloy', '9474116077', NULL, NULL, NULL, 'NEAR BOINCHI RAILWAY STATION', 'P BURDWAN', '713422', NULL, 42, 2, NULL, 'M', 'B', NULL, 71, '1', 'IP', '2022-10-14 09:08:03', '2022-10-14 09:08:03', NULL),
(73, 1, 'PRASENJIT SAHA', NULL, 'BIDYAMANDIR NABADWIP', 'bidyamandir-nabadwip', '8617071368', NULL, NULL, NULL, 'KALNA', 'P BURDWAN', '713409', NULL, 3, 2, NULL, 'M', 'B', NULL, 72, '1', 'IP', '2022-10-14 09:16:58', '2022-10-14 09:16:58', NULL),
(74, 11, 'UTTAM DA', NULL, 'SUBHAS LIBRARY', 'subhas-library', NULL, '9475193864', NULL, NULL, NULL, 'HOOGHLY', NULL, NULL, 43, 2, NULL, 'M', 'B', NULL, 73, '1', 'IP', '2022-10-14 09:32:21', '2022-10-14 09:32:21', NULL),
(75, 11, 'DIPANKAR DUTTA', NULL, 'SRIJITA ENTERPRISE', 'srijita-enterprise', '9674145343', NULL, NULL, NULL, NULL, 'HOOGHLY', NULL, NULL, 28, 3, NULL, 'S', 'C', NULL, 74, '1', 'IP', '2022-10-14 09:45:35', '2022-10-14 09:45:35', NULL),
(76, 11, 'PARTHA NATH', NULL, 'SHAKUNTALA', 'shakuntala', NULL, '7872441721', NULL, NULL, NULL, 'HOOGHLY', NULL, NULL, 23, 1, NULL, 'M', 'A', NULL, 75, '1', 'IP', '2022-10-14 09:52:29', '2022-10-14 09:52:29', NULL),
(77, 11, 'DEBJIT SANTRA', NULL, 'SANTRA VARIETY STORES', 'santra-variety-stores', '9933054748', '9933054748', NULL, NULL, NULL, 'HOOGHLY', NULL, NULL, 37, 1, NULL, 'L', 'A', NULL, 76, '1', 'IP', '2022-10-14 09:56:35', '2022-10-14 09:56:35', NULL),
(78, 11, 'TUSHAR KANTI MANNA', NULL, 'RAKAMARI', 'rakamari', '9933095197', NULL, NULL, NULL, NULL, 'HOOGHLY', NULL, NULL, 34, 1, NULL, 'M', 'A', NULL, 77, '1', 'IP', '2022-10-14 10:02:07', '2022-10-14 10:02:07', NULL),
(79, 11, 'ATANU ADAK', NULL, 'PROGATI LIBRARY', 'progati-library', '8900550231', '8900550231', NULL, NULL, NULL, 'HOOGHLY', NULL, NULL, 44, 1, NULL, 'L', 'B', NULL, 78, '1', 'IP', '2022-10-14 10:07:55', '2022-10-14 10:10:50', NULL),
(80, 11, 'PRADIP GOSHWAMI', NULL, 'ARUNA', 'aruna', '9475185910', '9475185910', NULL, NULL, NULL, 'BANKURA', NULL, NULL, 47, 2, NULL, 'S', 'B', NULL, 79, '1', 'IP', '2022-10-14 10:26:11', '2022-10-14 10:27:40', NULL),
(81, 11, 'SOVAKAR  MONDAL', NULL, 'MONDAL BOOK HOUSE', 'mondal-book-house', NULL, '9732201422', NULL, NULL, NULL, 'BANKURA', NULL, NULL, 48, 2, NULL, 'M', 'B', NULL, 80, '1', 'IP', '2022-10-14 10:30:56', '2022-10-14 10:32:12', NULL),
(82, 11, 'TARUN KUMAR BID', NULL, 'TARUN KUMAR BID', 'tarun-kumar-bid', NULL, '9732778863', NULL, NULL, NULL, 'HOOGHLY', NULL, NULL, 38, 2, NULL, 'M', 'B', NULL, 81, '1', 'IP', '2022-10-14 10:41:38', '2022-10-14 10:41:38', NULL),
(83, 11, 'TANKU TARAFDER', NULL, 'TARAFDER ENTERPRISE', 'tarafder-enterprise', '9153016009', NULL, NULL, NULL, NULL, 'HOOGHLY', NULL, NULL, 23, 2, NULL, 'M', 'B', NULL, 82, '1', 'IP', '2022-10-14 10:48:02', '2022-10-14 10:48:02', NULL),
(84, 11, 'SUDIPTA NATH', NULL, 'UDAYAN STATIONERS', 'udayan-stationers', NULL, '9474564897', NULL, NULL, NULL, 'HOOGHLY', NULL, NULL, 23, 2, NULL, 'M', 'B', NULL, 83, '1', 'IP', '2022-10-14 10:52:27', '2022-10-14 10:52:27', NULL),
(85, 11, 'DIBAKAR PAL', NULL, 'DIBAKAR PAL', 'dibakar-pal', '9734681542', NULL, NULL, NULL, NULL, 'HOOGHLY', NULL, NULL, 28, 3, NULL, 'S', 'B', NULL, 84, '1', 'IP', '2022-10-14 11:04:05', '2022-10-14 11:04:05', NULL),
(86, 11, 'SRIKANTA DAS', NULL, 'SRIKANTA DAS', 'srikanta-das', '9434502030', NULL, NULL, NULL, NULL, 'HOOGHLY', NULL, NULL, 28, 2, NULL, 'M', 'B', NULL, 85, '1', 'IP', '2022-10-14 11:09:18', '2022-10-14 11:09:18', NULL),
(87, 11, 'PARTHA BASU', NULL, 'SUNNY STORES', 'sunny-stores', '9434829479', NULL, NULL, NULL, NULL, 'HOOGHLY', NULL, NULL, 36, 2, NULL, 'M', 'B', NULL, 86, '1', 'IP', '2022-10-14 11:16:40', '2022-10-14 11:16:40', NULL),
(88, 11, 'GOPAL KUNDU', NULL, 'CHATRAMAHAL (ARAMBAGH)', 'chatramahal-arambagh', '9153201896', NULL, NULL, NULL, NULL, 'HOOGHLY', NULL, NULL, 23, 3, NULL, 'S', 'B-', NULL, 87, '1', 'IP', '2022-10-14 11:30:59', '2022-10-14 11:30:59', NULL),
(89, 11, 'DIPANJAN KOLEY', NULL, 'KOLEY ENTERPRISE', 'koley-enterprise', NULL, '9732560983', NULL, NULL, NULL, 'HOOGHLY', NULL, NULL, 23, 3, NULL, 'S', 'B', NULL, 88, '1', 'IP', '2022-10-14 11:34:25', '2022-10-14 11:34:25', NULL),
(90, 11, 'SUBRATA KUNDU', NULL, 'MOUSUMI', 'mousumi', '9832282396', NULL, NULL, NULL, NULL, 'HOOGHLY', NULL, NULL, 23, 3, NULL, 'S', 'B', NULL, 89, '1', 'IP', '2022-10-14 11:40:14', '2022-10-14 11:40:14', NULL),
(91, 11, 'DEBRAJ DUTTA', NULL, 'RAKAMARI (ARAMBAGH)', 'rakamari-arambagh', '9153333806', NULL, NULL, NULL, NULL, 'HOOGHLY', NULL, NULL, 23, 2, NULL, 'M', 'B', NULL, 90, '1', 'IP', '2022-10-14 11:42:34', '2022-10-14 11:42:34', NULL),
(92, 11, 'SOUMEN KABRI', NULL, 'SAGARIKA', 'sagarika', '9932494820', NULL, NULL, NULL, NULL, 'HOOGHLY', NULL, NULL, 45, 3, NULL, 'S', 'B-', NULL, 91, '1', 'IP', '2022-10-14 11:47:03', '2022-10-14 11:47:03', NULL),
(93, 11, 'DEBABRATA KUNDU', NULL, 'LEKHAPORA (ARAMBAG)', 'lekhapora-arambag', '8016339304', NULL, NULL, NULL, NULL, 'HOOGHLY', '712601', NULL, 23, 3, NULL, 'S', 'C', NULL, 92, '1', 'IP', '2022-10-14 12:02:59', '2022-12-03 09:36:31', NULL),
(94, 11, 'UJJWAL BERA', NULL, 'BECHITRA', 'bechitra', '9932486152', NULL, NULL, NULL, NULL, 'HOOGHLY', NULL, NULL, 46, 3, NULL, 'S', 'C', NULL, 93, '1', 'IP', '2022-10-14 12:11:50', '2022-10-14 12:11:50', NULL),
(95, 11, 'KOUSHIK GHOSH', NULL, 'SRIRAM PAPER HOUSE', 'sriram-paper-house', '9679165295', NULL, NULL, NULL, NULL, 'HOOGHLY', NULL, NULL, 23, 3, NULL, 'S', 'C', NULL, 94, '1', 'IP', '2022-10-14 12:19:14', '2022-10-14 12:19:14', NULL),
(96, 11, 'PARIMAL KOLEY', NULL, 'RAMKRISHNA PUSTAKLAYA', 'ramkrishna-pustaklaya', '9733769125', NULL, NULL, NULL, NULL, 'HOOGHLY', NULL, NULL, 49, 3, NULL, 'S', 'B', NULL, 95, '1', 'IP', '2022-10-14 12:23:09', '2022-10-14 12:24:35', NULL),
(97, 11, 'SOURAV PAL', NULL, 'SOURAV PAL', 'sourav-pal', '9002179095', NULL, NULL, NULL, NULL, 'HOOGHLY', NULL, NULL, 49, 3, NULL, 'S', 'C', NULL, 96, '1', 'IP', '2022-10-14 12:26:10', '2022-10-14 12:26:10', NULL),
(98, 11, 'ACHINTA PAL', NULL, 'KAMARPUKUR PUSTAKLAYA', 'kamarpukur-pustaklaya', '9734439451', NULL, NULL, NULL, NULL, 'HOOGHLY', NULL, NULL, 31, 2, NULL, 'M', 'B', NULL, 97, '1', 'IP', '2022-10-14 12:28:31', '2022-10-14 12:28:31', NULL),
(99, 11, 'RAMU NANDI', NULL, 'NANDI PAPER (MADHABI PROSADHANI)', 'nandi-paper-madhabi-prosadhani', '9434588299', NULL, NULL, NULL, NULL, 'HOOGHLY', NULL, NULL, 31, 2, NULL, 'M', 'B', NULL, 98, '1', 'IP', '2022-10-14 12:33:17', '2022-10-14 12:33:17', NULL),
(100, 11, 'SHYAM MAITI', NULL, 'MAITY BOOK', 'maity-book', '9474727995', NULL, NULL, NULL, NULL, 'HOOGHLY', NULL, NULL, 49, 3, NULL, 'S', 'B', NULL, 99, '1', 'IP', '2022-10-14 12:36:47', '2022-10-14 12:36:47', NULL),
(101, 25, 'A', NULL, 'FRIENDS LABORTARY', 'friends-labortary', '8017298929', '8017298929', NULL, NULL, 'H0WRAH', NULL, NULL, NULL, 53, 3, NULL, 'S', 'C', NULL, 100, '1', 'IP', '2022-11-26 07:15:55', '2022-11-26 08:07:50', NULL),
(102, 25, 'B', NULL, 'MATRI PAPER', 'matri-paper', '9830670323', '9830670323', NULL, NULL, 'HOWRAH', NULL, NULL, NULL, 53, 2, NULL, 'M', 'B', NULL, 101, '1', 'IP', '2022-11-26 07:19:59', '2022-11-26 08:07:14', NULL),
(103, 25, 'C', NULL, 'LOKNATH STORES', 'loknath-stores', '9062045584', '9062045584', NULL, NULL, 'H0WRAH', NULL, NULL, NULL, 53, 2, NULL, 'M', 'B', NULL, 102, '1', 'IP', '2022-11-26 07:23:08', '2022-11-26 07:41:21', NULL),
(104, 25, 'D', NULL, 'MITRO PAPER', 'mitro-paper', '9874833647', '9874833647', NULL, NULL, 'HOWRAH', NULL, NULL, NULL, 53, 3, NULL, 'S', 'C', NULL, 103, '1', 'IP', '2022-11-26 07:27:05', '2022-11-26 08:08:36', NULL),
(105, 25, 'NANDA', NULL, 'PAPER & STATIONERY', 'paper-stationery', '9123651211', '3123651211', NULL, NULL, 'HOWRAH', NULL, NULL, NULL, 53, 1, NULL, 'L', 'A+', NULL, 104, '1', 'IP', '2022-11-26 07:48:17', '2022-11-26 07:48:17', NULL),
(106, 25, 'L1', NULL, 'LOKNATH STORES 2', 'loknath-stores-2', '6290772097', '6290772097', NULL, NULL, 'HOWRAH', NULL, NULL, NULL, 53, 2, NULL, 'M', 'B-', NULL, 105, '1', 'IP', '2022-11-26 08:00:08', '2022-11-26 08:00:08', NULL),
(107, 25, 'F1', NULL, 'PAPER SALES EMPORIUM', 'paper-sales-emporium', '8981657883', '8981657883', NULL, NULL, 'HOWRAH', NULL, NULL, NULL, 53, 1, NULL, 'L', 'A+', NULL, 106, '1', 'IP', '2022-11-26 08:04:04', '2022-11-26 08:04:04', NULL),
(108, 25, 'S BANERJEE', NULL, 'EDUCATION CENTRE', 'education-centre', '9231147446', '9231147446', NULL, NULL, 'HOWRAH', NULL, NULL, NULL, 53, 2, NULL, 'M', 'B', NULL, 107, '1', 'IP', '2022-11-26 08:27:42', '2022-11-26 08:27:42', NULL),
(109, 11, 'ANUP KUNDU (BABU JI)', NULL, 'BOIPATRA', 'boipatra', '9434501918', '8637072331', NULL, NULL, 'Gourhati 3 rastar more.', 'Hoogly', '712601', NULL, 23, 2, NULL, 'M', 'B', NULL, 108, '1', 'IP', '2022-11-28 05:56:37', '2022-11-28 05:56:37', NULL),
(110, 11, 'PRADUIT KUNDU', NULL, 'KANAK ENTERPRISE', 'kanak-enterprise', '9475872339', NULL, NULL, NULL, 'Gouhati More, CIRCUS MOIDAN.', 'HOOGLY', '712601', NULL, 23, 3, NULL, 'S', 'C', NULL, 109, '1', 'IP', '2022-11-28 06:18:51', '2022-11-28 06:18:51', NULL),
(111, 11, 'PARTHA NATH (OWNER)', NULL, 'ANNAPURNA PAPER HOUSE (ARAMBAG)', 'annapurna-paper-house-arambag', '9635808867', NULL, NULL, NULL, 'SINGH PARA, ARAMBAG', 'HOOGLY', '712601', NULL, 23, 2, NULL, 'M', 'B', NULL, 110, '1', 'IP', '2022-11-28 06:37:45', '2022-11-28 06:37:45', NULL),
(112, 11, 'TAPAN MONDOL', NULL, 'PUSPANJALI', 'puspanjali', '9474702599', NULL, NULL, NULL, 'PC SEN ROAD, WORD NO-3, NEAR ARAMBAG BOYS SCHOOL. ARAMBAG', 'HOOGLY', '712601', NULL, 23, 4, NULL, 'S', 'C', NULL, 111, '1', 'IP', '2022-11-28 06:50:27', '2022-11-28 06:50:27', NULL),
(113, 6, 'DEBOBRATO MUKHERJEE', NULL, 'MUKHERJEE STORES', 'mukherjee-stores', '9433841522', NULL, NULL, NULL, NULL, NULL, NULL, NULL, 10, 1, NULL, 'M', 'A', NULL, 112, '1', 'IP', '2022-12-01 12:11:03', '2022-12-01 12:11:03', NULL),
(114, 6, 'SAYAN RAHA', NULL, 'RAHA BOOK STALL', 'raha-book-stall', '9038969099', NULL, NULL, NULL, NULL, NULL, NULL, NULL, 10, 2, NULL, 'M', 'B', NULL, 113, '1', 'IP', '2022-12-01 12:12:24', '2022-12-01 12:12:24', NULL),
(115, 6, 'GURNUK SINGH', NULL, 'ANAND STORE', 'anand-store', '9836184008', NULL, NULL, NULL, NULL, NULL, NULL, NULL, 10, 3, NULL, 'S', 'C', NULL, 114, '1', 'IP', '2022-12-01 12:17:48', '2022-12-01 12:17:48', NULL),
(116, 6, 'SHISIR ROY', NULL, 'ROY ENTERPRISE', 'roy-enterprise', '9836530815', NULL, NULL, NULL, NULL, NULL, NULL, NULL, 10, 2, NULL, 'M', 'B', NULL, 115, '1', 'IP', '2022-12-01 12:21:34', '2022-12-01 12:21:34', NULL),
(117, 11, 'AJAY', NULL, 'APANJAN', 'apanjan', '9932868725', NULL, NULL, NULL, 'KATALPUR', NULL, NULL, NULL, 29, 3, NULL, 'S', 'B-', NULL, 116, '1', 'IP', '2022-12-01 12:22:02', '2022-12-01 12:22:02', NULL),
(118, 6, 'PRANAB BISWAS', NULL, 'RAJENDRA XEROX', 'rajendra-xerox', '8013218899', NULL, NULL, NULL, NULL, NULL, NULL, NULL, 10, 2, NULL, 'M', 'B', NULL, 117, '1', 'IP', '2022-12-01 12:23:10', '2022-12-01 12:23:10', NULL),
(119, 6, 'SANJOY SARKAR', NULL, 'SARKAR ENTERPRISE', 'sarkar-enterprise', '9874160892', NULL, NULL, NULL, NULL, NULL, NULL, NULL, 10, 1, NULL, 'L', 'A+', NULL, 118, '1', 'IP', '2022-12-01 12:24:51', '2022-12-01 12:24:51', NULL),
(120, 6, 'SURESH JAISWAL', NULL, 'JAISWAL', 'jaiswal', '9830366115', NULL, NULL, NULL, NULL, NULL, NULL, NULL, 10, 1, NULL, 'L', 'A', NULL, 119, '1', 'IP', '2022-12-01 12:30:24', '2022-12-01 12:30:24', NULL),
(121, 6, 'SHIBLAL SARKAR', NULL, 'SARAT STORES', 'sarat-stores', '9231879588', NULL, NULL, NULL, NULL, NULL, NULL, NULL, 10, 2, NULL, 'M', 'B', NULL, 120, '1', 'IP', '2022-12-01 12:33:37', '2022-12-01 12:33:37', NULL);

-- --------------------------------------------------------

--
-- Table structure for table `up_users`
--

CREATE TABLE `up_users` (
  `id` int(10) UNSIGNED NOT NULL,
  `job_title_1` varchar(255) COLLATE utf8mb4_unicode_ci DEFAULT NULL COMMENT 'Job title 1',
  `nickname` varchar(255) COLLATE utf8mb4_unicode_ci DEFAULT NULL,
  `title` varchar(255) COLLATE utf8mb4_unicode_ci DEFAULT NULL,
  `first_name` varchar(255) COLLATE utf8mb4_unicode_ci DEFAULT NULL,
  `last_name` varchar(255) COLLATE utf8mb4_unicode_ci DEFAULT NULL,
  `full_name` varchar(255) COLLATE utf8mb4_unicode_ci DEFAULT NULL COMMENT 'Name 1',
  `username` varchar(255) COLLATE utf8mb4_unicode_ci DEFAULT NULL,
  `email` varchar(255) COLLATE utf8mb4_unicode_ci DEFAULT NULL,
  `company` varchar(255) COLLATE utf8mb4_unicode_ci DEFAULT NULL COMMENT 'Company',
  `phone_no` varchar(255) COLLATE utf8mb4_unicode_ci DEFAULT NULL COMMENT 'Phone 1',
  `password` varchar(255) COLLATE utf8mb4_unicode_ci DEFAULT NULL,
  `profile_pic` varchar(255) COLLATE utf8mb4_unicode_ci DEFAULT NULL,
  `gender` enum('M','F') COLLATE utf8mb4_unicode_ci NOT NULL DEFAULT 'M' COMMENT 'M=>Male, F=>Female',
  `dob` datetime DEFAULT NULL COMMENT 'Date of birth',
  `distribution_area_id` int(11) DEFAULT NULL COMMENT 'Id from distribution_areas table',
  `role_id` int(11) DEFAULT NULL,
  `remember_token` varchar(255) COLLATE utf8mb4_unicode_ci DEFAULT NULL,
  `auth_token` varchar(255) COLLATE utf8mb4_unicode_ci DEFAULT NULL,
  `type` enum('SA','A','U','D','S') COLLATE utf8mb4_unicode_ci NOT NULL DEFAULT 'U' COMMENT 'SA=>Super Admin, A=>Sub Admin, U=>User, D=>Distributor, S=>Seller',
  `agree` enum('N','Y') COLLATE utf8mb4_unicode_ci NOT NULL DEFAULT 'Y' COMMENT 'N=>No, Y=>Yes',
  `status` enum('0','1') COLLATE utf8mb4_unicode_ci NOT NULL DEFAULT '1' COMMENT '0=>Inactive, 1=>Active',
  `lastlogintime` int(11) DEFAULT NULL,
  `sample_login_show` enum('N','Y') COLLATE utf8mb4_unicode_ci NOT NULL DEFAULT 'N' COMMENT 'Y=>Yes, N=>No',
  `created_at` timestamp NOT NULL DEFAULT CURRENT_TIMESTAMP,
  `updated_at` timestamp NULL DEFAULT NULL ON UPDATE CURRENT_TIMESTAMP,
  `deleted_at` timestamp NULL DEFAULT NULL
) ENGINE=InnoDB DEFAULT CHARSET=utf8mb4 COLLATE=utf8mb4_unicode_ci;

--
-- Dumping data for table `up_users`
--

INSERT INTO `up_users` (`id`, `job_title_1`, `nickname`, `title`, `first_name`, `last_name`, `full_name`, `username`, `email`, `company`, `phone_no`, `password`, `profile_pic`, `gender`, `dob`, `distribution_area_id`, `role_id`, `remember_token`, `auth_token`, `type`, `agree`, `status`, `lastlogintime`, `sample_login_show`, `created_at`, `updated_at`, `deleted_at`) VALUES
(1, NULL, NULL, NULL, 'John', 'Doe', 'John Doe', 'johndoe', 'admin@admin.com', NULL, '9876543210', '$2y$10$RFGYQLaP8sI212TKj0CY0uxRR2OENt.2PsiFKxQedSbUXSmPANeQq', '', 'M', NULL, NULL, 1, NULL, NULL, 'SA', 'Y', '1', 1676971236, 'Y', '2022-05-06 07:39:45', '2023-02-21 09:20:36', NULL),
(2, NULL, NULL, NULL, 'Biswajit', 'Sardar', 'Biswajit Sardar', 'biswajit', 'biswajit.sanmarg.1@gmail.com', NULL, '7908184378', '$2y$10$E2A9DOFqnq.iuvxjbhFaZuW6gmsAPAoA8l6QR7WZnHVt1DIBOSpDq', '', 'M', NULL, NULL, NULL, NULL, NULL, 'S', 'Y', '1', 1662098487, 'N', '2022-08-22 07:57:12', '2022-09-02 06:01:27', NULL),
(3, NULL, NULL, NULL, 'Raj', 'Misra', 'Raj Misra', 'RAJ', 'rajmisra2424@gmail.com', NULL, '7003387033', '$2y$10$xeA2lJyi7B/suKK1wZrWXO0OHYEb8bIcHuZ0zvYLG6e2jNsT6Jtsa', '', 'M', NULL, NULL, NULL, NULL, NULL, 'S', 'Y', '1', 1669896315, 'N', '2022-08-22 08:02:52', '2022-12-01 12:05:15', NULL),
(4, NULL, NULL, NULL, 'Rajveer', 'Singh', 'Rajveer Singh', 'Rajveersingh', 'rajveer@gmail.com', NULL, '7278884252', '$2y$10$te6KsiAHbJtLcQ/2u1oTQekgGzKRx7bGhir/ULGOkCUhrS6sAak3m', '', 'M', NULL, NULL, NULL, NULL, NULL, 'S', 'Y', '1', 1671177492, 'N', '2022-08-22 08:05:31', '2022-12-16 07:58:12', NULL),
(5, NULL, NULL, NULL, 'Sebak', 'Roy', 'Sebak Roy', 'sebak', 'sebakroy263@gmail.com', NULL, '8918991242', '$2y$10$P1iui/OfCRdMEppV3ItsruxLaL4R9qPhYy8dtZ26lRCewWq0kAYHq', 'distributor_1661429684.jpg', 'M', NULL, NULL, NULL, NULL, NULL, 'S', 'Y', '1', 1669896355, 'N', '2022-08-22 08:12:38', '2022-12-01 12:05:55', NULL),
(6, NULL, NULL, NULL, 'Uttam', 'Sinha', 'Uttam Sinha Roy', 'uttam', 'uttamsinharay86@gmail.com', NULL, '8509951339', '$2y$10$757PSHMbS6xXvFGVzPYChuneAxKMIWHCPGjVHIpvPhD6R9cT5qryO', '', 'M', NULL, NULL, NULL, NULL, NULL, 'S', 'Y', '1', 1671174381, 'N', '2022-08-22 08:14:42', '2022-12-16 07:06:21', NULL),
(7, 'Owner', NULL, NULL, 'Dipankar', 'Saha', 'Dipankar Saha', 'dipankar', 'dipankar@gmail.com', 'Deep Enterprise', NULL, '$2y$10$3zWg9ux9r.adKD.bjafcCumH9b1C2.7n3BPemJtZNwmKuzcdQ8/Be', '', 'M', NULL, 1, NULL, NULL, NULL, 'D', 'Y', '1', 1661161508, 'N', '2022-08-22 09:38:37', '2022-08-25 11:05:27', '2022-08-25 11:05:27'),
(8, 'Owner', NULL, NULL, 'Raju', 'Roy', 'Raju Roy', 'raju', 'raju@gmail.com', 'R D Traders', '9433312992', '$2y$10$I6OswHzW26b8AqE7pgonzuryTqI1J6b3V.B5Z0/jxNyxd/peDuihG', 'distributor_1661424975.jpg', 'M', NULL, 6, NULL, NULL, NULL, 'D', 'Y', '1', 1665573365, 'N', '2022-08-25 10:56:15', '2022-10-12 11:16:05', NULL),
(9, 'Owner', NULL, NULL, 'Gobindo', 'Day', 'Gobindo Day', 'gobindo', 'gobindoday68@gmail.com', 'Day Enterprise', '9831144092', '$2y$10$Km36OLc4kzjsH7giwWufDOwcYG0OVd1/L6prO3CWEUIZZwyHYvXYW', 'distributor_1661426486.jpg', 'M', NULL, 9, NULL, NULL, NULL, 'D', 'Y', '1', NULL, 'N', '2022-08-25 10:59:14', '2022-08-25 11:21:26', NULL),
(10, 'Owner', NULL, NULL, 'Sopon', 'badro', 'Sopon badro', 'Soponbodro', 'Sopon@gmail.com', 'Sayan Enterprise', '8017973160', '$2y$10$j1DSnXoR/5.91gz1knqyL.L/Jr7l5RRqNuoijw3f6xVWtd45ghSBu', '', 'M', NULL, 8, NULL, NULL, NULL, 'D', 'Y', '1', NULL, 'N', '2022-08-25 10:59:23', '2022-08-25 11:02:09', NULL),
(11, 'Owner', NULL, NULL, 'SK', 'Abbash', 'SK Abbash Ahmed', 'skabbashahamed', 'skabbshahamed@gmail.com', 'M/S Anika Enterprise', '9933819061', '$2y$10$.2mAuBDrz4kQpIF6O8uJS.9cV1jtg3LeQCqG8otS.hlqiBx7u.Ena', '', 'M', NULL, 11, NULL, NULL, NULL, 'D', 'Y', '1', NULL, 'N', '2022-08-25 11:00:01', '2022-08-25 11:00:01', NULL),
(12, 'Owner', NULL, NULL, 'Samaddar', 'Supplyer', 'Samaddar Supplyer', 'indrajit', 'indrajit1234@gmail.com', 'Samaddar Supplyer', '9831105032', '$2y$10$k6n0I91H0HJrZtoIXASJv.EfLmlkSDzCNqvtkmFjm5sTXxQCSZc9q', '', 'M', NULL, 10, NULL, NULL, NULL, 'D', 'Y', '1', NULL, 'N', '2022-08-25 11:02:38', '2022-08-25 11:04:31', NULL),
(13, 'Owner', NULL, NULL, 'Dipankar', 'Saha', 'Dipankar Saha', 'dipankar', 'dipankar_saha@yahoo.com', 'Dip Enterprise', '9002287481', '$2y$10$mUaDi9z67iOAoxOulxN0yuFZC5N0S3lUYuexbRvD9wJrbbCu/JJMO', 'distributor_1661425824.jpg', 'M', NULL, 1, NULL, NULL, NULL, 'D', 'Y', '1', NULL, 'N', '2022-08-25 11:10:24', '2022-08-27 04:17:29', NULL),
(14, 'Owner', NULL, NULL, 'Abhijit', 'Guai', 'Abhijit Guai', 'abhijit', 'abhijitguai@gmail.com', 'Traders Choice', '9903315503', '$2y$10$3MAixfMyrl02XKx334duxeRzjF6D6/bZ8l4.Nc9ju.1.lGI5Smbpq', '', 'M', NULL, 20, NULL, NULL, NULL, 'D', 'Y', '1', NULL, 'N', '2022-08-25 11:12:19', '2022-08-25 11:57:58', NULL),
(15, 'Owner', NULL, NULL, 'Rohon', 'Dhar', 'Rohon Dhar', 'Rohon', 'Rohon@22gmail.com', 'Sayan Enterprise', '8777271379', '$2y$10$kDilqBx0zbZt4acsi1DN9.oL09sizyk22.zEne9X8ZfZexFx.Upxm', '', 'M', NULL, 7, NULL, NULL, NULL, 'D', 'Y', '1', NULL, 'N', '2022-08-25 11:17:42', '2022-08-25 11:19:36', NULL),
(16, 'Owner', NULL, NULL, 'Ravindranath', 'Bhanga', 'Ravindranath Bhanga', 'Jatindranathbhanga', 'Jatindranath@gmail.com', 'Jatindranath Enterprise', '9800358503', '$2y$10$NTlAnMtIy4unhRMPLNyF1.mpVRIqAfrGtnvD66gQASIJwV593EwZq', '', 'M', NULL, 13, NULL, NULL, NULL, 'D', 'Y', '1', NULL, 'N', '2022-08-25 11:18:52', '2022-08-25 11:19:46', NULL),
(17, 'Owner', NULL, NULL, 'Nirmalo', 'Mujumdhar', 'Nirmalo Mujumdhar', 'Nirmalo', 'Nirmalo@22gmail.com', 'Nobokumar Enterprise', '9830453780', '$2y$10$X5E3R0eWeGWnQfOJzV7RQOKShJA9P2VEHH6Lrhgdrug/pOLXkMO2.', '', 'M', NULL, 14, NULL, NULL, NULL, 'D', 'Y', '1', NULL, 'N', '2022-08-25 11:31:17', '2022-08-27 08:31:56', NULL),
(18, 'Owner', NULL, NULL, 'Arun', 'Dey', 'Arun Dey', 'sumankallyandey', 'sumankallyan@gmail.com', 'Arun Enterprise', '7059250670', '$2y$10$778Uxz85HubQEDeq4bYN7ezsVhvee.oIV747KLQar7o7K5Mi0ENt.', '', 'M', NULL, 15, NULL, NULL, NULL, 'D', 'Y', '1', NULL, 'N', '2022-08-25 11:45:40', '2022-08-25 11:45:40', NULL),
(19, 'Owner', NULL, NULL, 'Ashim', 'pal', 'Ashim pal', 'ashim', 'ashim123@gamil.com', 'A.K Enterprise', '9836358294', '$2y$10$Ou2t370TA3/ZL3QB7wCn1uiWRE9vqwLLa0Pebiwb99LWHZ65H5g7C', '', 'M', NULL, 12, NULL, NULL, NULL, 'D', 'Y', '1', NULL, 'N', '2022-08-25 11:52:57', '2022-08-25 11:55:27', NULL),
(20, 'Owner', NULL, NULL, 'Bimal', 'bonik', 'Bimal bonik', 'Bimal', 'Bimal@22gmail.com', 'Asmita Traders', '9831472754', '$2y$10$ZAORGWKAMYOPKhb2mrz9YeUPYc6tHgrqOu8Wz7hXccqCgeWUdcShS', '', 'M', NULL, 16, NULL, NULL, NULL, 'D', 'Y', '1', NULL, 'N', '2022-08-25 11:54:28', '2022-08-25 11:54:28', NULL),
(21, 'Owner', NULL, NULL, 'Inderjeet', 'Sel', 'Inderjeet Sel', 'Inderjeet', 'Inderjeet46@gmail.com', 'Shree Ganesh Udyog', '9836211342', '$2y$10$ijZ5VNta26Og23.t5eTLqu18y759EYH4KDWuRdKaq82Y.z0OqMmm.', '', 'M', NULL, 18, NULL, NULL, NULL, 'D', 'Y', '1', NULL, 'N', '2022-08-25 12:02:03', '2022-08-25 12:02:03', NULL),
(22, 'Owner', NULL, NULL, 'Goutam', 'saha', 'Goutam saha', 'Goutam', 'Gautam@gmail.com', 'Saha Traders', '9331901703', '$2y$10$UQI4CrFke5qiNbEct9RiEOGr60hONYCWKci00F10huqxjXe3FzmK.', '', 'M', NULL, 19, NULL, NULL, NULL, 'D', 'Y', '1', NULL, 'N', '2022-08-25 12:03:16', '2022-08-25 12:03:16', NULL),
(23, 'Owner', NULL, NULL, 'Deepnarayan', 'Pal', 'Deepnarayan Pal', 'Deepnarayanpal', 'deepnarayanpal@gmail.com', 'Deepnarayan Enterprise', '9830265774', '$2y$10$odGpLZMlRyFmc0ow8ajH.ObqE5RiMX6SqfJSdojwsbiRD.leBjnLe', '', 'M', NULL, 17, NULL, NULL, NULL, 'D', 'Y', '1', NULL, 'N', '2022-08-25 12:06:57', '2022-08-25 12:06:57', NULL),
(24, 'Owner', NULL, NULL, 'Partha', 'Chopra', 'Partha Chopra', 'Partha', 'partha@22gmail.com', 'Chopra Enterprise', '7003387033', '$2y$10$83wSjQDy9BBd/pSqiqnQC.KHgAaksKXnrvAJPh72RzVCSkzEpfaaC', '', 'M', NULL, 23, NULL, NULL, NULL, 'D', 'Y', '1', NULL, 'N', '2022-08-27 06:59:28', '2022-08-27 07:06:44', NULL),
(25, 'Owner', NULL, NULL, 'Sarad', 'Agarwal', 'Sarad Agarwal', 'Sarad', 'behalapaperhouse@gamil.com', 'Behala Paper House', '9836131009', '$2y$10$o8WIsTBQAOVsHCG.n7/o1uhj8MBrP0McPa1PJ9EAkU83b2GQMIHsW', '', 'M', NULL, 24, NULL, NULL, NULL, 'D', 'Y', '1', NULL, 'N', '2022-08-27 08:30:01', '2022-08-27 08:30:01', NULL),
(26, NULL, NULL, NULL, 'Sanjay', NULL, 'Sanjay', 'sanjay', 'sanjay@yopmail.com', NULL, '9876543210', '$2y$10$4FjQHMU9j3wB1nwnU/MI7e8YOL/DQ6Fg1r6SyNVHbw4zT.9UwLZ6.', '', 'M', NULL, NULL, NULL, NULL, NULL, 'S', 'Y', '1', 1665574712, 'N', '2022-09-23 05:02:49', '2022-10-12 11:38:32', NULL),
(27, 'Owner', NULL, NULL, 'Shyam', 'Roy', 'Shyam Roy', 'shyamroy', 'shyamroy@yopmail.com', 'S R Traders', NULL, '$2y$10$FaMQzldl7.eiKsZ0YtFKru3aagBtaKT7RzYE7wiSqlIHR8FRZbmKC', '', 'M', NULL, 6, NULL, NULL, NULL, 'D', 'Y', '1', NULL, 'N', '2022-10-11 12:41:55', '2022-10-11 12:41:55', NULL),
(28, NULL, NULL, NULL, 'Riju', 'Roy', 'Riju Roy', 'rijuroy', 'rijuroy@yopmail.com', NULL, NULL, '$2y$10$UEw416TfoH7gtkwYdAMd8.HebOGMLh1K8mroGZ5h6xdEEuu9/Jewq', '', 'M', NULL, NULL, NULL, NULL, NULL, 'S', 'Y', '1', 1665492277, 'N', '2022-10-11 12:44:04', '2022-10-11 12:44:37', NULL),
(29, 'OWNER', NULL, NULL, 'ASHIM', 'PAUL(DHARSA)', 'ASHIM PAUL(DHARSA)', 'Ashimpaul', 'ashim@gmail.com', 'SHREE MA AGENCY', '9836558294', '$2y$10$nm7fGftJeBJSry0FmFKFkucc1jGcQ/dadouWHvLDndckPx2DiI6yO', '', 'M', NULL, 25, NULL, NULL, NULL, 'D', 'Y', '1', NULL, 'N', '2022-11-26 06:39:28', '2022-11-26 06:39:28', NULL);

-- --------------------------------------------------------

--
-- Table structure for table `up_user_details`
--

CREATE TABLE `up_user_details` (
  `id` int(10) UNSIGNED NOT NULL,
  `user_id` int(11) DEFAULT NULL COMMENT 'Id from users table',
  `job_title_2` varchar(255) COLLATE utf8mb4_unicode_ci DEFAULT NULL COMMENT 'Job title 2',
  `full_name_2` varchar(255) COLLATE utf8mb4_unicode_ci DEFAULT NULL COMMENT 'Full name 2',
  `phone_no_2` varchar(255) COLLATE utf8mb4_unicode_ci DEFAULT NULL COMMENT 'Phone 2',
  `whatsapp_no` varchar(255) COLLATE utf8mb4_unicode_ci DEFAULT NULL COMMENT 'Whats App',
  `street` text COLLATE utf8mb4_unicode_ci,
  `city` varchar(255) COLLATE utf8mb4_unicode_ci DEFAULT NULL COMMENT 'City',
  `district_region` varchar(255) COLLATE utf8mb4_unicode_ci DEFAULT NULL COMMENT 'District/Region',
  `state_province` varchar(255) COLLATE utf8mb4_unicode_ci DEFAULT NULL COMMENT 'State/Province',
  `zip` varchar(255) COLLATE utf8mb4_unicode_ci DEFAULT NULL COMMENT 'Zip',
  `notes` text COLLATE utf8mb4_unicode_ci
) ENGINE=InnoDB DEFAULT CHARSET=utf8mb4 COLLATE=utf8mb4_unicode_ci;

--
-- Dumping data for table `up_user_details`
--

INSERT INTO `up_user_details` (`id`, `user_id`, `job_title_2`, `full_name_2`, `phone_no_2`, `whatsapp_no`, `street`, `city`, `district_region`, `state_province`, `zip`, `notes`) VALUES
(1, 2, NULL, NULL, NULL, '7908184378', 'Haldarpara', 'Baruipur', 'South 24 pargana', 'West Bengal', '743330', NULL),
(2, 3, NULL, NULL, NULL, '9038556969', 'Ichhapur', 'Barrckpore', 'North 24 parganas', 'West Bengal', '743144', NULL),
(3, 4, NULL, NULL, NULL, '7278884252', 'Northern Park', 'Kolkata', 'North 24 Pargana', 'West Bengal', '700108', NULL),
(4, 5, NULL, NULL, NULL, '8013794768', 'ARYANAGAR', 'GUPTIPARA', 'HOOGHLY', 'WEST BENGAL', '712512', NULL),
(5, 6, NULL, NULL, NULL, '8509951339', 'Amarpur Road, Baikunthapur', 'Tarakeshwar', 'Hooghly', 'West Bengal', '712414', NULL),
(6, 7, NULL, NULL, NULL, NULL, NULL, NULL, NULL, NULL, NULL, NULL),
(7, 8, NULL, NULL, NULL, '9433312992', 'Beside ambika athletic club, passing by jotir more', 'MANKUNDU', 'HOOGHLY', 'WEST BENGAL', '712139', 'Password: Rajuroy@22'),
(8, 9, NULL, NULL, NULL, '9831144092', 'Banarjee Para', 'North Kolkata', 'North 24 Pargana', 'West Bengal', '700035', 'Gobindo@22'),
(9, 10, NULL, NULL, NULL, 'Do', 'Sajirhat\'apc collage', 'Sodpur', 'North 24 parganas', 'West Bengal', NULL, 'Sopon@22'),
(10, 11, NULL, NULL, '8918638104', '7797514345', NULL, 'Arambagh', 'Hooghly', 'West Bengal', NULL, 'Abbash@22'),
(11, 12, NULL, NULL, '9007337239', '9088347061', 'Rathtalla', 'Rajpur', 'South 24 pargana', 'West Bengal', '700143', 'Indrajit@22'),
(12, 13, NULL, NULL, NULL, '9002287481', 'DATANKATHI', 'AMBIKA KALNA', 'PURBA BURDWAN', 'WEST BENGAL', '713409', 'Password: Dipankar@22'),
(13, 14, NULL, NULL, '9903045503', '9903045503', 'Jhulantalla', 'North Kolkata', 'North 24 Pargana', 'West Bengal', '700035', 'Abhijit@22'),
(14, 15, NULL, NULL, 'Do', NULL, 'Hathkhola', 'Barast', 'North 24 parganas', NULL, NULL, 'Rohon@22'),
(15, 16, NULL, NULL, NULL, '9800358503', NULL, 'Ramnagar', 'Midanapur', 'West Bengal', NULL, 'Jatindranath@22'),
(16, 17, NULL, NULL, 'Do', 'Do', 'Kachrapara', 'Barrckpore', NULL, NULL, NULL, 'Nirmalo@22'),
(17, 18, NULL, 'Sumankallyan Dey', NULL, '7059250670', NULL, NULL, 'Hooghly', 'West Bengal', NULL, 'Sumankallyan@22'),
(18, 19, 'partner', 'Achinta pal', '9836033973', '98363582940', 'Dharsa', 'Howrah', 'Howrah', 'West Bengal', '711104', 'Ashim@22'),
(19, 20, NULL, NULL, 'Do', 'Do', 'Barrckpore', 'Barrckpore', 'North 24 parganas', 'West Bengal', NULL, 'Bimal@22'),
(20, 21, NULL, NULL, NULL, '9836211342', 'Darshan Dron', 'Rajarhat', 'North 24 Pargana', 'West Bengal', '700135', 'Inderjeet@22'),
(21, 22, NULL, NULL, NULL, 'Do', 'Sodpur', NULL, NULL, NULL, NULL, 'Gautam@22'),
(22, 23, NULL, 'Shankar Pal', NULL, '9830265774', NULL, 'Srirampur', 'Hooghly', 'West Bengal', NULL, 'Deepnarayan@22'),
(23, 24, NULL, 'Yash Chopra', NULL, '9038556969', 'Nagerbazar', 'Dumdum', 'Kolkata', 'West Bengal', '712103', 'Parthachopra@22'),
(24, 25, NULL, NULL, NULL, '9836131009', NULL, 'Kolkata', NULL, 'West Bengal', '700034', 'Sarad@22'),
(25, 26, NULL, NULL, NULL, '9876543210', NULL, NULL, NULL, NULL, NULL, NULL),
(26, 27, NULL, NULL, NULL, NULL, NULL, NULL, 'Hoogly', 'West bengal', '712139', 'Shyamroy@123'),
(27, 28, NULL, NULL, NULL, NULL, NULL, NULL, NULL, NULL, NULL, NULL),
(28, 29, NULL, NULL, NULL, NULL, 'DHARSA SETH PARA', 'HOWRAH', 'HOWRAH', 'W.B', '711112', 'Ashim@2022');

-- --------------------------------------------------------

--
-- Table structure for table `up_user_distribution_areas`
--

CREATE TABLE `up_user_distribution_areas` (
  `user_id` int(11) NOT NULL,
  `distribution_area_id` int(11) NOT NULL
) ENGINE=InnoDB DEFAULT CHARSET=utf8mb4 COLLATE=utf8mb4_unicode_ci;

--
-- Dumping data for table `up_user_distribution_areas`
--

INSERT INTO `up_user_distribution_areas` (`user_id`, `distribution_area_id`) VALUES
(5, 1),
(5, 6),
(6, 11),
(6, 13),
(6, 17),
(3, 7),
(3, 16),
(3, 23),
(3, 14),
(3, 1),
(3, 8),
(2, 24),
(2, 12),
(2, 10),
(2, 21),
(26, 11),
(26, 2),
(26, 9),
(26, 20),
(26, 7),
(26, 16),
(26, 24),
(26, 19),
(26, 23),
(26, 12),
(26, 14),
(26, 1),
(26, 6),
(26, 18),
(26, 15),
(26, 10),
(26, 13),
(26, 21),
(26, 8),
(26, 17),
(28, 11),
(28, 2),
(28, 9),
(28, 20),
(28, 7),
(28, 16),
(28, 24),
(28, 19),
(28, 23),
(28, 12),
(28, 14),
(28, 1),
(28, 6),
(28, 18),
(28, 15),
(28, 10),
(28, 13),
(28, 21),
(28, 8),
(28, 17),
(4, 11),
(4, 9),
(4, 20),
(4, 7),
(4, 18);

-- --------------------------------------------------------

--
-- Table structure for table `up_user_roles`
--

CREATE TABLE `up_user_roles` (
  `user_id` int(11) NOT NULL,
  `role_id` int(11) NOT NULL
) ENGINE=InnoDB DEFAULT CHARSET=utf8mb4 COLLATE=utf8mb4_unicode_ci;

--
-- Dumping data for table `up_user_roles`
--

INSERT INTO `up_user_roles` (`user_id`, `role_id`) VALUES
(2, 3),
(3, 3),
(4, 3),
(5, 3),
(6, 3),
(7, 2),
(8, 2),
(9, 2),
(10, 2),
(11, 2),
(12, 2),
(13, 2),
(14, 2),
(15, 2),
(16, 2),
(17, 2),
(18, 2),
(19, 2),
(20, 2),
(21, 2),
(22, 2),
(23, 2),
(24, 2),
(25, 2),
(26, 3),
(27, 2),
(28, 3),
(29, 2);

-- --------------------------------------------------------

--
-- Table structure for table `up_website_settings`
--

CREATE TABLE `up_website_settings` (
  `id` int(10) UNSIGNED NOT NULL,
  `from_email` varchar(255) COLLATE utf8mb4_unicode_ci DEFAULT NULL,
  `to_email` varchar(255) COLLATE utf8mb4_unicode_ci DEFAULT NULL,
  `website_title` varchar(255) COLLATE utf8mb4_unicode_ci DEFAULT NULL,
  `phone_no` varchar(255) COLLATE utf8mb4_unicode_ci DEFAULT NULL,
  `fax` varchar(255) COLLATE utf8mb4_unicode_ci DEFAULT NULL,
  `facebook_link` varchar(255) COLLATE utf8mb4_unicode_ci DEFAULT NULL,
  `twitter_link` varchar(255) COLLATE utf8mb4_unicode_ci DEFAULT NULL,
  `instagram_link` varchar(255) COLLATE utf8mb4_unicode_ci DEFAULT NULL,
  `linkedin_link` varchar(255) COLLATE utf8mb4_unicode_ci DEFAULT NULL,
  `pinterest_link` varchar(255) COLLATE utf8mb4_unicode_ci DEFAULT NULL,
  `googleplus_link` varchar(255) COLLATE utf8mb4_unicode_ci DEFAULT NULL,
  `youtube_link` varchar(255) COLLATE utf8mb4_unicode_ci DEFAULT NULL,
  `rss_link` varchar(255) COLLATE utf8mb4_unicode_ci DEFAULT NULL,
  `dribble_link` varchar(255) COLLATE utf8mb4_unicode_ci DEFAULT NULL,
  `tumblr_link` varchar(255) COLLATE utf8mb4_unicode_ci DEFAULT NULL,
  `default_meta_title` text COLLATE utf8mb4_unicode_ci,
  `default_meta_keywords` text COLLATE utf8mb4_unicode_ci,
  `default_meta_description` text COLLATE utf8mb4_unicode_ci,
  `address` text COLLATE utf8mb4_unicode_ci,
  `map` text COLLATE utf8mb4_unicode_ci,
  `footer_address` text COLLATE utf8mb4_unicode_ci,
  `copyright_text` text COLLATE utf8mb4_unicode_ci,
  `tag_line` text COLLATE utf8mb4_unicode_ci,
  `logo` varchar(255) COLLATE utf8mb4_unicode_ci DEFAULT NULL,
  `logo_title` varchar(255) COLLATE utf8mb4_unicode_ci DEFAULT NULL,
  `logo_alt` varchar(255) COLLATE utf8mb4_unicode_ci DEFAULT NULL,
  `footer_logo` varchar(255) COLLATE utf8mb4_unicode_ci DEFAULT NULL,
  `footer_logo_title` varchar(255) COLLATE utf8mb4_unicode_ci DEFAULT NULL,
  `footer_logo_alt` varchar(255) COLLATE utf8mb4_unicode_ci DEFAULT NULL
) ENGINE=InnoDB DEFAULT CHARSET=utf8mb4 COLLATE=utf8mb4_unicode_ci;

--
-- Dumping data for table `up_website_settings`
--

INSERT INTO `up_website_settings` (`id`, `from_email`, `to_email`, `website_title`, `phone_no`, `fax`, `facebook_link`, `twitter_link`, `instagram_link`, `linkedin_link`, `pinterest_link`, `googleplus_link`, `youtube_link`, `rss_link`, `dribble_link`, `tumblr_link`, `default_meta_title`, `default_meta_keywords`, `default_meta_description`, `address`, `map`, `footer_address`, `copyright_text`, `tag_line`, `logo`, `logo_title`, `logo_alt`, `footer_logo`, `footer_logo_title`, `footer_logo_alt`) VALUES
(1, 'admin@admin.com', 'admin@admin.com', 'Pioneer Analysis Software', '9876543210', NULL, NULL, NULL, NULL, NULL, NULL, NULL, NULL, NULL, NULL, NULL, NULL, NULL, NULL, NULL, NULL, NULL, NULL, NULL, NULL, NULL, NULL, NULL, NULL, NULL);

--
-- Indexes for dumped tables
--

--
-- Indexes for table `up_analyses`
--
ALTER TABLE `up_analyses`
  ADD PRIMARY KEY (`id`);

--
-- Indexes for table `up_analyses_details`
--
ALTER TABLE `up_analyses_details`
  ADD PRIMARY KEY (`id`);

--
-- Indexes for table `up_analysis_seasons`
--
ALTER TABLE `up_analysis_seasons`
  ADD PRIMARY KEY (`id`);

--
-- Indexes for table `up_area_analyses`
--
ALTER TABLE `up_area_analyses`
  ADD PRIMARY KEY (`id`);

--
-- Indexes for table `up_area_analysis_details`
--
ALTER TABLE `up_area_analysis_details`
  ADD PRIMARY KEY (`id`);

--
-- Indexes for table `up_beats`
--
ALTER TABLE `up_beats`
  ADD PRIMARY KEY (`id`);

--
-- Indexes for table `up_categories`
--
ALTER TABLE `up_categories`
  ADD PRIMARY KEY (`id`);

--
-- Indexes for table `up_distribution_areas`
--
ALTER TABLE `up_distribution_areas`
  ADD PRIMARY KEY (`id`);

--
-- Indexes for table `up_grades`
--
ALTER TABLE `up_grades`
  ADD PRIMARY KEY (`id`);

--
-- Indexes for table `up_migrations`
--
ALTER TABLE `up_migrations`
  ADD PRIMARY KEY (`id`);

--
-- Indexes for table `up_orders`
--
ALTER TABLE `up_orders`
  ADD PRIMARY KEY (`id`);

--
-- Indexes for table `up_products`
--
ALTER TABLE `up_products`
  ADD PRIMARY KEY (`id`);

--
-- Indexes for table `up_roles`
--
ALTER TABLE `up_roles`
  ADD PRIMARY KEY (`id`);

--
-- Indexes for table `up_role_pages`
--
ALTER TABLE `up_role_pages`
  ADD PRIMARY KEY (`id`);

--
-- Indexes for table `up_seasons`
--
ALTER TABLE `up_seasons`
  ADD PRIMARY KEY (`id`);

--
-- Indexes for table `up_single_step_orders`
--
ALTER TABLE `up_single_step_orders`
  ADD PRIMARY KEY (`id`);

--
-- Indexes for table `up_single_step_order_details`
--
ALTER TABLE `up_single_step_order_details`
  ADD PRIMARY KEY (`id`);

--
-- Indexes for table `up_stores`
--
ALTER TABLE `up_stores`
  ADD PRIMARY KEY (`id`);

--
-- Indexes for table `up_users`
--
ALTER TABLE `up_users`
  ADD PRIMARY KEY (`id`);

--
-- Indexes for table `up_user_details`
--
ALTER TABLE `up_user_details`
  ADD PRIMARY KEY (`id`);

--
-- Indexes for table `up_website_settings`
--
ALTER TABLE `up_website_settings`
  ADD PRIMARY KEY (`id`);

--
-- AUTO_INCREMENT for dumped tables
--

--
-- AUTO_INCREMENT for table `up_analyses`
--
ALTER TABLE `up_analyses`
  MODIFY `id` int(10) UNSIGNED NOT NULL AUTO_INCREMENT, AUTO_INCREMENT=76;

--
-- AUTO_INCREMENT for table `up_analyses_details`
--
ALTER TABLE `up_analyses_details`
  MODIFY `id` int(10) UNSIGNED NOT NULL AUTO_INCREMENT, AUTO_INCREMENT=5494;

--
-- AUTO_INCREMENT for table `up_analysis_seasons`
--
ALTER TABLE `up_analysis_seasons`
  MODIFY `id` int(10) UNSIGNED NOT NULL AUTO_INCREMENT, AUTO_INCREMENT=3;

--
-- AUTO_INCREMENT for table `up_area_analyses`
--
ALTER TABLE `up_area_analyses`
  MODIFY `id` int(10) UNSIGNED NOT NULL AUTO_INCREMENT;

--
-- AUTO_INCREMENT for table `up_area_analysis_details`
--
ALTER TABLE `up_area_analysis_details`
  MODIFY `id` int(10) UNSIGNED NOT NULL AUTO_INCREMENT;

--
-- AUTO_INCREMENT for table `up_beats`
--
ALTER TABLE `up_beats`
  MODIFY `id` int(10) UNSIGNED NOT NULL AUTO_INCREMENT, AUTO_INCREMENT=55;

--
-- AUTO_INCREMENT for table `up_categories`
--
ALTER TABLE `up_categories`
  MODIFY `id` int(10) UNSIGNED NOT NULL AUTO_INCREMENT, AUTO_INCREMENT=20;

--
-- AUTO_INCREMENT for table `up_distribution_areas`
--
ALTER TABLE `up_distribution_areas`
  MODIFY `id` int(10) UNSIGNED NOT NULL AUTO_INCREMENT, AUTO_INCREMENT=26;

--
-- AUTO_INCREMENT for table `up_grades`
--
ALTER TABLE `up_grades`
  MODIFY `id` int(10) UNSIGNED NOT NULL AUTO_INCREMENT, AUTO_INCREMENT=5;

--
-- AUTO_INCREMENT for table `up_migrations`
--
ALTER TABLE `up_migrations`
  MODIFY `id` int(10) UNSIGNED NOT NULL AUTO_INCREMENT, AUTO_INCREMENT=24;

--
-- AUTO_INCREMENT for table `up_orders`
--
ALTER TABLE `up_orders`
  MODIFY `id` int(10) UNSIGNED NOT NULL AUTO_INCREMENT, AUTO_INCREMENT=2;

--
-- AUTO_INCREMENT for table `up_products`
--
ALTER TABLE `up_products`
  MODIFY `id` int(10) UNSIGNED NOT NULL AUTO_INCREMENT, AUTO_INCREMENT=81;

--
-- AUTO_INCREMENT for table `up_roles`
--
ALTER TABLE `up_roles`
  MODIFY `id` int(10) UNSIGNED NOT NULL AUTO_INCREMENT, AUTO_INCREMENT=4;

--
-- AUTO_INCREMENT for table `up_role_pages`
--
ALTER TABLE `up_role_pages`
  MODIFY `id` int(10) UNSIGNED NOT NULL AUTO_INCREMENT, AUTO_INCREMENT=86;

--
-- AUTO_INCREMENT for table `up_seasons`
--
ALTER TABLE `up_seasons`
  MODIFY `id` int(10) UNSIGNED NOT NULL AUTO_INCREMENT, AUTO_INCREMENT=4;

--
-- AUTO_INCREMENT for table `up_single_step_orders`
--
ALTER TABLE `up_single_step_orders`
  MODIFY `id` bigint(20) UNSIGNED NOT NULL AUTO_INCREMENT, AUTO_INCREMENT=45;

--
-- AUTO_INCREMENT for table `up_single_step_order_details`
--
ALTER TABLE `up_single_step_order_details`
  MODIFY `id` bigint(20) UNSIGNED NOT NULL AUTO_INCREMENT, AUTO_INCREMENT=95;

--
-- AUTO_INCREMENT for table `up_stores`
--
ALTER TABLE `up_stores`
  MODIFY `id` int(10) UNSIGNED NOT NULL AUTO_INCREMENT, AUTO_INCREMENT=122;

--
-- AUTO_INCREMENT for table `up_users`
--
ALTER TABLE `up_users`
  MODIFY `id` int(10) UNSIGNED NOT NULL AUTO_INCREMENT, AUTO_INCREMENT=30;

--
-- AUTO_INCREMENT for table `up_user_details`
--
ALTER TABLE `up_user_details`
  MODIFY `id` int(10) UNSIGNED NOT NULL AUTO_INCREMENT, AUTO_INCREMENT=29;

--
-- AUTO_INCREMENT for table `up_website_settings`
--
ALTER TABLE `up_website_settings`
  MODIFY `id` int(10) UNSIGNED NOT NULL AUTO_INCREMENT, AUTO_INCREMENT=2;
COMMIT;

/*!40101 SET CHARACTER_SET_CLIENT=@OLD_CHARACTER_SET_CLIENT */;
/*!40101 SET CHARACTER_SET_RESULTS=@OLD_CHARACTER_SET_RESULTS */;
/*!40101 SET COLLATION_CONNECTION=@OLD_COLLATION_CONNECTION */;
